{
"type": "FeatureCollection",
"name": "ifaw_collared_elephant_movement",
"crs": { "type": "name", "properties": { "name": "urn:ogc:def:crs:OGC:1.3:CRS84" } },
"features": [
{ "type": "Feature", "properties": { "begin": 828.0, "end": 57279.0, "layer": "7943_path", "path": "C:\\DATA\\GIS\\Arnold\\ELE\\7943_path.shp" }, "geometry": { "type": "MultiPolygon", "coordinates": [ [ [ [ 27.0324943054, -19.324605025899999 ], [ 27.0326699785, -19.3249856509 ], [ 27.0331772135, -19.326766461199998 ], [ 27.033117306200001, -19.328617132400002 ], [ 27.032495962199999, -19.33036141 ], [ 27.031372357, -19.3318331722 ], [ 27.0298535007, -19.332892251200001 ], [ 27.0280840464, -19.333437782299999 ], [ 27.027177848800001, -19.3334280073 ], [ 27.025097848400002, -19.334068007399999 ], [ 27.023493875, -19.334331185100002 ], [ 27.0218781196, -19.334154188300001 ], [ 27.017433675100001, -19.333043077199999 ], [ 27.0171758868, -19.3329333163 ], [ 27.017058809600002, -19.333080334400002 ], [ 27.015363247900002, -19.334149572600001 ], [ 27.012029914500001, -19.335538461500001 ], [ 27.010197331, -19.335981159700001 ], [ 27.008317839, -19.335833327300001 ], [ 27.0065770044, -19.335109560100001 ], [ 27.005146702699999, -19.333881316900001 ], [ 27.004768335200001, -19.3332582321 ], [ 27.002944444400001, -19.335811679199999 ], [ 27.002944444400001, -19.336666666700001 ], [ 27.002726734, -19.3382682682 ], [ 27.002089402, -19.339753641200002 ], [ 27.001256068699998, -19.341142530100001 ], [ 26.999916053700002, -19.3426947809 ], [ 26.998131587300001, -19.3437051286 ], [ 26.996111111099999, -19.344055555600001 ], [ 26.995277777799998, -19.344055555600001 ], [ 26.9933804112, -19.3437476553 ], [ 26.992547077800001, -19.3434698776 ], [ 26.990513234, -19.342310501499998 ], [ 26.989077881299998, -19.340461059399999 ], [ 26.987924872899999, -19.3381550426 ], [ 26.984060652699998, -19.3367498717 ], [ 26.9822448386, -19.335699350100001 ], [ 26.980901652299998, -19.334087944699998 ], [ 26.977568318900001, -19.328254611399998 ], [ 26.9772519743, -19.327615617700001 ], [ 26.9749787447, -19.322242529699999 ], [ 26.973434, -19.321886050100002 ], [ 26.963578416699999, -19.322644171899999 ], [ 26.9494743174, -19.3240269267 ], [ 26.947486126499999, -19.323889272900001 ], [ 26.9456527012, -19.323107989499999 ], [ 26.944176321899999, -19.321769275099999 ], [ 26.943219876600001, -19.320020828899999 ], [ 26.942888888900001, -19.318055555600001 ], [ 26.942888888900001, -19.3177777778 ], [ 26.9431967891, -19.315880411199998 ], [ 26.944088888900001, -19.314177777800001 ], [ 26.945473629, -19.3128446246 ], [ 26.951655013500002, -19.308565204600001 ], [ 26.959327336600001, -19.296033743500001 ], [ 26.960433469400002, -19.294704371400002 ], [ 26.9618728206, -19.293745711900002 ], [ 26.9635258138, -19.293237407199999 ], [ 26.9652551237, -19.293221685700001 ], [ 26.977477345899999, -19.294888352299999 ], [ 26.979516262299999, -19.295553200299999 ], [ 26.992281596200002, -19.302442428100001 ], [ 26.991723815499999, -19.301568233600001 ], [ 26.9912519264, -19.299762961399999 ], [ 26.991357445599998, -19.297900019499998 ], [ 26.992030168100001, -19.296159579400001 ], [ 26.993205032399999, -19.294709965399999 ], [ 26.994768413300001, -19.2936913747 ], [ 26.996569110799999, -19.293202318799999 ], [ 26.998432973, -19.293290096 ], [ 27.0022661466, -19.294079845300001 ], [ 26.995121695400002, -19.281130527599998 ], [ 26.9902307069, -19.2735223233 ], [ 26.989491372300002, -19.271864444599998 ], [ 26.989430242899999, -19.271338795199998 ], [ 26.9886587638, -19.270938301200001 ], [ 26.9873414881, -19.2696008725 ], [ 26.986501972700001, -19.2679218416 ], [ 26.9862223951, -19.266065563800002 ], [ 26.986530122400001, -19.264213744500001 ], [ 26.9869097031, -19.263075002499999 ], [ 26.9865862033, -19.262124525200001 ], [ 26.986564680299999, -19.260232486900001 ], [ 26.987133436899999, -19.2584278295 ], [ 26.987688992399999, -19.257316718399998 ], [ 26.988825741599999, -19.255744571200001 ], [ 26.9903058845, -19.2546878956 ], [ 26.994023388599999, -19.250738047599999 ], [ 26.994283966499999, -19.245005331800002 ], [ 26.9943262231, -19.2448139141 ], [ 26.9932900391, -19.244462094199999 ], [ 26.991749543499999, -19.2432869491 ], [ 26.990663873599999, -19.2416821395 ], [ 26.9901462437, -19.2398150155 ], [ 26.990250632199999, -19.237880281500001 ], [ 26.990966153599999, -19.236079692099999 ], [ 26.9917994869, -19.234690803199999 ], [ 26.9934787981, -19.232929621899999 ], [ 26.992864028, -19.2328291486 ], [ 26.9870306947, -19.2306069264 ], [ 26.9853463613, -19.2296265827 ], [ 26.9840650758, -19.228158127699999 ], [ 26.980453964700001, -19.222324794399999 ], [ 26.979828675699999, -19.220956316599999 ], [ 26.978439786799999, -19.216511872200002 ], [ 26.978166666700002, -19.214722222199999 ], [ 26.978166666700002, -19.208055555600001 ], [ 26.978504896800001, -19.206069513900001 ], [ 26.979481453799998, -19.204307385300002 ], [ 26.982331399700001, -19.200744953 ], [ 26.982884290400001, -19.199500948899999 ], [ 26.983865099900001, -19.1950873061 ], [ 26.984514187399999, -19.1934095646 ], [ 26.985631438399999, -19.191999642 ], [ 26.9871164204, -19.19098428 ], [ 26.9888356445, -19.190454752099999 ], [ 26.990634565299999, -19.190458658699999 ], [ 27.0014678987, -19.192125325399999 ], [ 27.0037595135, -19.192982622100001 ], [ 27.0090372913, -19.196315955500001 ], [ 27.009786351199999, -19.196995551499999 ], [ 27.0114461525, -19.196521322500001 ], [ 27.011701981, -19.1962344244 ], [ 27.013179466299999, -19.195323868799999 ], [ 27.014855755799999, -19.194874283 ], [ 27.0165905968, -19.194923283400001 ], [ 27.0180559607, -19.195406469 ], [ 27.0182550611, -19.1942742415 ], [ 27.017801879, -19.194327968300001 ], [ 27.015925725799999, -19.193942595799999 ], [ 27.014266605900001, -19.192985629599999 ], [ 27.0129935866, -19.191554586300001 ], [ 27.011049142200001, -19.188499030700001 ], [ 27.010364153400001, -19.187001865100001 ], [ 27.008884103, -19.182068363799999 ], [ 27.0071556921, -19.178957224099999 ], [ 27.003579692100001, -19.176811624199999 ], [ 27.001905961399999, -19.175318472499999 ], [ 27.000897523, -19.173314993399998 ], [ 26.999230856299999, -19.167481660100002 ], [ 26.999000087300001, -19.165865692800001 ], [ 26.999213412500001, -19.164247330399999 ], [ 26.9998550424, -19.1627463588 ], [ 27.001481625299999, -19.160035387400001 ], [ 27.003493079599998, -19.156476660399999 ], [ 27.0029845398, -19.155895472099999 ], [ 27.0020054903, -19.154354913799999 ], [ 27.001534966400001, -19.152591262800001 ], [ 27.001590474299999, -19.151350060199999 ], [ 26.999762907600001, -19.147085738 ], [ 26.999282979299998, -19.144472439 ], [ 26.999560757099999, -19.137805772299998 ], [ 26.999833234899999, -19.136251380699999 ], [ 27.000501566600001, -19.134821796800001 ], [ 27.001519518799999, -19.133615915099998 ], [ 27.002092858499999, -19.133094697099999 ], [ 27.0023417825, -19.1315022687 ], [ 27.003173154700001, -19.1298459042 ], [ 27.003444444399999, -19.129466098599998 ], [ 27.003444444399999, -19.128200470700001 ], [ 26.997100798400002, -19.125119271199999 ], [ 26.995532070700001, -19.124016710500001 ], [ 26.994391267600001, -19.122475569700001 ], [ 26.993794895099999, -19.120653239700001 ], [ 26.993803858700002, -19.1187358283 ], [ 26.994359414200002, -19.115402495 ], [ 26.9945308201, -19.1146648016 ], [ 26.995460256499999, -19.111566680199999 ], [ 26.989783260700001, -19.1015751676 ], [ 26.9897217609, -19.101464213300002 ], [ 26.984166205400001, -19.091186435499999 ], [ 26.983483835, -19.0890197262 ], [ 26.983655861500001, -19.0867546289 ], [ 26.985322528200001, -19.080643517799999 ], [ 26.985921650600002, -19.079210661299999 ], [ 26.986868470400001, -19.077979581499999 ], [ 26.996035137100002, -19.068812914900001 ], [ 26.997012631099999, -19.068021787799999 ], [ 27.007290408900001, -19.061355121199998 ], [ 27.0088314682, -19.060641931199999 ], [ 27.019789701499999, -19.057354461199999 ], [ 27.028937405400001, -19.05407067 ], [ 27.028973288500001, -19.054034786900001 ], [ 27.030645898, -19.053182549799999 ], [ 27.0325, -19.0528888889 ], [ 27.034354102, -19.053182549799999 ], [ 27.034738638299999, -19.053378480900001 ], [ 27.034905532100002, -19.053397024599999 ], [ 27.036095916299999, -19.053226969699999 ], [ 27.0369444444, -19.053166666700001 ], [ 27.0372222222, -19.053166666700001 ], [ 27.038264934200001, -19.053257965299998 ], [ 27.041705424700002, -19.053865110699999 ], [ 27.046835489500001, -19.052541223 ], [ 27.047807556599999, -19.0510831225 ], [ 27.047009023400001, -19.049427466400001 ], [ 27.046789748199998, -19.047398961700001 ], [ 27.0472629076, -19.045414262 ], [ 27.050596240899999, -19.0376364842 ], [ 27.0509455519, -19.036947624100002 ], [ 27.055656099699998, -19.028975928 ], [ 27.051478013800001, -19.028453667299999 ], [ 27.0502042038, -19.0281504515 ], [ 27.046315315, -19.026761562600001 ], [ 27.044567333, -19.025782004100002 ], [ 27.0432393621, -19.0242815145 ], [ 27.042479507100001, -19.022427438899999 ], [ 27.0423725124, -19.020426557099999 ], [ 27.042930310799999, -19.018502021700002 ], [ 27.044090692600001, -19.016868470399999 ], [ 27.046590692599999, -19.014368470400001 ], [ 27.048002185800001, -19.013321063500001 ], [ 27.0496566365, -19.012727627099999 ], [ 27.050368215700001, -19.012585311199999 ], [ 27.052794960100002, -19.0114822456 ], [ 27.054301264500001, -19.0110244426 ], [ 27.0558748001, -19.0109742213 ], [ 27.057547910099998, -19.011141532300002 ], [ 27.058723603200001, -19.0108208887 ], [ 27.058111196399999, -19.010624736800001 ], [ 27.056559578400002, -19.009489074299999 ], [ 27.055446880600002, -19.007920906100001 ], [ 27.0548873788, -19.006081285200001 ], [ 27.053498489900001, -18.995803507400002 ], [ 27.053529982099999, -18.993990478 ], [ 27.0541016729, -18.992269653499999 ], [ 27.055161346799999, -18.990798205800001 ], [ 27.055314865, -18.990683117700002 ], [ 27.054845289399999, -18.9887119224 ], [ 27.055064189599999, -18.986685006599998 ], [ 27.055076185600001, -18.986643020900001 ], [ 27.054942014400002, -18.986285230899998 ], [ 27.054452142700001, -18.985550423399999 ], [ 27.053677453599999, -18.983878065300001 ], [ 27.053446932100002, -18.982049463599999 ], [ 27.05378233, -18.9802371631 ], [ 27.053849526400001, -18.980111605499999 ], [ 27.0538463476, -18.980103012800001 ], [ 27.053750641400001, -18.978305602399999 ], [ 27.054192351699999, -18.976560685300001 ], [ 27.055131726300001, -18.975025296399998 ], [ 27.0564842255, -18.973837614099999 ], [ 27.058224816399999, -18.972721850700001 ], [ 27.058975264499999, -18.970220357100001 ], [ 27.060047659399999, -18.968183000300002 ], [ 27.061808364600001, -18.966699500800001 ], [ 27.0730448234, -18.960457023699998 ], [ 27.072666682600001, -18.960015859399999 ], [ 27.071696082399999, -18.958448156100001 ], [ 27.071247358400001, -18.9566597476 ], [ 27.071362886900001, -18.9548195271 ], [ 27.0720317577, -18.953101280799999 ], [ 27.073190804199999, -18.951667276199998 ], [ 27.073805102800002, -18.951262599300001 ], [ 27.073799895899999, -18.9493154621 ], [ 27.074424257699999, -18.947461473099999 ], [ 27.075611837699999, -18.945906880900001 ], [ 27.077236386199999, -18.944816951899998 ], [ 27.079125199900002, -18.944307554600002 ], [ 27.079200234599998, -18.944300051100001 ], [ 27.0798519228, -18.942304256 ], [ 27.0808238736, -18.9404773326 ], [ 27.0823586759, -18.9390892696 ], [ 27.0842664181, -18.937888098599998 ], [ 27.084842060100002, -18.9373425695 ], [ 27.085335715799999, -18.9370833493 ], [ 27.086420887, -18.9356520676 ], [ 27.0880182428, -18.9345629012 ], [ 27.0882105128, -18.934473175200001 ], [ 27.089880677899998, -18.932942190599999 ], [ 27.089776747599998, -18.932887811499999 ], [ 27.088490288599999, -18.931597436099999 ], [ 27.087650472100002, -18.929980416100001 ], [ 27.0873347488, -18.928185878699999 ], [ 27.087572236, -18.926379322500001 ], [ 27.087700157899999, -18.9261044472 ], [ 27.087904772, -18.924812564700002 ], [ 27.0887570091, -18.9231399552 ], [ 27.090084399599998, -18.921812564700002 ], [ 27.0917570091, -18.9209603276 ], [ 27.0936111111, -18.920666666700001 ], [ 27.0938888889, -18.920666666700001 ], [ 27.094598166200001, -18.920708737 ], [ 27.0985867775, -18.921183571699999 ], [ 27.098710753300001, -18.916968392600001 ], [ 27.097939286399999, -18.911053812900001 ], [ 27.097958602599999, -18.909365799500002 ], [ 27.098447360600002, -18.907749978399998 ], [ 27.099366870299999, -18.906334258 ], [ 27.100644343300001, -18.905230706899999 ], [ 27.106669614099999, -18.901357318599999 ], [ 27.106504111, -18.896888736600001 ], [ 27.106782445299999, -18.894847444700002 ], [ 27.1087268898, -18.888736333600001 ], [ 27.109826354199999, -18.886724988800001 ], [ 27.111599845499999, -18.885272729 ], [ 27.1175410767, -18.8820736045 ], [ 27.118703053099999, -18.880379055500001 ], [ 27.119582836900001, -18.878531509599998 ], [ 27.120698074, -18.876928596 ], [ 27.121237385, -18.8765303831 ], [ 27.121289249, -18.876429335400001 ], [ 27.121654159799998, -18.876075358200001 ], [ 27.123384960199999, -18.873551274299999 ], [ 27.12419082, -18.872636344 ], [ 27.124251321799999, -18.872544502499998 ], [ 27.1243102167, -18.8725007874 ], [ 27.124342533499998, -18.872464096600002 ], [ 27.124605453099999, -18.872281646200001 ], [ 27.1259278295, -18.871300103500001 ], [ 27.1264554973, -18.871036269600001 ], [ 27.127014764399998, -18.870520404800001 ], [ 27.128881296599999, -18.8697203314 ], [ 27.129118135500001, -18.869704950500001 ], [ 27.130004464399999, -18.869261786100001 ], [ 27.1300587508, -18.8674703342 ], [ 27.129634232400001, -18.866791104800001 ], [ 27.129207352, -18.865974626900002 ], [ 27.128374018700001, -18.864030182499999 ], [ 27.127918665700001, -18.862263689 ], [ 27.127363110200001, -18.856708133400002 ], [ 27.1274518884, -18.8554883692 ], [ 27.125898588, -18.852209179399999 ], [ 27.122343263299999, -18.8488760625 ], [ 27.1199027059, -18.846706678099999 ], [ 27.1186060623, -18.8450668212 ], [ 27.117371098, -18.842773316 ], [ 27.1169495766, -18.8424923018 ], [ 27.115579178499999, -18.841231375700001 ], [ 27.114661402399999, -18.8396110015 ], [ 27.114284658799999, -18.837787271900002 ], [ 27.11448524, -18.835935869 ], [ 27.1152438236, -18.834235140800001 ], [ 27.116487334399999, -18.832848920699998 ], [ 27.1180959834, -18.831910744799998 ], [ 27.119914807400001, -18.831510989 ], [ 27.129081474100001, -18.830955433500002 ], [ 27.130762280100001, -18.831090957499999 ], [ 27.132338996400001, -18.8316888218 ], [ 27.1336870851, -18.832701803799999 ], [ 27.136464862899999, -18.8354795815 ], [ 27.136920887300001, -18.835990929400001 ], [ 27.144262726299999, -18.845236208100001 ], [ 27.145666666699999, -18.837514535899999 ], [ 27.145666666699999, -18.830277777799999 ], [ 27.145931992600001, -18.8285132627 ], [ 27.1463361371, -18.8271997931 ], [ 27.1448241318, -18.824175782600001 ], [ 27.142982593799999, -18.821515783300001 ], [ 27.134085825700001, -18.813665693800001 ], [ 27.133008484699999, -18.812411212200001 ], [ 27.130508484700002, -18.8085223233 ], [ 27.130383950300001, -18.808319898499999 ], [ 27.125507110299999, -18.800029270500001 ], [ 27.117863116199999, -18.794799169299999 ], [ 27.117263689, -18.794859112 ], [ 27.115789651899998, -18.7948244466 ], [ 27.114368576499999, -18.794431341599999 ], [ 27.102979687600001, -18.789709119299999 ], [ 27.1013267501, -18.788682126800001 ], [ 27.0991045279, -18.786737682399998 ], [ 27.097902399, -18.785295490399999 ], [ 27.097204854499999, -18.783552371599999 ], [ 27.097080196299999, -18.781679007699999 ], [ 27.0972275807, -18.780057779500002 ], [ 27.097206917600001, -18.7800061218 ], [ 27.0969822134, -18.779043535900001 ], [ 27.093764450799998, -18.777032434300001 ], [ 27.0926305142, -18.776114577 ], [ 27.084574958600001, -18.7677812437 ], [ 27.084373428700001, -18.767562138799999 ], [ 27.0804845398, -18.7631176943 ], [ 27.0794783284, -18.761514248899999 ], [ 27.079021753100001, -18.759677121399999 ], [ 27.079160262199998, -18.7577891824 ], [ 27.079880068400001, -18.756038360400002 ], [ 27.0811095209, -18.754598935099999 ], [ 27.082726237900001, -18.7536141892 ], [ 27.084569289, -18.753182146 ], [ 27.086455213800001, -18.753345811700001 ], [ 27.090881124199999, -18.754452289300001 ], [ 27.097176470600001, -18.751094771199998 ], [ 27.099237014100002, -18.7504375989 ], [ 27.106610780699999, -18.749492244199999 ], [ 27.106613567699998, -18.7493936975 ], [ 27.1073173266, -18.747532329399998 ], [ 27.109261771, -18.7441989961 ], [ 27.110555620300001, -18.742653081499999 ], [ 27.112288463500001, -18.741622959200001 ], [ 27.1142646869, -18.7412249156 ], [ 27.1162612024, -18.741503884099998 ], [ 27.118052631299999, -18.742428373300001 ], [ 27.119436746200002, -18.743894021 ], [ 27.1231897085, -18.749523464500001 ], [ 27.128315386099999, -18.755998004599999 ], [ 27.129303210900002, -18.757824855599999 ], [ 27.12994179, -18.759740593 ], [ 27.132205067800001, -18.759838996399999 ], [ 27.134360423899999, -18.760341244199999 ], [ 27.135428881, -18.761072076 ], [ 27.135443475199999, -18.761049142200001 ], [ 27.1399654891, -18.763926787399999 ], [ 27.141547027600001, -18.76386089 ], [ 27.141557157699999, -18.763846717 ], [ 27.143065216899998, -18.762732254700001 ], [ 27.149855062899999, -18.759201534799999 ], [ 27.164101957, -18.7507081941 ], [ 27.174332395299999, -18.744348732500001 ], [ 27.1758615245, -18.743672495199998 ], [ 27.177517887299999, -18.743444471099998 ], [ 27.179172861200001, -18.7436823671 ], [ 27.1877839723, -18.746182367100001 ], [ 27.188008477699999, -18.7462523447 ], [ 27.189072121300001, -18.746606892500001 ], [ 27.1959403669, -18.747370030900001 ], [ 27.197834596500002, -18.747905379900001 ], [ 27.199348193700001, -18.7489520313 ], [ 27.1996681356, -18.748737427199998 ], [ 27.201046338600001, -18.748328257099999 ], [ 27.1747387554, -18.739301145300001 ], [ 27.168216387600001, -18.7390907463 ], [ 27.167106740600001, -18.739506864 ], [ 27.165300009, -18.739881383699998 ], [ 27.1634649053, -18.7396891892 ], [ 27.161774976499999, -18.738948456399999 ], [ 27.160390040399999, -18.737729236900002 ], [ 27.159441071300002, -18.736146833 ], [ 27.159017813799998, -18.7343508939 ], [ 27.159160295700001, -18.732511262599999 ], [ 27.1598550424, -18.730801914400001 ], [ 27.162355042400002, -18.726635247699999 ], [ 27.163610745300002, -18.725153448 ], [ 27.163941489, -18.724953994 ], [ 27.162060223099999, -18.719041444199998 ], [ 27.161777865400001, -18.717189805 ], [ 27.1620802146, -18.715341325 ], [ 27.162937806199999, -18.713676143299999 ], [ 27.164267065600001, -18.712356536200001 ], [ 27.165938453, -18.711511102900001 ], [ 27.167789087399999, -18.711222232899999 ], [ 27.169638619600001, -18.711518077400001 ], [ 27.171306808, -18.7123698057 ], [ 27.177881808399999, -18.7171516242 ], [ 27.1921704355, -18.711898452500002 ], [ 27.198342605499999, -18.704064544400001 ], [ 27.199642037499999, -18.702843419200001 ], [ 27.201242965500001, -18.7020581172 ], [ 27.203003989100001, -18.701777999400001 ], [ 27.2047695672, -18.702027807 ], [ 27.206383756699999, -18.702785476 ], [ 27.211383756699998, -18.706118809300001 ], [ 27.2127964863, -18.707433669699999 ], [ 27.2137187057, -18.709129008600001 ], [ 27.215499325300001, -18.7142164931 ], [ 27.219983096699998, -18.722392782099998 ], [ 27.2201699785, -18.722763428699999 ], [ 27.2218366452, -18.726374539799998 ], [ 27.221854614, -18.7264138436 ], [ 27.223231711099999, -18.729454933 ], [ 27.225923974099999, -18.726185756500001 ], [ 27.227513434799999, -18.724828394700001 ], [ 27.236957879199998, -18.719272839199999 ], [ 27.237743469200002, -18.718951431499999 ], [ 27.2394492484, -18.717075074299999 ], [ 27.2410025561, -18.715850970200002 ], [ 27.2428694474, -18.715198350400001 ], [ 27.2491261268, -18.714119612600001 ], [ 27.2492886462, -18.713940951200001 ], [ 27.250880878, -18.713019083100001 ], [ 27.255880878, -18.7110746386 ], [ 27.257354508100001, -18.710707763 ], [ 27.262076730299999, -18.710152207499998 ], [ 27.263805520199998, -18.710199787600001 ], [ 27.265448922499999, -18.710738496699999 ], [ 27.266870398799998, -18.711723577200001 ], [ 27.267951848900001, -18.713073186100001 ], [ 27.268603423, -18.7146751941 ], [ 27.2687709866, -18.716396502 ], [ 27.268598781800002, -18.720012803100001 ], [ 27.269721768899998, -18.7214566436 ], [ 27.275078346699999, -18.708600856899999 ], [ 27.275083538200001, -18.708563177 ], [ 27.275170312499998, -18.708380139 ], [ 27.275572649600001, -18.707414529899999 ], [ 27.275809118400002, -18.707032668699998 ], [ 27.275866410599999, -18.7069118189 ], [ 27.2759190584, -18.706855132200001 ], [ 27.2765770962, -18.705792501 ], [ 27.278039968400002, -18.704567798599999 ], [ 27.2798133579, -18.703864250199999 ], [ 27.281717960799998, -18.70375299 ], [ 27.2835612063, -18.704245267400001 ], [ 27.285156727299999, -18.705291309300002 ], [ 27.2872092922, -18.707165390299998 ], [ 27.299191342299999, -18.714572475800001 ], [ 27.299460293, -18.714728045299999 ], [ 27.300057541099999, -18.714576259499999 ], [ 27.3020309805, -18.714739790700001 ], [ 27.302767103499999, -18.7150634395 ], [ 27.302978614400001, -18.7145801741 ], [ 27.303549265800001, -18.713918373599999 ], [ 27.303637200800001, -18.713765520199999 ], [ 27.303858754699998, -18.713559450599998 ], [ 27.304145870599999, -18.713226474199999 ], [ 27.304363535099998, -18.713089949 ], [ 27.3049482835, -18.712546068399998 ], [ 27.306560823800002, -18.711767791900002 ], [ 27.308331215900001, -18.711500000400001 ], [ 27.310101796600001, -18.711766542199999 ], [ 27.311714885699999, -18.712543680500001 ], [ 27.313026828800002, -18.7137622065 ], [ 27.31392079, -18.7153136039 ], [ 27.3141821227, -18.715981454200001 ], [ 27.319111624400001, -18.7226855764 ], [ 27.326952121400002, -18.727340871500001 ], [ 27.3281315296, -18.728257359299999 ], [ 27.330075974, -18.7302018038 ], [ 27.331015710300001, -18.7314207101 ], [ 27.331614440799999, -18.732838581300001 ], [ 27.332962529, -18.737691698799999 ], [ 27.333161639, -18.738289028699999 ], [ 27.33337681, -18.7386071076 ], [ 27.334298546399999, -18.739528844 ], [ 27.335150783500001, -18.741201453599999 ], [ 27.335156584300002, -18.7412380783 ], [ 27.335803033800001, -18.7421936993 ], [ 27.3366873334, -18.7442400013 ], [ 27.3367635635, -18.746467898700001 ], [ 27.335652452400002, -18.7536901209 ], [ 27.3351131322, -18.755411803099999 ], [ 27.334086375599998, -18.756895321399998 ], [ 27.33266502, -18.7580065388 ], [ 27.330977581799999, -18.758644980900002 ], [ 27.329176636300001, -18.758752921 ], [ 27.328792237799998, -18.758658046299999 ], [ 27.3275183113, -18.76830349 ], [ 27.3326365442, -18.783658189 ], [ 27.332942370800001, -18.785397824499999 ], [ 27.332728400200001, -18.7871511295 ], [ 27.331002949599998, -18.793405887900001 ], [ 27.331527077800001, -18.793043196399999 ], [ 27.3318684704, -18.7927018038 ], [ 27.3338150105, -18.7914011672 ], [ 27.336111111099999, -18.790944444400001 ], [ 27.337222222200001, -18.790944444400001 ], [ 27.338878399, -18.7911775494 ], [ 27.340405888100001, -18.7918587516 ], [ 27.341686001199999, -18.792935120599999 ], [ 27.3426192712, -18.794323020699998 ], [ 27.347341493399998, -18.804045242899999 ], [ 27.347735286399999, -18.8050962688 ], [ 27.352179730900001, -18.8214851577 ], [ 27.352383551300001, -18.823308583300001 ], [ 27.352026800200001, -18.825108347699999 ], [ 27.351142838200001, -18.826716152 ], [ 27.349814326, -18.827981647400001 ], [ 27.348165495100002, -18.828786495300001 ], [ 27.346350530700001, -18.829055432899999 ], [ 27.3445391532, -18.828763311500001 ], [ 27.317778483200001, -18.820090872200002 ], [ 27.316163667800001, -18.821901422700002 ], [ 27.317496374899999, -18.822217658300001 ], [ 27.319291104800001, -18.822967565700001 ], [ 27.321513327, -18.8243564546 ], [ 27.322817789199998, -18.825458261400001 ], [ 27.325040011500001, -18.827958261399999 ], [ 27.325922118699999, -18.8292611629 ], [ 27.327033229800001, -18.8314833851 ], [ 27.327598044599998, -18.833261815099998 ], [ 27.327589191400001, -18.835127760100001 ], [ 27.327007526599999, -18.836900750600002 ], [ 27.326524395700002, -18.8375643981 ], [ 27.326999279100001, -18.838036277299999 ], [ 27.327810963899999, -18.839483557400001 ], [ 27.328195195100001, -18.841097812099999 ], [ 27.328566713200001, -18.8449987523 ], [ 27.3409419549, -18.852679936800001 ], [ 27.342445424899999, -18.8540077551 ], [ 27.348278758199999, -18.861229977400001 ], [ 27.3493032109, -18.8631026334 ], [ 27.349858766499999, -18.864769300100001 ], [ 27.350033481200001, -18.8654094921 ], [ 27.350095859700001, -18.8657005918 ], [ 27.350792648, -18.866803150900001 ], [ 27.3508458178, -18.866927213699999 ], [ 27.351038567500002, -18.867036816900001 ], [ 27.3523785374, -18.868598700900002 ], [ 27.353111924, -18.8705214971 ], [ 27.353146885, -18.872296370600001 ], [ 27.353292648, -18.872636484200001 ], [ 27.353358661400001, -18.8728814931 ], [ 27.360350310299999, -18.8783194423 ], [ 27.3613895475, -18.8793963056 ], [ 27.362584399599999, -18.878201453599999 ], [ 27.364257009100001, -18.877349216500001 ], [ 27.3661111111, -18.877055555599998 ], [ 27.366394500599998, -18.877055555599998 ], [ 27.366492365799999, -18.877046658800001 ], [ 27.3669212143, -18.8765618997 ], [ 27.368290205, -18.87567673 ], [ 27.369846939399999, -18.8751927476 ], [ 27.371513606099999, -18.874914969799999 ], [ 27.3730799591, -18.874861428500001 ], [ 27.374606740600001, -18.8752153583 ], [ 27.376828962899999, -18.876048691600001 ], [ 27.37830584, -18.876854423600001 ], [ 27.3795009681, -18.878038500799999 ], [ 27.380320384600001, -18.8795078295 ], [ 27.380699665800002, -18.881146889 ], [ 27.381255221299998, -18.887535777899998 ], [ 27.381092289, -18.889535913300001 ], [ 27.380278924700001, -18.891370450699998 ], [ 27.378906114199999, -18.892834172 ], [ 27.377127425, -18.8937633402 ], [ 27.375141827699998, -18.894054015199998 ], [ 27.373679705, -18.893771789100001 ], [ 27.3721067406, -18.894784641699999 ], [ 27.369884518399999, -18.895617975099999 ], [ 27.369675144399999, -18.895692099800002 ], [ 27.3695584968, -18.895730982300002 ], [ 27.368782666800001, -18.8966018506 ], [ 27.367115215799998, -18.897559234100001 ], [ 27.365230545199999, -18.897940013500001 ], [ 27.363322199199999, -18.897705085399998 ], [ 27.361586152800001, -18.896878575300001 ], [ 27.360200687300001, -18.8955453606 ], [ 27.359340832400001, -18.893904840299999 ], [ 27.3584765423, -18.893778802100002 ], [ 27.3580770465, -18.8935783738 ], [ 27.3578401973, -18.894884518400001 ], [ 27.355340197299999, -18.901551185100001 ], [ 27.3545492913, -18.9030080667 ], [ 27.353389914200001, -18.9041929216 ], [ 27.35297039, -18.9044326201 ], [ 27.353641550599999, -18.9047538188 ], [ 27.354950453499999, -18.905958434 ], [ 27.355848637899999, -18.9074938782 ], [ 27.356502364299999, -18.909128194 ], [ 27.357020418499999, -18.909646248200001 ], [ 27.3577220293, -18.910489716 ], [ 27.360777584899999, -18.914934160400001 ], [ 27.361610213100001, -18.916712327500001 ], [ 27.3618242101, -18.918664084 ], [ 27.361396659299999, -18.9205804212 ], [ 27.360373346199999, -18.922256123499999 ], [ 27.3601632795, -18.9224308605 ], [ 27.360359704299999, -18.922566846900001 ], [ 27.361676989799999, -18.923811773499999 ], [ 27.362562419500001, -18.9253932594 ], [ 27.362836462299999, -18.926124040200001 ], [ 27.363447085699999, -18.925871111700001 ], [ 27.365, -18.9256666667 ], [ 27.3655555556, -18.9256666667 ], [ 27.367195154699999, -18.925895036499998 ], [ 27.3674214105, -18.925994771100001 ], [ 27.367439638899999, -18.925994443299999 ], [ 27.369132521400001, -18.926474566900001 ], [ 27.370613315100002, -18.927425156200002 ], [ 27.371754656499999, -18.928764450799999 ], [ 27.373143545400001, -18.930986673 ], [ 27.373422118699999, -18.931483385100002 ], [ 27.374311154600001, -18.933261457 ], [ 27.376241305400001, -18.935915414299998 ], [ 27.3764592046, -18.9362598449 ], [ 27.382200202300002, -18.931891694499999 ], [ 27.3837786548, -18.931029442500002 ], [ 27.385541742400001, -18.930673756299999 ], [ 27.387331032599999, -18.9308565981 ], [ 27.388985738300001, -18.9315615376 ], [ 27.390357166200001, -18.932725228300001 ], [ 27.391322078599998, -18.9342431 ], [ 27.391793767700001, -18.935978755499999 ], [ 27.391729847200001, -18.937776227299999 ], [ 27.391136060800001, -18.939473993 ], [ 27.389798062, -18.9420013242 ], [ 27.3899888889, -18.9421444444 ], [ 27.391289412599999, -18.943482527800001 ], [ 27.392115970100001, -18.945155439 ], [ 27.3921505902, -18.9453898306 ], [ 27.393147197200001, -18.945959320299998 ], [ 27.3949534654, -18.946252525799999 ], [ 27.3966564718, -18.947145131700001 ], [ 27.397989686399999, -18.948530597200001 ], [ 27.3988161965, -18.950266643599999 ], [ 27.398839991399999, -18.950459931699999 ], [ 27.399098347700001, -18.950912055300002 ], [ 27.399745238400001, -18.9525838331 ], [ 27.399748256700001, -18.952627305299998 ], [ 27.400911111100001, -18.954177777799998 ], [ 27.401711184700002, -18.955623903300001 ], [ 27.403100073600001, -18.959235014400001 ], [ 27.403192099799998, -18.959491522299999 ], [ 27.4032122379, -18.959551936699999 ], [ 27.403452638299999, -18.9599961226 ], [ 27.403777777799998, -18.9619444444 ], [ 27.403777777799998, -18.962222222200001 ], [ 27.403666627300002, -18.9629259194 ], [ 27.403696141299999, -18.962930838399998 ], [ 27.403418363499998, -18.964597505 ], [ 27.403139325600002, -18.965438934600002 ], [ 27.403624125, -18.967539731799999 ], [ 27.403777777799998, -18.9688888889 ], [ 27.403777777799998, -18.976388888900001 ], [ 27.403680997199999, -18.9774622015 ], [ 27.402726896400001, -18.982709756399998 ], [ 27.403163066099999, -18.986635284199998 ], [ 27.403310747300001, -18.986826888 ], [ 27.403939039600001, -18.988545525399999 ], [ 27.404772372899998, -18.992712192100001 ], [ 27.404886575399999, -18.993722286499999 ], [ 27.404891237200001, -18.993890111700001 ], [ 27.408546921500001, -19.006685006600001 ], [ 27.408771589, -19.008060887399999 ], [ 27.4096049224, -19.026394220699999 ], [ 27.4095143306, -19.027739979300001 ], [ 27.408958775, -19.030795534900001 ], [ 27.408370231399999, -19.0325068623 ], [ 27.407298196199999, -19.0339648629 ], [ 27.4070204185, -19.0342426407 ], [ 27.4054119115, -19.035390857 ], [ 27.403517623300001, -19.035954211 ], [ 27.401543068100001, -19.035871583399999 ], [ 27.399702468499999, -19.0351519387 ], [ 27.398195513899999, -19.033873352299999 ], [ 27.397185696200001, -19.0321745398 ], [ 27.396782572, -19.030239808200001 ], [ 27.396526021100001, -19.023826034799999 ], [ 27.393584577599999, -19.010455837399999 ], [ 27.393452773700002, -19.009482286800001 ], [ 27.392666307599999, -19.010539230300001 ], [ 27.391513327, -19.011476878700002 ], [ 27.387640845300002, -19.013897179699999 ], [ 27.387604314299999, -19.013987057400001 ], [ 27.387343095, -19.014284390299999 ], [ 27.387284641699999, -19.014606740600001 ], [ 27.386451308400002, -19.0168289629 ], [ 27.386199896499999, -19.017405503799999 ], [ 27.3848110076, -19.020183281600001 ], [ 27.384005949300001, -19.021397778 ], [ 27.3829318736, -19.022382400800002 ], [ 27.381228279, -19.023599254099999 ], [ 27.3771569317, -19.027161683 ], [ 27.3757941585, -19.0285244562 ], [ 27.375965213099999, -19.0286955107 ], [ 27.376817450200001, -19.0303681203 ], [ 27.3771111111, -19.032222222200001 ], [ 27.376817450200001, -19.034076324200001 ], [ 27.375965213099999, -19.035748933699999 ], [ 27.3758133816, -19.035900765200001 ], [ 27.375407746899999, -19.039551478 ], [ 27.3748821147, -19.041424976799998 ], [ 27.3737845777, -19.0430317434 ], [ 27.3679512444, -19.049142854500001 ], [ 27.367597294100001, -19.0494844559 ], [ 27.3650972941, -19.0517066781 ], [ 27.364871605200001, -19.0518499613 ], [ 27.364418047499999, -19.052800524399998 ], [ 27.3642781249, -19.052953152 ], [ 27.364194556, -19.0531100195 ], [ 27.363801032800001, -19.053473564400001 ], [ 27.363219069399999, -19.0541083705 ], [ 27.3629291757, -19.054279004200001 ], [ 27.362722943200001, -19.0544695261 ], [ 27.362272792700001, -19.054665356400001 ], [ 27.361690020200001, -19.055008380899999 ], [ 27.361231978799999, -19.055118144800002 ], [ 27.360885786600001, -19.0552687498 ], [ 27.360474930900001, -19.055299561799998 ], [ 27.3599646073, -19.0554218545 ], [ 27.359349831700001, -19.055383938399999 ], [ 27.358887924200001, -19.055418579099999 ], [ 27.358629601400001, -19.0553496858 ], [ 27.3575413509, -19.05542237 ], [ 27.355769987199999, -19.054992072499999 ], [ 27.354209586900001, -19.0540497159 ], [ 27.353004178500001, -19.052682281700001 ], [ 27.352265024299999, -19.0510159876 ], [ 27.352060349799999, -19.049204636199999 ], [ 27.352098699700001, -19.048245888299999 ], [ 27.3469672594, -19.038180370900001 ], [ 27.3376248607, -19.022518114299999 ], [ 27.337346356099999, -19.021993887299999 ], [ 27.3332965098, -19.013365953899999 ], [ 27.320947328100001, -19.0183399298 ], [ 27.317416039899999, -19.0216189832 ], [ 27.316095685600001, -19.022493515499999 ], [ 27.3146065428, -19.029070562699999 ], [ 27.3160634276, -19.030639515600001 ], [ 27.317109128, -19.032196432300001 ], [ 27.317623057700001, -19.034000138100001 ], [ 27.317555002, -19.035874397200001 ], [ 27.3169116103, -19.037636079799999 ], [ 27.314133832500001, -19.042636079800001 ], [ 27.3136139189, -19.0434200718 ], [ 27.308613918900001, -19.049808960699998 ], [ 27.3074402831, -19.050947183800002 ], [ 27.306002958899999, -19.051726332200001 ], [ 27.304408666600001, -19.052088554600001 ], [ 27.300314614099999, -19.052444559200001 ], [ 27.297997442700002, -19.054927242800002 ], [ 27.296964231899999, -19.0558089319 ], [ 27.284186454099999, -19.064420043 ], [ 27.2819258689, -19.065344136499998 ], [ 27.2744258689, -19.066733025400001 ], [ 27.273040998, -19.066826207399998 ], [ 27.262377127200001, -19.066306018599999 ], [ 27.257040228400001, -19.067343749 ], [ 27.2570416067, -19.0675772827 ], [ 27.256463565899999, -19.069377981399999 ], [ 27.255838990400001, -19.070239773299999 ], [ 27.255491890199998, -19.071583098400001 ], [ 27.254120870800001, -19.074699051500001 ], [ 27.2543333333, -19.076111111100001 ], [ 27.2543333333, -19.077190481100001 ], [ 27.255134817399998, -19.0849381606 ], [ 27.255161872399999, -19.085795363799999 ], [ 27.2550002531, -19.089835845500001 ], [ 27.260571414899999, -19.094611127099999 ], [ 27.2616547674, -19.0958321725 ], [ 27.2623689166, -19.097300026599999 ], [ 27.262661003600002, -19.098906043300001 ], [ 27.262862655700001, -19.103544040900001 ], [ 27.2634093074, -19.1040906926 ], [ 27.264628865500001, -19.105850515699998 ], [ 27.266350995500002, -19.1096392016 ], [ 27.27110143, -19.110826810199999 ], [ 27.272925365599999, -19.109813512599999 ], [ 27.279106336, -19.101654631599999 ], [ 27.2799593057, -19.1007436433 ], [ 27.288292639, -19.0935214211 ], [ 27.290076338599999, -19.092452415 ], [ 27.3031318942, -19.087452415 ], [ 27.3037318019, -19.087258145900002 ], [ 27.3077211628, -19.086194316299999 ], [ 27.313380411200001, -19.084307900199999 ], [ 27.315120940100002, -19.084002050199999 ], [ 27.316875074599999, -19.084216519799998 ], [ 27.318490644299999, -19.084932704 ], [ 27.319827499100001, -19.086088474 ], [ 27.320769667499999, -19.087583567199999 ], [ 27.321235416699999, -19.0892882851 ], [ 27.321184343199999, -19.091054743800001 ], [ 27.319795454299999, -19.098832521599999 ], [ 27.3194344574, -19.100068338700002 ], [ 27.314261579, -19.112592149600001 ], [ 27.310739445500001, -19.1239713503 ], [ 27.3074536978, -19.134923842700001 ], [ 27.306931966099999, -19.137010769300002 ], [ 27.30640822, -19.138373469299999 ], [ 27.305570876, -19.1395693439 ], [ 27.303070876, -19.142347121699999 ], [ 27.301755695699999, -19.1434432832 ], [ 27.300895681899998, -19.143972522399999 ], [ 27.3009265926, -19.144064318600002 ], [ 27.3009032195, -19.146073312599999 ], [ 27.300347663899998, -19.149128868199998 ], [ 27.299873356700001, -19.1506103378 ], [ 27.297651134399999, -19.15533256 ], [ 27.2975844851, -19.155435579300001 ], [ 27.2976099499, -19.155466526600001 ], [ 27.301853246499999, -19.162361883500001 ], [ 27.307134183500001, -19.1689001865 ], [ 27.314263960800002, -19.1752377663 ], [ 27.3145657904, -19.1755254439 ], [ 27.320487783899999, -19.1815761764 ], [ 27.320899658199998, -19.181679145 ], [ 27.322787093300001, -19.1825173603 ], [ 27.324278515900001, -19.1839458822 ], [ 27.325197233099999, -19.18579547 ], [ 27.325384502599999, -19.186427504600001 ], [ 27.327033422100001, -19.187112240699999 ], [ 27.3284661259, -19.188342930800001 ], [ 27.328744072399999, -19.188801400300001 ], [ 27.329510159400002, -19.189358236099999 ], [ 27.330602802400001, -19.1908463123 ], [ 27.330745776600001, -19.191271423700002 ], [ 27.3316136372, -19.1920652252 ], [ 27.3325227853, -19.193623782700001 ], [ 27.332646651400001, -19.194162004599999 ], [ 27.334291104799998, -19.195189788 ], [ 27.335797467, -19.1965310368 ], [ 27.336774261199999, -19.198295675200001 ], [ 27.3385548808, -19.203383159800001 ], [ 27.343038652200001, -19.211559448799999 ], [ 27.3436809972, -19.213371131799999 ], [ 27.3436860214, -19.213635835400002 ], [ 27.3440939804, -19.214229835899999 ], [ 27.345781649399999, -19.218027091300002 ], [ 27.346516924300001, -19.2190633642 ], [ 27.347073384400002, -19.220994879799999 ], [ 27.346960678599999, -19.2230017923 ], [ 27.346191456300001, -19.224858859099999 ], [ 27.344852049899998, -19.226357655600001 ], [ 27.343092785500001, -19.227329966599999 ], [ 27.341111111099998, -19.227666666699999 ], [ 27.340833333300001, -19.227666666699999 ], [ 27.3391282997, -19.2274193061 ], [ 27.337563852100001, -19.226697620100001 ], [ 27.336268984699998, -19.225561114200001 ], [ 27.3358408283, -19.224881665200002 ], [ 27.3352018038, -19.224242640700002 ], [ 27.3348889048, -19.223904748199999 ], [ 27.328372199299999, -19.216301925100002 ], [ 27.323257359300001, -19.211187085100001 ], [ 27.322300265300001, -19.209938231100001 ], [ 27.317099966600001, -19.2009061334 ], [ 27.3149720055, -19.2009947984 ], [ 27.312824855599999, -19.200692099800001 ], [ 27.307720723300001, -19.1989907223 ], [ 27.306554933400001, -19.1994736083 ], [ 27.304429249599998, -19.1995508081 ], [ 27.300540360799999, -19.198995252500001 ], [ 27.299092788300001, -19.198598832799998 ], [ 27.2988732504, -19.198473687 ], [ 27.295987989899999, -19.198324449400001 ], [ 27.289228506, -19.1990237063 ], [ 27.2883386651, -19.199049366800001 ], [ 27.287219933700001, -19.1989985154 ], [ 27.286820515300001, -19.199238166400001 ], [ 27.286105979, -19.199714524 ], [ 27.285272645599999, -19.200270079500001 ], [ 27.283422638899999, -19.201092839400001 ], [ 27.281404304399999, -19.201253415699998 ], [ 27.279447477800002, -19.2007335232 ], [ 27.277774990400001, -19.199592363899999 ], [ 27.276998431300001, -19.198533901600001 ], [ 27.276611611300002, -19.198516318900001 ], [ 27.272552621300001, -19.1990033977 ], [ 27.2721705953, -19.199782059 ], [ 27.271044090299998, -19.201424878800001 ], [ 27.268795532199999, -19.206371706599999 ], [ 27.267835978299999, -19.207854514800001 ], [ 27.266486262099999, -19.208993694499998 ], [ 27.266067315899999, -19.209173578600002 ], [ 27.265659460399998, -19.210098831100002 ], [ 27.264603209099999, -19.211373496299998 ], [ 27.2637427612, -19.211964742399999 ], [ 27.259426532799999, -19.2162809708 ], [ 27.255983006400001, -19.226857516300001 ], [ 27.255571895399999, -19.227823529399998 ], [ 27.253436797100001, -19.2318268388 ], [ 27.2476803502, -19.244436198500001 ], [ 27.246506826200001, -19.246144702599999 ], [ 27.244821988799998, -19.247351959 ], [ 27.239616249, -19.2498547185 ], [ 27.239276616600002, -19.2506445846 ], [ 27.237358608600001, -19.253761347499999 ], [ 27.237111111099999, -19.2544213408 ], [ 27.237111111099999, -19.256111111100001 ], [ 27.2368177454, -19.2579643043 ], [ 27.235966336099999, -19.259636276399998 ], [ 27.234640141300002, -19.260963527600001 ], [ 27.231584585699999, -19.263185749800002 ], [ 27.230738837099999, -19.2636998965 ], [ 27.2260241629, -19.266057233600002 ], [ 27.220504070099999, -19.2787774476 ], [ 27.220417163099999, -19.2789684904 ], [ 27.2176393853, -19.284801823700001 ], [ 27.217421957, -19.285216008900001 ], [ 27.2126535467, -19.293497984599998 ], [ 27.2111750109, -19.301383509 ], [ 27.210443636800001, -19.3033296461 ], [ 27.209092021299998, -19.3049093592 ], [ 27.205701934699999, -19.3077011952 ], [ 27.204605949699999, -19.310989150200001 ], [ 27.202684487700001, -19.317302525300001 ], [ 27.202008728399999, -19.318773167700002 ], [ 27.2009644806, -19.320009689500001 ], [ 27.199627726, -19.3209221187 ], [ 27.199072170499999, -19.321199896500001 ], [ 27.1963888889, -19.321833333299999 ], [ 27.196111111099999, -19.321833333299999 ], [ 27.194471511900002, -19.3216049635 ], [ 27.192956724399998, -19.320937238199999 ], [ 27.191682059200001, -19.319880986899999 ], [ 27.190744548, -19.318516614899998 ], [ 27.1904667702, -19.317961059400002 ], [ 27.189955147, -19.31648066 ], [ 27.189844112500001, -19.314918286200001 ], [ 27.1901412335, -19.313380411200001 ], [ 27.1903601894, -19.312723543699999 ], [ 27.190119904300001, -19.3045538527 ], [ 27.189681237199999, -19.300167181599999 ], [ 27.189549604, -19.299871006899998 ], [ 27.189297891199999, -19.2996175374 ], [ 27.188450100499999, -19.297933436899999 ], [ 27.188166811799999, -19.296069384700001 ], [ 27.188475999200001, -19.294209452800001 ], [ 27.188931311699999, -19.293335476300001 ], [ 27.188343865099998, -19.292938528699999 ], [ 27.187133436900002, -19.291294392699999 ], [ 27.1869167529, -19.290861024800002 ], [ 27.1848167184, -19.289811007600001 ], [ 27.1831916099, -19.288620300600002 ], [ 27.182052243699999, -19.286958793499998 ], [ 27.180385577, -19.283347682399999 ], [ 27.179897717100001, -19.2817099518 ], [ 27.1798913294, -19.280001113600001 ], [ 27.180366932199998, -19.278359781500001 ], [ 27.181285946500001, -19.2769190936 ], [ 27.1825738257, -19.2757959124 ], [ 27.187296047899999, -19.2727403568 ], [ 27.189268414899999, -19.2719174647 ], [ 27.190111295200001, -19.271886134399999 ], [ 27.194586883300001, -19.267238408299999 ], [ 27.194706917600001, -19.266938322600001 ], [ 27.194911214600001, -19.266483385099999 ], [ 27.194944311699999, -19.266417191 ], [ 27.1949486217, -19.2663294581 ], [ 27.1955418057, -19.264671619600001 ], [ 27.195582531100001, -19.264616707799998 ], [ 27.1960223257, -19.263427829499999 ], [ 27.1963001035, -19.262872274 ], [ 27.1984804097, -19.2585116616 ], [ 27.199645650400001, -19.255986973399999 ], [ 27.199779182699999, -19.254050755400002 ], [ 27.199200283500002, -19.253919925 ], [ 27.197636601199999, -19.253015249299999 ], [ 27.196413078399999, -19.2516861396 ], [ 27.1956406322, -19.250053084899999 ], [ 27.195389288, -19.248264128 ], [ 27.195681831, -19.246481444899999 ], [ 27.196491741199999, -19.2448666427 ], [ 27.197745596800001, -19.243566109500001 ], [ 27.199329731199999, -19.242697743800001 ], [ 27.2118160126, -19.2381354487 ], [ 27.2129456057, -19.236299859900001 ], [ 27.2140854232, -19.2349457726 ], [ 27.215570723399999, -19.233983161699999 ], [ 27.217272254800001, -19.2334957942 ], [ 27.219041949499999, -19.233526080899999 ], [ 27.220708616100001, -19.2338038587 ], [ 27.222065521299999, -19.234198731500001 ], [ 27.224683559399999, -19.235309414300001 ], [ 27.2251364842, -19.235040685400001 ], [ 27.227080928700001, -19.234207352 ], [ 27.2290466213, -19.233735425399999 ], [ 27.2310574742, -19.2339431103 ], [ 27.231945071, -19.2343625538 ], [ 27.233733936899998, -19.233169976599999 ], [ 27.2365, -19.223595142699999 ], [ 27.2365, -19.221666666699999 ], [ 27.236861239500001, -19.2196162083 ], [ 27.2379723506, -19.2165606527 ], [ 27.238444444399999, -19.2155697052 ], [ 27.238444444399999, -19.214444444400002 ], [ 27.238504747499999, -19.213595916300001 ], [ 27.239060303, -19.2097070274 ], [ 27.2390816365, -19.209569161600001 ], [ 27.239277777800002, -19.208392313699999 ], [ 27.239277777800002, -19.207222222199999 ], [ 27.2395061476, -19.205582623 ], [ 27.240173872900002, -19.204067835499998 ], [ 27.241230124200001, -19.202793170300001 ], [ 27.241682785199998, -19.202482129900002 ], [ 27.2421722829, -19.201095219799999 ], [ 27.240533469399999, -19.190559990200001 ], [ 27.237624666199999, -19.181569143899999 ], [ 27.237336722599998, -19.179520580399998 ], [ 27.23776163, -19.1774959872 ], [ 27.238848877399999, -19.1757360392 ], [ 27.2400920989, -19.174337415 ], [ 27.240494534100002, -19.172727674200001 ], [ 27.237115188600001, -19.1723521913 ], [ 27.235724168200001, -19.1720265025 ], [ 27.234449576599999, -19.1713811907 ], [ 27.233616243299998, -19.170825635100002 ], [ 27.232364126699999, -19.1697089868 ], [ 27.229308571200001, -19.1660978757 ], [ 27.2283322368, -19.1644857631 ], [ 27.227904179700001, -19.162650306 ], [ 27.228066636400001, -19.1607726097 ], [ 27.228803577400001, -19.1590379473 ], [ 27.2289361409, -19.158885932600001 ], [ 27.228560960399999, -19.1570100301 ], [ 27.228514214299999, -19.1567456764 ], [ 27.226847547599998, -19.145912343100001 ], [ 27.226803741600001, -19.1455575767 ], [ 27.225006926900001, -19.126305990900001 ], [ 27.222029052900002, -19.122051885200001 ], [ 27.221520010799999, -19.121175388800001 ], [ 27.217805793, -19.1133183896 ], [ 27.210422328, -19.119139967799999 ], [ 27.204040082100001, -19.138797285 ], [ 27.203147358900001, -19.140525667399999 ], [ 27.201748593200001, -19.141877597600001 ], [ 27.183693037699999, -19.1543775976 ], [ 27.181190120899998, -19.155374674600001 ], [ 27.1529559158, -19.159718398500001 ], [ 27.129799438900001, -19.168768056099999 ], [ 27.1135860708, -19.177902348100002 ], [ 27.107942661, -19.1846744397 ], [ 27.106477917900001, -19.1859432832 ], [ 27.095644584599999, -19.1926099499 ], [ 27.093975397400001, -19.1933157719 ], [ 27.092171606099999, -19.193491006399999 ], [ 27.0917949251, -19.193412150699999 ], [ 27.086269442799999, -19.1991586523 ], [ 27.084982975599999, -19.200173715199998 ], [ 27.0762584607, -19.205297636600001 ], [ 27.073166650699999, -19.208904748199998 ], [ 27.072562138799999, -19.209515460199999 ], [ 27.070651642600001, -19.211187144299998 ], [ 27.0706700404, -19.212178483 ], [ 27.070168341500001, -19.213906781799999 ], [ 27.069176685799999, -19.2154085598 ], [ 27.0677842869, -19.216548710600001 ], [ 27.066116411199999, -19.217224661100001 ], [ 27.065276980099998, -19.217295314299999 ], [ 27.064749858, -19.217663826500001 ], [ 27.062727411499999, -19.218200916400001 ], [ 27.060643517799999, -19.2180108051 ], [ 27.0594170175, -19.217676305 ], [ 27.059189142200001, -19.217776086600001 ], [ 27.0571006383, -19.217906112200001 ], [ 27.055357039899999, -19.2173888889 ], [ 27.055277777800001, -19.2173888889 ], [ 27.053282094099998, -19.2170472673 ], [ 27.0521870002, -19.2164367124 ], [ 27.05062823, -19.2173174393 ], [ 27.048611111100001, -19.217666666700001 ], [ 27.048184084599999, -19.217666666700001 ], [ 27.0446447556, -19.2195132732 ], [ 27.043050424499999, -19.220753308500001 ], [ 27.035111095200001, -19.230015859400002 ], [ 27.0347256881, -19.2304250414 ], [ 27.033620627099999, -19.231493267099999 ], [ 27.0340185353, -19.239650386299999 ], [ 27.036087441700001, -19.247667398600001 ], [ 27.036231445, -19.249910875099999 ], [ 27.036130013600001, -19.2507223263 ], [ 27.038526725699999, -19.257476696800001 ], [ 27.0424193357, -19.264223887499998 ], [ 27.042840197299999, -19.265115481599999 ], [ 27.0434335741, -19.266697819800001 ], [ 27.044520418499999, -19.267424026 ], [ 27.045631529600001, -19.268535137099999 ], [ 27.046959749, -19.270549433700001 ], [ 27.047515304600001, -19.271938322600001 ], [ 27.047941855400001, -19.273990424600001 ], [ 27.0476365442, -19.276064033299999 ], [ 27.0462476553, -19.280230699899999 ], [ 27.045414322, -19.2827306999 ], [ 27.044351365400001, -19.285919569800001 ], [ 27.045184524700002, -19.2854677266 ], [ 27.046948338, -19.285117365400001 ], [ 27.0487367536, -19.285305407500001 ], [ 27.055125642499998, -19.286972074099999 ], [ 27.056864768800001, -19.2877365764 ], [ 27.058277713700001, -19.289006462300001 ], [ 27.059222828700001, -19.2906544252 ], [ 27.0631117175, -19.300932203 ], [ 27.063466527100001, -19.3024226617 ], [ 27.063432293, -19.303954387800001 ], [ 27.062566442200001, -19.309669002700002 ], [ 27.062846039099998, -19.310053834800001 ], [ 27.06342613, -19.311839171 ], [ 27.06342613, -19.313716384599999 ], [ 27.0629012823, -19.3153316997 ], [ 27.063801582699998, -19.315531766500001 ], [ 27.065387254899999, -19.316129254 ], [ 27.066742640699999, -19.3171462482 ], [ 27.0677596349, -19.318501633899999 ], [ 27.068357122399998, -19.3200873061 ], [ 27.068912677899998, -19.322587306100001 ], [ 27.0690334841, -19.3244030583 ], [ 27.068604395600001, -19.326171513199998 ], [ 27.067664883199999, -19.3277299953 ], [ 27.0662759943, -19.329396662 ], [ 27.065160764200002, -19.330433186400001 ], [ 27.0638205411, -19.331155629200001 ], [ 27.063227403599999, -19.331383759 ], [ 27.063214581099999, -19.3314268349 ], [ 27.0622424558, -19.332897211500001 ], [ 27.060884999700001, -19.334021643700002 ], [ 27.059259370100001, -19.334703085699999 ], [ 27.0575058694, -19.334882724500002 ], [ 27.055775836199999, -19.334545056300001 ], [ 27.054218583499999, -19.333719223900001 ], [ 27.0517436182, -19.331895565300002 ], [ 27.0515371947, -19.3319774446 ], [ 27.049554645899999, -19.332067375099999 ], [ 27.0476512115, -19.331505659200001 ], [ 27.046035137099999, -19.330353751800001 ], [ 27.044646248199999, -19.328964862900001 ], [ 27.0435704629, -19.327499693099998 ], [ 27.0429827962, -19.325779610400001 ], [ 27.042946791399999, -19.324345237700001 ], [ 27.042475122599999, -19.323981678199999 ], [ 27.041073312599998, -19.324236552799999 ], [ 27.0397238067, -19.324262167099999 ], [ 27.039406474900002, -19.324328539100001 ], [ 27.0324943054, -19.324605025899999 ] ], [ [ 26.964518607900001, -19.310536398899998 ], [ 26.973428709899999, -19.309851006399999 ], [ 26.975238045899999, -19.309986986199998 ], [ 26.978849157, -19.310820319499999 ], [ 26.980679993599999, -19.3115786768 ], [ 26.982902215900001, -19.312967565699999 ], [ 26.984287149099998, -19.3141617858 ], [ 26.985248025699999, -19.315717715600002 ], [ 26.988164426299999, -19.322611026099999 ], [ 26.990229081799999, -19.3262241732 ], [ 26.994052677799999, -19.327614571800002 ], [ 27.000395377, -19.318734793099999 ], [ 27.0005741212, -19.318541879800001 ], [ 26.992392564300001, -19.316009493100001 ], [ 26.991317071099999, -19.315557910799999 ], [ 26.9747761482, -19.306631063499999 ], [ 26.9675157826, -19.305641013700001 ], [ 26.964518607900001, -19.310536398899998 ] ], [ [ 27.008743947399999, -19.308315425899998 ], [ 27.008832972899999, -19.307941518700002 ], [ 27.001712681499999, -19.3063326067 ], [ 27.007255712700001, -19.308048306900002 ], [ 27.008743947399999, -19.308315425899998 ] ], [ [ 27.0212977638, -19.268013659499999 ], [ 27.021471758699999, -19.268134390699998 ], [ 27.02390123, -19.267913529699999 ], [ 27.025744309299998, -19.268031385 ], [ 27.0274642326, -19.268704211500001 ], [ 27.0288980451, -19.269868261900001 ], [ 27.029909899700002, -19.271413247800002 ], [ 27.0304039281, -19.273192789199999 ], [ 27.030392996300002, -19.2734785285 ], [ 27.0305521907, -19.273469908 ], [ 27.032251588200001, -19.273882938300002 ], [ 27.0337596916, -19.2747684719 ], [ 27.033889864599999, -19.274908952099999 ], [ 27.033182549799999, -19.273520768600001 ], [ 27.033128504, -19.273179537099999 ], [ 27.032540685400001, -19.2718079602 ], [ 27.032437580500002, -19.271551185100002 ], [ 27.031777926499998, -19.269792107800001 ], [ 27.027858442, -19.262998334700001 ], [ 27.027400989099998, -19.2620064591 ], [ 27.024345433499999, -19.253395348 ], [ 27.024046332699999, -19.250644680499999 ], [ 27.024182176699998, -19.2495579285 ], [ 27.0233345559, -19.246273398 ], [ 27.0228436174, -19.246610918199998 ], [ 27.021224120100001, -19.247396654 ], [ 27.021079092699999, -19.247418657600001 ], [ 27.020738837100001, -19.247588785400001 ], [ 27.019557929600001, -19.247984002700001 ], [ 27.019590504, -19.2485524059 ], [ 27.019219694899999, -19.2501871718 ], [ 27.018411111100001, -19.251655555599999 ], [ 27.0175777778, -19.252766666700001 ], [ 27.015999030700002, -19.254228635600001 ], [ 27.013960426699999, -19.255525929 ], [ 27.014527633099998, -19.2560629277 ], [ 27.020083188699999, -19.262451816599999 ], [ 27.021086417599999, -19.264063041699998 ], [ 27.021536174, -19.265907014 ], [ 27.021387450799999, -19.2677992074 ], [ 27.0212977638, -19.268013659499999 ] ], [ [ 27.013564495400001, -19.214749344400001 ], [ 27.013643784599999, -19.2147794901 ], [ 27.013594289899999, -19.214704172099999 ], [ 27.013564495400001, -19.214749344400001 ] ], [ [ 26.9917907763, -19.217839787199999 ], [ 26.991929139900002, -19.217493878199999 ], [ 26.993019522, -19.215731568500001 ], [ 26.994644408900001, -19.214445329299998 ], [ 26.996609957299999, -19.213788604099999 ], [ 26.997409726, -19.213668638800002 ], [ 26.9983565458, -19.212690947799999 ], [ 26.9994113007, -19.212141124399999 ], [ 26.997651055399999, -19.211290726800001 ], [ 26.996252111, -19.209908848800001 ], [ 26.995375054499998, -19.2081489043 ], [ 26.995114087499999, -19.206199922900002 ], [ 26.995497239599999, -19.2042712376 ], [ 26.995988606699999, -19.203423538700001 ], [ 26.994311619200001, -19.203165540600001 ], [ 26.994093980399999, -19.203825719699999 ], [ 26.9929828693, -19.206325719700001 ], [ 26.992185212900001, -19.2076370592 ], [ 26.990166666699999, -19.210160241899999 ], [ 26.990166666699999, -19.2138065567 ], [ 26.991056263499999, -19.2166532665 ], [ 26.9917907763, -19.217839787199999 ] ], [ [ 27.030570184799998, -19.216874499199999 ], [ 27.030704037700001, -19.216718337500001 ], [ 27.030602503699999, -19.216696961899999 ], [ 27.030570184799998, -19.216874499199999 ] ], [ [ 27.033218918799999, -19.06528347 ], [ 27.023693855200001, -19.068702723600001 ], [ 27.023390754, -19.0688025133 ], [ 27.013101146299999, -19.0718893956 ], [ 27.004073353599999, -19.077745261099999 ], [ 26.996480446300001, -19.0853381684 ], [ 26.995865233499998, -19.087593948599999 ], [ 27.0002480757, -19.0957022067 ], [ 27.007161183800001, -19.107869276900001 ], [ 27.007761889299999, -19.109364546399998 ], [ 27.007942982900001, -19.110965759500001 ], [ 27.007691402199999, -19.112557420600002 ], [ 27.0065483857, -19.116367475400001 ], [ 27.012065868200001, -19.119047395500001 ], [ 27.0134537683, -19.119980665500002 ], [ 27.0145301373, -19.121260778500002 ], [ 27.015211339499999, -19.122788267600001 ], [ 27.0154444444, -19.124444444400002 ], [ 27.0154444444, -19.131388888899998 ], [ 27.015158217500002, -19.133219953499999 ], [ 27.014548002400002, -19.134435701099999 ], [ 27.014554823499999, -19.134457849099999 ], [ 27.0145073208, -19.136388953600001 ], [ 27.0138486725, -19.138204884 ], [ 27.012647147900001, -19.1397174182 ], [ 27.011446020099999, -19.140809352600002 ], [ 27.011329290100001, -19.143610871500002 ], [ 27.013292648, -19.148192039800001 ], [ 27.013745515699998, -19.149934183 ], [ 27.0137447657, -19.149950189599998 ], [ 27.015293637100001, -19.1512777937 ], [ 27.0164598683, -19.1526262836 ], [ 27.0171783714, -19.154257931099998 ], [ 27.017385708199999, -19.1560286743 ], [ 27.0170635725, -19.157782170400001 ], [ 27.0162404063, -19.159363599399999 ], [ 27.0149888889, -19.160633333300002 ], [ 27.0148829203, -19.1607128098 ], [ 27.011890043699999, -19.166007899099998 ], [ 27.0118116242, -19.1661425301 ], [ 27.0114843032, -19.166688065 ], [ 27.011785007099999, -19.167740528700001 ], [ 27.013920307900001, -19.169021709100001 ], [ 27.014161534500001, -19.169174364900002 ], [ 27.014994867799999, -19.1697299205 ], [ 27.0160774133, -19.170654629 ], [ 27.016911610299999, -19.1718083646 ], [ 27.019689388100002, -19.176808364599999 ], [ 27.020191402199998, -19.177998134900001 ], [ 27.021188130399999, -19.181320562300002 ], [ 27.021844486100001, -19.181223054899998 ], [ 27.022804856, -19.181333168599998 ], [ 27.0254948575, -19.1672106607 ], [ 27.026408591300001, -19.1649871959 ], [ 27.038353035699998, -19.147209418100001 ], [ 27.038750568200001, -19.146682796299999 ], [ 27.055024205900001, -19.1274256584 ], [ 27.064721236800001, -19.109647768399999 ], [ 27.074966357800001, -19.090505568600001 ], [ 27.078932006100001, -19.076757987800001 ], [ 27.079783855700001, -19.073428030300001 ], [ 27.078962024, -19.0726817756 ], [ 27.078822696700001, -19.072446731100001 ], [ 27.076200433699999, -19.074769306899999 ], [ 27.075036857400001, -19.0755766294 ], [ 27.073716468499999, -19.076088735399999 ], [ 27.0639942462, -19.0785887354 ], [ 27.0620408439, -19.078760183299998 ], [ 27.060136484200001, -19.078292648 ], [ 27.058192039800002, -19.077459314599999 ], [ 27.056572903900001, -19.076432036900002 ], [ 27.055360540599999, -19.074946413799999 ], [ 27.054678776100001, -19.0731541812 ], [ 27.054597243, -19.0712383907 ], [ 27.055124269, -19.0693947139 ], [ 27.0562060255, -19.067811456699999 ], [ 27.057562778499999, -19.066779106799999 ], [ 27.056799213600002, -19.066008261699999 ], [ 27.0559568191, -19.064343269 ], [ 27.055666666699999, -19.0625 ], [ 27.055666666699999, -19.060927764900001 ], [ 27.055547857299999, -19.061105979 ], [ 27.054030398599998, -19.062669144200001 ], [ 27.052054823700001, -19.063587441700001 ], [ 27.043443712599998, -19.065809663900001 ], [ 27.040901732399998, -19.065908701400001 ], [ 27.036998387499999, -19.0652198758 ], [ 27.035848528100001, -19.065384141399999 ], [ 27.034337410799999, -19.0654077469 ], [ 27.033218918799999, -19.06528347 ] ], [ [ 27.106469394600001, -19.096579425 ], [ 27.107690999199999, -19.103705451900002 ], [ 27.107757102099999, -19.1036950146 ], [ 27.107448869300001, -19.097684473400001 ], [ 27.106469394600001, -19.096579425 ] ], [ [ 27.140947659599998, -19.127034199200001 ], [ 27.1410767757, -19.127348881300001 ], [ 27.141277777799999, -19.128888888900001 ], [ 27.141277777799999, -19.134722222200001 ], [ 27.141050978799999, -19.136356281699999 ], [ 27.140387727699999, -19.137866806800002 ], [ 27.138165505500002, -19.141477917900001 ], [ 27.136992774100001, -19.142860839299999 ], [ 27.135460468600002, -19.143830277300001 ], [ 27.134253364300001, -19.1443583854 ], [ 27.134326818400002, -19.145001752199999 ], [ 27.133933407, -19.146876096700002 ], [ 27.1332719215, -19.1485959591 ], [ 27.134239219800001, -19.1484774117 ], [ 27.138333954099998, -19.148908436399999 ], [ 27.145054232, -19.146028317300001 ], [ 27.1685822667, -19.132075645600001 ], [ 27.187721538600002, -19.120484255499999 ], [ 27.1925202336, -19.1159087556 ], [ 27.174273149600001, -19.117063634400001 ], [ 27.161762077199999, -19.120257950700001 ], [ 27.161021986200002, -19.120398111699998 ], [ 27.155889631400001, -19.121039656099999 ], [ 27.1510290302, -19.1245746387 ], [ 27.148801582699999, -19.125579344599998 ], [ 27.146378636800002, -19.126117777 ], [ 27.145344102599999, -19.126376410599999 ], [ 27.144875282800001, -19.1264739191 ], [ 27.141541949499999, -19.127029474699999 ], [ 27.140947659599998, -19.127034199200001 ] ], [ [ 27.032542460599998, -19.197997623199999 ], [ 27.034534662900001, -19.1961529915 ], [ 27.035968668199999, -19.195168766599998 ], [ 27.0376247172, -19.194637192 ], [ 27.0441839247, -19.193543990799999 ], [ 27.044997867, -19.192893139399999 ], [ 27.0465410242, -19.192249851900002 ], [ 27.051626112699999, -19.1909233071 ], [ 27.051426667299999, -19.190441803199999 ], [ 27.0512222222, -19.188888888899999 ], [ 27.0512222222, -19.184161055 ], [ 27.050969085199998, -19.181376547799999 ], [ 27.0511603303, -19.179238333699999 ], [ 27.052092027899999, -19.177304303100001 ], [ 27.056528049899999, -19.171204772900001 ], [ 27.0615196828, -19.1642719494 ], [ 27.062756171899998, -19.1630024906 ], [ 27.0643095581, -19.162149600100001 ], [ 27.066044333, -19.1617876792 ], [ 27.067809165, -19.161948299599999 ], [ 27.069450100400001, -19.162617449900001 ], [ 27.085827097, -19.172332617399999 ], [ 27.0860641642, -19.1711857845 ], [ 27.087040896200001, -19.169512044699999 ], [ 27.0921908314, -19.1632779125 ], [ 27.103015759800002, -19.1482286219 ], [ 27.105957767500001, -19.1406413389 ], [ 27.105854382899999, -19.140606985 ], [ 27.104346809900001, -19.1394986468 ], [ 27.103253962699998, -19.137979806800001 ], [ 27.102682126400001, -19.136198180200001 ], [ 27.1026869152, -19.1343270397 ], [ 27.103267863300001, -19.132548363400002 ], [ 27.104368470400001, -19.1310351371 ], [ 27.104481161500001, -19.130922446 ], [ 27.1028415012, -19.123635067 ], [ 27.102616640600001, -19.123016700299999 ], [ 27.101652916900001, -19.121717269299999 ], [ 27.1010597328, -19.120059430800001 ], [ 27.100973336100001, -19.118300786 ], [ 27.101222222200001, -19.117307176899999 ], [ 27.101222222200001, -19.116944444400001 ], [ 27.101318768199999, -19.116312499 ], [ 27.1000794885, -19.115914588599999 ], [ 27.0985667685, -19.1148295936 ], [ 27.097459420900002, -19.1133331588 ], [ 27.0968640442, -19.111569338399999 ], [ 27.093532082100001, -19.0921328927 ], [ 27.092467330400002, -19.0916335595 ], [ 27.09109722, -19.0903503103 ], [ 27.090190713399998, -19.088706480500001 ], [ 27.089836545800001, -19.086862979500001 ], [ 27.0900693854, -19.085000261899999 ], [ 27.090455211799998, -19.084177546100001 ], [ 27.089552912399999, -19.084332352800001 ], [ 27.089248205800001, -19.084291351400001 ], [ 27.086320497100001, -19.094440741700001 ], [ 27.085845542600001, -19.095609038500001 ], [ 27.0752899871, -19.1153312607 ], [ 27.075267373399999, -19.1153731128 ], [ 27.065267373400001, -19.1337064461 ], [ 27.064582765099999, -19.134706092599998 ], [ 27.048129364800001, -19.154175949599999 ], [ 27.037053368399999, -19.170661153600001 ], [ 27.033949587, -19.186956006 ], [ 27.033615991200001, -19.188087564 ], [ 27.032520418600001, -19.1907899763 ], [ 27.032660281599998, -19.192221174499998 ], [ 27.032336583100001, -19.193907107800001 ], [ 27.0310402096, -19.197652186900001 ], [ 27.031198236, -19.197645630299998 ], [ 27.032542460599998, -19.197997623199999 ] ], [ [ 27.064734968500002, -19.189370579 ], [ 27.071689298900001, -19.18876055 ], [ 27.0726889924, -19.186761162900002 ], [ 27.073122402399999, -19.186029184599999 ], [ 27.075622402400001, -19.182418073499999 ], [ 27.0759373474, -19.182092884100001 ], [ 27.0763304249, -19.1806516 ], [ 27.068049904199999, -19.175739426700002 ], [ 27.0662580949, -19.178228050600001 ], [ 27.066241305399998, -19.178251252399999 ], [ 27.063124102500002, -19.1825374063 ], [ 27.063197581499999, -19.183345674400002 ], [ 27.0632222222, -19.1838888889 ], [ 27.0632222222, -19.186437742599999 ], [ 27.064234928, -19.1878316126 ], [ 27.064734968500002, -19.189370579 ] ], [ [ 27.250580544, -19.180428772300001 ], [ 27.250094794100001, -19.18112939 ], [ 27.2518428787, -19.1865325608 ], [ 27.2521233911, -19.186284984 ], [ 27.253914409699998, -19.185561230299999 ], [ 27.2534866779, -19.184206746299999 ], [ 27.250580544, -19.180428772300001 ] ], [ [ 27.256197637900001, -19.20185686 ], [ 27.254644519900001, -19.1976210835 ], [ 27.254631332900001, -19.1975642799 ], [ 27.253745518599999, -19.197423980699998 ], [ 27.254262032100002, -19.2007444246 ], [ 27.254307690099999, -19.202220797399999 ], [ 27.253991275299999, -19.203663587400001 ], [ 27.253401050899999, -19.205335889899999 ], [ 27.255220828799999, -19.203516112 ], [ 27.255607182399999, -19.202717941 ], [ 27.256197637900001, -19.20185686 ] ], [ [ 27.204817970699999, -19.283057333 ], [ 27.2069056942, -19.279431287 ], [ 27.209537712500001, -19.2739040487 ], [ 27.215884818799999, -19.259278108 ], [ 27.217032823099998, -19.257540567900001 ], [ 27.218705607299999, -19.256300103499999 ], [ 27.218933609400001, -19.256186102499999 ], [ 27.218526080899998, -19.2548752828 ], [ 27.2179705253, -19.251541949500002 ], [ 27.2178963749, -19.2502559299 ], [ 27.217977020100001, -19.248643024900002 ], [ 27.217892491099999, -19.2486911451 ], [ 27.212029575300001, -19.2508333643 ], [ 27.211541337500002, -19.257912812499999 ], [ 27.211003311900001, -19.2600143491 ], [ 27.209336645200001, -19.2636254602 ], [ 27.209255452, -19.263794392699999 ], [ 27.207061748899999, -19.268181798899999 ], [ 27.207064615499998, -19.26824551 ], [ 27.2064776743, -19.270183281600001 ], [ 27.205755950899999, -19.271626728299999 ], [ 27.205293082400001, -19.2727838996 ], [ 27.204044143499999, -19.274717405699999 ], [ 27.198000065700001, -19.280993948 ], [ 27.200384811399999, -19.281258919799999 ], [ 27.202085738, -19.281707352 ], [ 27.204030182499999, -19.282540685400001 ], [ 27.204817970699999, -19.283057333 ] ], [ [ 27.2726689098, -19.1869033519 ], [ 27.271108485900001, -19.1845627161 ], [ 27.2686952434, -19.181963839600002 ], [ 27.268962276, -19.185702295500001 ], [ 27.269682036500001, -19.187261776700002 ], [ 27.2726689098, -19.1869033519 ] ], [ [ 27.241653195200001, -19.159902712800001 ], [ 27.243205788499999, -19.159914499199999 ], [ 27.243298356499999, -19.159945355200001 ], [ 27.243701258, -19.159851411 ], [ 27.245506557500001, -19.159984855499999 ], [ 27.246457142899999, -19.160360837599999 ], [ 27.245598787599999, -19.159492006200001 ], [ 27.244723444600002, -19.157520537 ], [ 27.2446018883, -19.155366902699999 ], [ 27.2451343898, -19.1511068909 ], [ 27.245591610799998, -19.143791354400001 ], [ 27.241507909900001, -19.133942428800001 ], [ 27.241013262700001, -19.133790229599999 ], [ 27.2406710371, -19.133673530599999 ], [ 27.2384488149, -19.132840197299998 ], [ 27.237629782900001, -19.132420661400001 ], [ 27.238735197299999, -19.144264387300002 ], [ 27.240354259299998, -19.154788290399999 ], [ 27.240810225600001, -19.157068121799998 ], [ 27.241525433100001, -19.159213744500001 ], [ 27.241653195200001, -19.159902712800001 ] ], [ [ 27.257153261500001, -19.140344971699999 ], [ 27.257209119300001, -19.140479687599999 ], [ 27.2576549821, -19.143152047499999 ], [ 27.257218691399999, -19.1501327002 ], [ 27.2620127922, -19.148288815299999 ], [ 27.2636929751, -19.147907616800001 ], [ 27.263939784400002, -19.147923692100001 ], [ 27.263901620599999, -19.147851180899998 ], [ 27.2607436433, -19.144207361 ], [ 27.259635992300002, -19.142263445499999 ], [ 27.257153261500001, -19.140344971699999 ] ], [ [ 27.281974834700002, -19.153829905199999 ], [ 27.282214184600001, -19.153556362500002 ], [ 27.283257359299999, -19.1518684704 ], [ 27.2843684704, -19.150757359299998 ], [ 27.2858871681, -19.1496539609 ], [ 27.286948142899998, -19.149309229299998 ], [ 27.287289942699999, -19.149167651199999 ], [ 27.288102072200001, -19.147441875799998 ], [ 27.287795726199999, -19.1470535672 ], [ 27.287142043900001, -19.145181743 ], [ 27.287134088599998, -19.1431990773 ], [ 27.287772729, -19.141322067699999 ], [ 27.2897171734, -19.137710956599999 ], [ 27.290636713600001, -19.1364370933 ], [ 27.291855415400001, -19.135445605699999 ], [ 27.294729930900001, -19.133676673 ], [ 27.2956524204, -19.132651684799999 ], [ 27.295845811700001, -19.1318781196 ], [ 27.295919709, -19.131609246 ], [ 27.299253042299998, -19.1204981349 ], [ 27.299268284699998, -19.120448119900001 ], [ 27.302879395800002, -19.108781453199999 ], [ 27.303065542599999, -19.108264994599999 ], [ 27.306960019400002, -19.098836261100001 ], [ 27.295354003900002, -19.1032811181 ], [ 27.288292585899999, -19.109401013700001 ], [ 27.281726997300002, -19.118067590599999 ], [ 27.279858302, -19.119689388099999 ], [ 27.274858302, -19.122467165900002 ], [ 27.272728554699999, -19.123170765800001 ], [ 27.270489230700001, -19.123043077199998 ], [ 27.2627114529, -19.121098632799999 ], [ 27.262059926, -19.120895752799999 ], [ 27.259837703799999, -19.120062419500002 ], [ 27.258455450300001, -19.119325727 ], [ 27.257310966, -19.118256383199999 ], [ 27.256482245600001, -19.116927262099999 ], [ 27.254154688500002, -19.111806636499999 ], [ 27.2526785879, -19.110330535900001 ], [ 27.2529077469, -19.112392966400002 ], [ 27.252944444400001, -19.113055555599999 ], [ 27.252944444400001, -19.115197240299999 ], [ 27.2539508578, -19.116778747 ], [ 27.254847792500001, -19.119298952499999 ], [ 27.2554033481, -19.124021174700001 ], [ 27.2554000913, -19.1240528933 ], [ 27.256168685, -19.124418956700001 ], [ 27.268390907200001, -19.133863401100001 ], [ 27.2696147867, -19.135137955099999 ], [ 27.270414322, -19.1367137445 ], [ 27.270592821899999, -19.137249244100001 ], [ 27.273423023399999, -19.1405148612 ], [ 27.274198398199999, -19.141649965799999 ], [ 27.276976176, -19.146927743599999 ], [ 27.277083829799999, -19.147142620699999 ], [ 27.279254438799999, -19.151700899800002 ], [ 27.281974834700002, -19.153829905199999 ] ], [ [ 27.194060819600001, -19.1306741597 ], [ 27.174774874800001, -19.142354379899999 ], [ 27.1747271258, -19.142382996399999 ], [ 27.1705265338, -19.1448740451 ], [ 27.1779991133, -19.1437244175 ], [ 27.1932522502, -19.133164553499999 ], [ 27.194060819600001, -19.1306741597 ] ], [ [ 27.135054928300001, -19.107625500600001 ], [ 27.140483156799998, -19.1037860219 ], [ 27.140615382, -19.1036449817 ], [ 27.140390437899999, -19.0937474395 ], [ 27.140505404799999, -19.092434414300001 ], [ 27.1405751052, -19.0920859123 ], [ 27.1399472841, -19.0880050749 ], [ 27.133397929499999, -19.099186899700001 ], [ 27.133284479499999, -19.100586116500001 ], [ 27.134974648099998, -19.1071053382 ], [ 27.135054928300001, -19.107625500600001 ] ], [ [ 27.1216564343, -19.095512984100001 ], [ 27.121969374700001, -19.091653385800001 ], [ 27.1157501283, -19.074550458400001 ], [ 27.1153925196, -19.072708697900001 ], [ 27.115621216699999, -19.070846531699999 ], [ 27.116082322499999, -19.069857297599999 ], [ 27.115385577, -19.068347682399999 ], [ 27.114892148, -19.0666713769 ], [ 27.1148942445, -19.066322297700001 ], [ 27.114021078, -19.066516009200001 ], [ 27.1106901542, -19.066900346499999 ], [ 27.104414064899998, -19.070257324500002 ], [ 27.103690672799999, -19.0725078778 ], [ 27.107463703299999, -19.0796100528 ], [ 27.117823415, -19.091297932700002 ], [ 27.118886808599999, -19.093006453699999 ], [ 27.119325459300001, -19.0949704893 ], [ 27.119352608300002, -19.095499895700002 ], [ 27.120746027199999, -19.0958095443 ], [ 27.121383992599998, -19.096063157900002 ], [ 27.121496688099999, -19.095818984299999 ], [ 27.1216564343, -19.095512984100001 ] ], [ [ 27.071831295700001, -19.059434968400002 ], [ 27.071084970600001, -19.055106283200001 ], [ 27.070952289200001, -19.0551333254 ], [ 27.069988582299999, -19.056032785199999 ], [ 27.069589402, -19.056698085600001 ], [ 27.068687085099999, -19.0578537518 ], [ 27.068446124299999, -19.058094712599999 ], [ 27.069429791600001, -19.058326163699999 ], [ 27.071142530100001, -19.059021709100001 ], [ 27.071831295700001, -19.059434968400002 ] ], [ [ 27.133430007600001, -19.064647539100001 ], [ 27.133293313399999, -19.068064893599999 ], [ 27.1335190012, -19.068414709700001 ], [ 27.133519493, -19.0679428706 ], [ 27.134102955500001, -19.0661560341 ], [ 27.13565263, -19.063127124899999 ], [ 27.1352490421, -19.063511494299998 ], [ 27.1339287359, -19.064463929199999 ], [ 27.133430007600001, -19.064647539100001 ] ], [ [ 27.1514215702, -19.065681309599999 ], [ 27.150911111100001, -19.066655555600001 ], [ 27.150280577099998, -19.067496267599999 ], [ 27.150211435300001, -19.068044732 ], [ 27.149436746199999, -19.069717090099999 ], [ 27.148956442900001, -19.070437545099999 ], [ 27.149302539899999, -19.0708465688 ], [ 27.1503119453, -19.072541626900001 ], [ 27.1507170207, -19.074472439 ], [ 27.150980920399999, -19.080806032 ], [ 27.152151670799999, -19.0884159093 ], [ 27.156796042100002, -19.085482622099999 ], [ 27.157215958, -19.085240566300001 ], [ 27.163033823, -19.082193113300001 ], [ 27.171907290899998, -19.077479083499998 ], [ 27.1724281115, -19.077233676799999 ], [ 27.173184411699999, -19.076920725 ], [ 27.1725124783, -19.074232991500001 ], [ 27.172357974099999, -19.0722345633 ], [ 27.172472754499999, -19.070971979199999 ], [ 27.172188700500001, -19.070602709 ], [ 27.171297527299998, -19.068972331800001 ], [ 27.170947880899998, -19.067147484700001 ], [ 27.171173291399999, -19.0653031666 ], [ 27.171296092199999, -19.0650371909 ], [ 27.171296092199999, -19.0648947265 ], [ 27.1718761831, -19.063109390299999 ], [ 27.172979581500002, -19.061590692599999 ], [ 27.174498279200002, -19.060487294200001 ], [ 27.176166003399999, -19.0599454177 ], [ 27.175764340600001, -19.057214110299999 ], [ 27.173038091799999, -19.045218615500001 ], [ 27.172985669399999, -19.044962201499999 ], [ 27.1727653915, -19.0437506729 ], [ 27.172449350699999, -19.043434632 ], [ 27.171813184200001, -19.0433437511 ], [ 27.169711264499998, -19.0439488492 ], [ 27.1514215702, -19.065681309599999 ] ], [ [ 27.240487049799999, -19.109271315 ], [ 27.239870030900001, -19.1037181447 ], [ 27.239833333299998, -19.103055555600001 ], [ 27.239833333299998, -19.091388888899999 ], [ 27.239903103100001, -19.090476545800001 ], [ 27.240455140800002, -19.086888300799998 ], [ 27.236740446900001, -19.088480312400002 ], [ 27.235031419, -19.0901449576 ], [ 27.233937191100001, -19.090801494299999 ], [ 27.2329539656, -19.092478761399999 ], [ 27.232293237899999, -19.093395472099999 ], [ 27.2290027124, -19.097156072699999 ], [ 27.227906925500001, -19.0996215933 ], [ 27.229769375699998, -19.100522033800001 ], [ 27.236991597900001, -19.106077589400002 ], [ 27.2374030139, -19.106424512699999 ], [ 27.240487049799999, -19.109271315 ] ], [ [ 27.186430861800002, -19.096800184599999 ], [ 27.1861092838, -19.096654321799999 ], [ 27.184683475500002, -19.095318128700001 ], [ 27.183762639600001, -19.093594643100001 ], [ 27.1835775576, -19.092473213 ], [ 27.179902705899998, -19.089206678099998 ], [ 27.179700402600002, -19.0890043749 ], [ 27.1793788369, -19.088894591 ], [ 27.1787460151, -19.088405048199999 ], [ 27.178604989299998, -19.088348637900001 ], [ 27.177933944100001, -19.087942177599999 ], [ 27.177282637200001, -19.088211683899999 ], [ 27.1686482647, -19.092798694300001 ], [ 27.168617375299998, -19.092814989200001 ], [ 27.162998892299999, -19.095758004099999 ], [ 27.158898344299999, -19.098347823899999 ], [ 27.158192458, -19.099318417599999 ], [ 27.1609788182, -19.0984427044 ], [ 27.1620900331, -19.098206213099999 ], [ 27.169312255400001, -19.0973728797 ], [ 27.169806552200001, -19.0973364526 ], [ 27.186430861800002, -19.096800184599999 ] ], [ [ 27.195882897, -19.083588151499999 ], [ 27.196632631500002, -19.0833496869 ], [ 27.196150749899999, -19.081559840800001 ], [ 27.195945615700001, -19.0801185467 ], [ 27.1960936473, -19.0786702734 ], [ 27.197482536199999, -19.072559162299999 ], [ 27.197966770200001, -19.071205607300001 ], [ 27.199633436900001, -19.067872274 ], [ 27.200757359299999, -19.066312914899999 ], [ 27.2011705884, -19.065899685800002 ], [ 27.207507698200001, -19.056394021 ], [ 27.208113668399999, -19.055628312700001 ], [ 27.215971480299999, -19.047209228500002 ], [ 27.215102198899999, -19.046635849099999 ], [ 27.213913513800001, -19.045121254 ], [ 27.213813266799999, -19.0448406579 ], [ 27.2121657215, -19.043852130699999 ], [ 27.210714751899999, -19.043670759499999 ], [ 27.210062138800001, -19.0445154602 ], [ 27.207839916499999, -19.046459904599999 ], [ 27.206572170499999, -19.047311007600001 ], [ 27.198981779699999, -19.051106203 ], [ 27.198194923599999, -19.054193099900001 ], [ 27.197662703700001, -19.068829148799999 ], [ 27.197214735300001, -19.070895609899999 ], [ 27.1939728947, -19.078768651499999 ], [ 27.1939008871, -19.0810757727 ], [ 27.193473988200001, -19.082021791399999 ], [ 27.193651942300001, -19.082479387599999 ], [ 27.194753641199998, -19.082910598 ], [ 27.195882897, -19.083588151499999 ] ], [ [ 27.1418370371, -19.042088856700001 ], [ 27.140082080900001, -19.0412413054 ], [ 27.1339709698, -19.036796861 ], [ 27.1329218801, -19.0358226938 ], [ 27.132133436899998, -19.034627726 ], [ 27.1315778813, -19.033516614900002 ], [ 27.131013066600001, -19.0317381849 ], [ 27.131015645600002, -19.031194608500002 ], [ 27.129943391699999, -19.028513973599999 ], [ 27.1284783561, -19.0302537034 ], [ 27.127298033199999, -19.031326270299999 ], [ 27.127279454899998, -19.0313390982 ], [ 27.127351145199999, -19.0326163816 ], [ 27.126794669300001, -19.034547815 ], [ 27.125707264900001, -19.036080347599999 ], [ 27.126196141299999, -19.039013606099999 ], [ 27.126271298300001, -19.0402787684 ], [ 27.1260725892, -19.044551014300001 ], [ 27.129167942, -19.0527315896 ], [ 27.132806513399998, -19.0492662835 ], [ 27.133196274199999, -19.048925898299998 ], [ 27.141529607500001, -19.042259231599999 ], [ 27.1418370371, -19.042088856700001 ] ], [ [ 27.138269543100002, -19.018188884299999 ], [ 27.139459749, -19.019993878200001 ], [ 27.142793082400001, -19.028327211499999 ], [ 27.142806912099999, -19.028385032900001 ], [ 27.1453260364, -19.0302171234 ], [ 27.149480222299999, -19.0298558898 ], [ 27.150089542300002, -19.029834001499999 ], [ 27.156402237, -19.029928220799999 ], [ 27.1496491752, -19.022380681200001 ], [ 27.149618504100001, -19.022386363599999 ], [ 27.1477901025, -19.0221563106 ], [ 27.146117759500001, -19.0213822011 ], [ 27.144759231599998, -19.0201370592 ], [ 27.1436481205, -19.0187481703 ], [ 27.143332673900002, -19.018206844200002 ], [ 27.142424026, -19.017298196199999 ], [ 27.1412608535, -19.015658858 ], [ 27.1408164182, -19.014116189 ], [ 27.140232579500001, -19.0133142056 ], [ 27.138354722, -19.018046406500002 ], [ 27.138269543100002, -19.018188884299999 ] ], [ [ 27.184271542299999, -19.025158136200002 ], [ 27.182512478300001, -19.018121880399999 ], [ 27.182452618700001, -19.0175994381 ], [ 27.18117308, -19.019610141800001 ], [ 27.179778106099999, -19.021137904300002 ], [ 27.1783707228, -19.0218782506 ], [ 27.1774825159, -19.028476359500001 ], [ 27.1776801691, -19.028571525899999 ], [ 27.184271542299999, -19.025158136200002 ] ], [ [ 27.11950593, -18.9886848457 ], [ 27.1195517536, -18.988714006199999 ], [ 27.121406071199999, -18.987871134500001 ], [ 27.122433675100002, -18.987512478300001 ], [ 27.1235447862, -18.987234700599998 ], [ 27.1251960556, -18.9870587596 ], [ 27.126832306899999, -18.987342180799999 ], [ 27.128328201199999, -18.9880632538 ], [ 27.1291615345, -18.9886188093 ], [ 27.1295773107, -18.989 ], [ 27.129605970699998, -18.989 ], [ 27.130080676799999, -18.987267491499999 ], [ 27.131082920800001, -18.98572278 ], [ 27.1325064157, -18.984554752200001 ], [ 27.133042820099998, -18.984341111 ], [ 27.12909664, -18.980597299199999 ], [ 27.128968437, -18.981227153500001 ], [ 27.128109659500002, -18.9827980174 ], [ 27.1268256414, -18.984045578900002 ], [ 27.125230699900001, -18.9848587665 ], [ 27.1243973666, -18.9851365442 ], [ 27.122460294700002, -18.9854443131 ], [ 27.1205274657, -18.985110934400002 ], [ 27.120474319100001, -18.9850819575 ], [ 27.120258183499999, -18.985568198799999 ], [ 27.119970202800001, -18.9858682574 ], [ 27.11950593, -18.9886848457 ] ], [ [ 27.161132657100001, -19.010043534099999 ], [ 27.1612347885, -19.010023107799999 ], [ 27.165047077800001, -19.0087523447 ], [ 27.166584952899999, -19.008455223599999 ], [ 27.168147326700002, -19.0085662581 ], [ 27.169152766, -19.008913736 ], [ 27.169417377, -19.0089505921 ], [ 27.169676001100001, -19.009064594800002 ], [ 27.170015194800001, -19.009060303 ], [ 27.171959639200001, -19.009338080799999 ], [ 27.173293450900001, -19.009795721900002 ], [ 27.174568126400001, -19.008450932500001 ], [ 27.178457015300001, -19.005673154699998 ], [ 27.180401459700001, -19.004284265799999 ], [ 27.181783949300002, -19.003548016500002 ], [ 27.183309887099998, -19.003194668900001 ], [ 27.183473105800001, -19.0032002612 ], [ 27.183521342199999, -19.002967683200001 ], [ 27.1860213422, -18.996023238700001 ], [ 27.1864691581, -18.995209854700001 ], [ 27.184895031100002, -18.994544550800001 ], [ 27.183490634199998, -18.9933382207 ], [ 27.182520863899999, -18.991761163700001 ], [ 27.182482914200001, -18.991607103700002 ], [ 27.180265436700001, -18.991808692599999 ], [ 27.178049574700001, -18.991595472699998 ], [ 27.176077945700001, -18.990596167 ], [ 27.175941446100001, -18.990781416499999 ], [ 27.1742495827, -18.992335928900001 ], [ 27.172097505, -18.993140585799999 ], [ 27.1604308384, -18.995085030199998 ], [ 27.159964222100001, -18.995144110199998 ], [ 27.155992852299999, -18.995489446699999 ], [ 27.155689058699998, -18.996704621199999 ], [ 27.156633081199999, -18.999536688700001 ], [ 27.157298196199999, -19.0002018038 ], [ 27.158297156700002, -19.0015245785 ], [ 27.1588960586, -19.0030702084 ], [ 27.1592128371, -19.004416517 ], [ 27.1594799692, -19.004606180900002 ], [ 27.160605605699999, -19.0061294958 ], [ 27.161200302499999, -19.007927795400001 ], [ 27.1612047958, -19.009821871900002 ], [ 27.161132657100001, -19.010043534099999 ] ], [ [ 27.211980008499999, -19.03173553 ], [ 27.214910875099999, -19.032101888300001 ], [ 27.217253641199999, -19.032910598 ], [ 27.2228091968, -19.0362439313 ], [ 27.223525070099999, -19.036861924899998 ], [ 27.225089029, -19.037390050100001 ], [ 27.228110139, -19.039249194700002 ], [ 27.229952922199999, -19.039863455799999 ], [ 27.231746092800002, -19.040824812 ], [ 27.233114885900001, -19.042330159900001 ], [ 27.233901902700001, -19.044206398499998 ], [ 27.234735236100001, -19.047817509600002 ], [ 27.2348668168, -19.049680844099999 ], [ 27.234418982, -19.051494341400002 ], [ 27.233435138600001, -19.053082227099999 ], [ 27.232010646399999, -19.054290593899999 ], [ 27.2302835753, -19.05500232 ], [ 27.228421323100001, -19.055148420799998 ], [ 27.2266043901, -19.054714735299999 ], [ 27.225720615099998, -19.054350827899999 ], [ 27.217220574399999, -19.063458014399998 ], [ 27.210825635100001, -19.073050423400002 ], [ 27.210075974, -19.073964862899999 ], [ 27.209931126499999, -19.074109710399998 ], [ 27.209023677600001, -19.075924608299999 ], [ 27.208125211700001, -19.079877857900001 ], [ 27.209300987700001, -19.084245025800001 ], [ 27.209349102499999, -19.084249035300001 ], [ 27.210588018300001, -19.084005017100001 ], [ 27.2124120378, -19.084211417100001 ], [ 27.213163588800001, -19.084416385600001 ], [ 27.2156390444, -19.084511595399999 ], [ 27.223387346, -19.0814592342 ], [ 27.2263814075, -19.079962203499999 ], [ 27.227323812200002, -19.0783545719 ], [ 27.2283274714, -19.077077276 ], [ 27.232354002800001, -19.073180632700002 ], [ 27.2346602533, -19.069556524799999 ], [ 27.235639962400001, -19.068380602 ], [ 27.236885316, -19.067490816199999 ], [ 27.239701914800001, -19.0659794705 ], [ 27.247701803799998, -19.0579795815 ], [ 27.2491274514, -19.056924623699999 ], [ 27.2507992265, -19.056332529900001 ], [ 27.260799226500001, -19.054388085399999 ], [ 27.262236779799998, -19.054284903700001 ], [ 27.272927807799999, -19.054806417199998 ], [ 27.278514462099999, -19.053771851600001 ], [ 27.289691163299999, -19.046239726900001 ], [ 27.2931136684, -19.042572757199999 ], [ 27.294872377099999, -19.0412726331 ], [ 27.2969802223, -19.040689223099999 ], [ 27.300771085699999, -19.040359582800001 ], [ 27.3038730773, -19.036395926899999 ], [ 27.3043072637, -19.035614391300001 ], [ 27.3036587946, -19.034916039900001 ], [ 27.302588577200002, -19.033305609199999 ], [ 27.302086143899999, -19.031438415299998 ], [ 27.302203675800001, -19.029508379399999 ], [ 27.302973227, -19.026109528399999 ], [ 27.301890530800001, -19.0261928127 ], [ 27.2990983189, -19.0272667403 ], [ 27.298841811, -19.027358766500001 ], [ 27.296341811, -19.028192099799998 ], [ 27.294195092599999, -19.028494816399999 ], [ 27.292080928699999, -19.0280148702 ], [ 27.2909371081, -19.027524661400001 ], [ 27.290809755200002, -19.027567282900002 ], [ 27.289128465299999, -19.027637215399999 ], [ 27.287493878199999, -19.0272375268 ], [ 27.2866644504, -19.0269057557 ], [ 27.284373784100001, -19.0270914854 ], [ 27.282076161500001, -19.0268307282 ], [ 27.2802372419, -19.025824144600001 ], [ 27.264483876300002, -19.0303532372 ], [ 27.2572256881, -19.037369485799999 ], [ 27.256803725800001, -19.037740768399999 ], [ 27.254025948100001, -19.039962990599999 ], [ 27.2523574111, -19.040905843600001 ], [ 27.250476694500001, -19.0412744795 ], [ 27.248575683, -19.041031287399999 ], [ 27.248195008700002, -19.040848325900001 ], [ 27.246915341099999, -19.0412236347 ], [ 27.245112324, -19.041194062500001 ], [ 27.243399523600001, -19.040630094400001 ], [ 27.241931650800002, -19.039582671600002 ], [ 27.240841292900001, -19.038146403900001 ], [ 27.240226938, -19.036451024 ], [ 27.2401440784, -19.034649669099998 ], [ 27.2406996339, -19.029371891299999 ], [ 27.241300103499999, -19.027316718400002 ], [ 27.241546579400001, -19.0268237666 ], [ 27.241616515899999, -19.0252121921 ], [ 27.241836750400001, -19.024111019599999 ], [ 27.2420555556, -19.0219229685 ], [ 27.2420555556, -19.0216666667 ], [ 27.242688992400002, -19.0189833851 ], [ 27.2433316308, -19.017698108299999 ], [ 27.244030122400002, -19.0156026334 ], [ 27.244355659099998, -19.014816718399999 ], [ 27.245354126100001, -19.012819784400001 ], [ 27.245789592200001, -19.010352143199999 ], [ 27.245366150100001, -19.0089278379 ], [ 27.245095168199999, -19.008575561499999 ], [ 27.244242640700001, -19.009798196199998 ], [ 27.2439648629, -19.010075974 ], [ 27.242446165200001, -19.011179372499999 ], [ 27.240660829, -19.011759463400001 ], [ 27.239825496200002, -19.011759463400001 ], [ 27.2392932757, -19.011831428699999 ], [ 27.238908289499999, -19.011759463400001 ], [ 27.238783615399999, -19.011759463400001 ], [ 27.238614724400001, -19.011704587400001 ], [ 27.237418674, -19.011481010200001 ], [ 27.235748727200001, -19.010560031299999 ], [ 27.2344521427, -19.009161534499999 ], [ 27.234271764399999, -19.008890967199999 ], [ 27.2338673693, -19.009332125499999 ], [ 27.232589029, -19.0103877277 ], [ 27.2302327411, -19.011837751 ], [ 27.229811007599999, -19.013238837100001 ], [ 27.229533229800001, -19.013794392699999 ], [ 27.228420119900001, -19.015342911600001 ], [ 27.2268773019, -19.01646391 ], [ 27.225060640199999, -19.017044138300001 ], [ 27.223153664200002, -19.017024978399999 ], [ 27.222121618100001, -19.016672346499998 ], [ 27.2210479419, -19.017149536 ], [ 27.220612584, -19.0173075971 ], [ 27.216830678899999, -19.0236107723 ], [ 27.2149048956, -19.026912115 ], [ 27.212960451200001, -19.030245448399999 ], [ 27.2127700795, -19.030550423400001 ], [ 27.211980008499999, -19.03173553 ] ], [ [ 27.253920239500001, -19.0238746359 ], [ 27.257218756299999, -19.020686069700002 ], [ 27.2583857642, -19.019805652900001 ], [ 27.2597310443, -19.019233584199998 ], [ 27.265211564499999, -19.017657934700001 ], [ 27.264160544799999, -19.017237526799999 ], [ 27.2629014597, -19.016549067500002 ], [ 27.2589670403, -19.013738767900001 ], [ 27.258278291, -19.013768539899999 ], [ 27.257380915199999, -19.013718685699999 ], [ 27.257019812500001, -19.0157649342 ], [ 27.256477674300001, -19.017405503799999 ], [ 27.2552794803, -19.019801891699998 ], [ 27.254580988699999, -19.021897366600001 ], [ 27.254255452, -19.022683281599999 ], [ 27.253985355699999, -19.0232234741 ], [ 27.253920239500001, -19.0238746359 ] ], [ [ 27.2557088577, -19.001607289300001 ], [ 27.258350728900002, -19.00175406 ], [ 27.259603138799999, -19.0015751442 ], [ 27.260971669900002, -18.985934789400002 ], [ 27.260047782499999, -18.9851648832 ], [ 27.258883433699999, -18.983863941599999 ], [ 27.258142902, -18.982282875599999 ], [ 27.257888888899998, -18.980555555599999 ], [ 27.257888888899998, -18.978884126099999 ], [ 27.2545772647, -18.9733647523 ], [ 27.254141290900002, -18.972480777 ], [ 27.250386517399999, -18.962968684100002 ], [ 27.249542177, -18.965343391299999 ], [ 27.248662329199998, -18.9669684767 ], [ 27.247329663, -18.9682487249 ], [ 27.2445518852, -18.9701931693 ], [ 27.2439815836, -18.970513347699999 ], [ 27.23989841, -18.9774787614 ], [ 27.238822768, -18.978824572800001 ], [ 27.2387783623, -18.9788661441 ], [ 27.238834483800002, -18.9791459162 ], [ 27.243355722899999, -18.979583455499998 ], [ 27.244908265300001, -18.979946542899999 ], [ 27.246310358500001, -18.9807057232 ], [ 27.247462990599999, -18.981807385300002 ], [ 27.249685212900001, -18.984585163 ], [ 27.2506780991, -18.9863944702 ], [ 27.254566988, -18.997783359100001 ], [ 27.254640107, -18.9980124006 ], [ 27.2557088577, -19.001607289300001 ] ], [ [ 27.234071263600001, -18.9907410199 ], [ 27.231830006, -18.994177615 ], [ 27.2311978559, -18.995351608099998 ], [ 27.2314, -18.9952 ], [ 27.232808221599999, -18.9944146524 ], [ 27.234374729799999, -18.994032669199999 ], [ 27.235986393899999, -18.994081636499999 ], [ 27.2375540516, -18.994342912699999 ], [ 27.238139955200001, -18.993757009100001 ], [ 27.239812564699999, -18.992904772 ], [ 27.240199882, -18.992843427 ], [ 27.239666893700001, -18.991282532500001 ], [ 27.234071263600001, -18.9907410199 ] ], [ [ 27.201525472, -19.002396916 ], [ 27.204281358500001, -19.000174426899999 ], [ 27.209007538200002, -18.992214545300001 ], [ 27.209642177100001, -18.9913370933 ], [ 27.214481150400001, -18.985781235099999 ], [ 27.2142137445, -18.985692099800001 ], [ 27.212491174899998, -18.984784983 ], [ 27.211149714899999, -18.983374099500001 ], [ 27.210330594399998, -18.9816079884 ], [ 27.210120051, -18.979672587 ], [ 27.210540251, -18.9777716559 ], [ 27.211564834899999, -18.975210196100001 ], [ 27.2123289476, -18.972765035399998 ], [ 27.210970392499998, -18.9738518795 ], [ 27.209208263899999, -18.974828436599999 ], [ 27.207222222199999, -18.975166666700002 ], [ 27.205914399600001, -18.975166666700002 ], [ 27.205325864900001, -18.975182573 ], [ 27.2034028721, -18.978515760499999 ], [ 27.203463302399999, -18.9790596331 ], [ 27.2035, -18.979722222199999 ], [ 27.2035, -18.9825 ], [ 27.203261770299999, -18.9841739184 ], [ 27.202565999099999, -18.985714911100001 ], [ 27.2014679374, -18.987000608100001 ], [ 27.200054782199999, -18.987928912200001 ], [ 27.197759914199999, -18.989008850099999 ], [ 27.1976807508, -18.989536979299999 ], [ 27.197637732800001, -18.9896268675 ], [ 27.198570425700002, -18.991803150900001 ], [ 27.199023293500002, -18.993545294099999 ], [ 27.198939039599999, -18.995343363500002 ], [ 27.198383484099999, -18.9981211413 ], [ 27.198222222199998, -18.998663616 ], [ 27.198222222199998, -18.998888888900002 ], [ 27.197958569099999, -19.000647958199998 ], [ 27.197929182500001, -19.000709368399999 ], [ 27.1979191452, -19.0007717242 ], [ 27.197665689800001, -19.001259998399998 ], [ 27.1971907806, -19.002252432799999 ], [ 27.197098450399999, -19.002352768 ], [ 27.197040532599999, -19.0024643448 ], [ 27.1967496189, -19.0027480191 ], [ 27.200820034300001, -19.002360360499999 ], [ 27.201525472, -19.002396916 ] ], [ [ 27.140615805900001, -18.954246158099998 ], [ 27.142837352699999, -18.959165297399998 ], [ 27.143513817, -18.958293321900001 ], [ 27.146013817, -18.956071099599999 ], [ 27.147560836699999, -18.9550737235 ], [ 27.1484394115, -18.954835620400001 ], [ 27.148433878, -18.9547968862 ], [ 27.147895377, -18.954042984699999 ], [ 27.147064004699999, -18.9523866201 ], [ 27.146915675, -18.951437718200001 ], [ 27.1463089678, -18.951109085100001 ], [ 27.146079692099999, -18.9509782909 ], [ 27.142551235300001, -18.948861216800001 ], [ 27.142335392900002, -18.9487959621 ], [ 27.142236804300001, -18.950509009699999 ], [ 27.141466277500001, -18.9523635597 ], [ 27.141101582899999, -18.9527710202 ], [ 27.1409692298, -18.9535659756 ], [ 27.140615805900001, -18.954246158099998 ] ], [ [ 27.1452036662, -18.9371266992 ], [ 27.146736337, -18.937590064799998 ], [ 27.1480869745, -18.938188375799999 ], [ 27.150931772900002, -18.9398952548 ], [ 27.149806830700001, -18.938718551800001 ], [ 27.147862386300002, -18.935940774100001 ], [ 27.147123960399998, -18.934508569 ], [ 27.146793313700002, -18.9329314969 ], [ 27.146894293700001, -18.931323303199999 ], [ 27.147154581500001, -18.9300218644 ], [ 27.145836837299999, -18.935556389799999 ], [ 27.145267542900001, -18.9370394687 ], [ 27.1452036662, -18.9371266992 ] ], [ [ 27.177724023900002, -18.9432747394 ], [ 27.177388888900001, -18.943480976299998 ], [ 27.177388888900001, -18.944344453 ], [ 27.178742647899998, -18.943441947 ], [ 27.1782677476, -18.9433834841 ], [ 27.177724023900002, -18.9432747394 ] ], [ [ 27.272771300900001, -18.9887487188 ], [ 27.271396065400001, -19.004465696099999 ], [ 27.272335827599999, -19.006462690799999 ], [ 27.272563870599999, -19.006645125199999 ], [ 27.272740740700002, -19.0067777778 ], [ 27.2738888889, -19.0067777778 ], [ 27.275931440499999, -19.007136148299999 ], [ 27.2767913765, -19.007629718699999 ], [ 27.276788131499998, -19.007574554400001 ], [ 27.2770256234, -19.005515552799999 ], [ 27.277949521499998, -19.003660208599999 ], [ 27.279449576600001, -19.0022299205 ], [ 27.279882715500001, -19.001941161200001 ], [ 27.280168303100002, -19.0016934724 ], [ 27.272771300900001, -18.9887487188 ] ], [ [ 27.3630417183, -18.9993063563 ], [ 27.360962845, -19.000605652200001 ], [ 27.362081918200001, -19.001309069600001 ], [ 27.3630821504, -19.002257171899998 ], [ 27.363153861299999, -19.001324930100001 ], [ 27.3630417183, -18.9993063563 ] ], [ [ 27.385690826, -18.996583643099999 ], [ 27.385704549100002, -18.9967620432 ], [ 27.385722222199998, -18.997222222200001 ], [ 27.385722222199998, -18.9988266571 ], [ 27.387109838899999, -18.996377921699999 ], [ 27.387124105200002, -18.995964198799999 ], [ 27.386071482, -18.996522944799999 ], [ 27.385690826, -18.996583643099999 ] ], [ [ 27.2921052823, -18.9982287216 ], [ 27.299150784399998, -18.994812720500001 ], [ 27.305886413900001, -18.9875781555 ], [ 27.307548448199999, -18.986323375600001 ], [ 27.309539277900001, -18.985712288599998 ], [ 27.311619072900001, -18.985818510800001 ], [ 27.313537285399999, -18.986629245700001 ], [ 27.3185313906, -18.989860725500002 ], [ 27.3223472952, -18.985310993100001 ], [ 27.322701803800001, -18.984924026 ], [ 27.324924026, -18.982701803800001 ], [ 27.326778672100001, -18.981555569499999 ], [ 27.327134232399999, -18.980986673 ], [ 27.3286222222, -18.979366666699999 ], [ 27.329231197, -18.978909935600001 ], [ 27.330762317600001, -18.977160083499999 ], [ 27.331035137099999, -18.976868470399999 ], [ 27.3318684704, -18.976035137099998 ], [ 27.332960076300001, -18.975305749299999 ], [ 27.333673600200001, -18.9747333808 ], [ 27.332271599799999, -18.969651129500001 ], [ 27.332234700600001, -18.969510769300001 ], [ 27.3313756525, -18.966074577 ], [ 27.329234313, -18.962862567799998 ], [ 27.324331605099999, -18.9560532512 ], [ 27.323214285700001, -18.9545634921 ], [ 27.321677777800002, -18.953411111099999 ], [ 27.320068318899999, -18.951587944700002 ], [ 27.3189572078, -18.949643500299999 ], [ 27.318189223099999, -18.9471864444 ], [ 27.3176996547, -18.9415564078 ], [ 27.317336758, -18.940528200399999 ], [ 27.316949576599999, -18.940270079499999 ], [ 27.31622343, -18.9397007026 ], [ 27.312890096699999, -18.936645147099998 ], [ 27.3115778813, -18.9349055038 ], [ 27.306693925600001, -18.9251375925 ], [ 27.302853022299999, -18.921056632599999 ], [ 27.301787605600001, -18.919487069500001 ], [ 27.301265445399999, -18.917663339699999 ], [ 27.301338738199998, -18.9157677476 ], [ 27.301638064700001, -18.914271115 ], [ 27.300881362199998, -18.9141630146 ], [ 27.284882854399999, -18.918222337500001 ], [ 27.283462297100002, -18.919522847700001 ], [ 27.283928510599999, -18.919960790299999 ], [ 27.2848453129, -18.9216738511 ], [ 27.285166629700001, -18.9235900607 ], [ 27.284858766500001, -18.925508477699999 ], [ 27.284844536400001, -18.9255511681 ], [ 27.284859997200002, -18.9258658806 ], [ 27.284757418600002, -18.926275397200001 ], [ 27.284729232299998, -18.926652691899999 ], [ 27.284557803, -18.927072307700001 ], [ 27.2844321661, -18.9275738784 ], [ 27.284183185, -18.927989278199998 ], [ 27.284021255599999, -18.9283856407 ], [ 27.283760437400002, -18.92869459 ], [ 27.283526951599999, -18.929084137499999 ], [ 27.283120848500001, -18.929452207899999 ], [ 27.2828136796, -18.9298160614 ], [ 27.282513224500001, -18.930002926299998 ], [ 27.2822223103, -18.930266595500001 ], [ 27.281666925, -18.930529273200001 ], [ 27.281224053300001, -18.930804712499999 ], [ 27.280930747199999, -18.9308774593 ], [ 27.280630597, -18.931019419799998 ], [ 27.279953320099999, -18.931119884299999 ], [ 27.279407115400002, -18.931255356 ], [ 27.279158043900001, -18.931237852399999 ], [ 27.278888888899999, -18.931277777799998 ], [ 27.278611111099998, -18.931277777799998 ], [ 27.277728243399999, -18.9311373727 ], [ 27.277539731800001, -18.931124125 ], [ 27.277306490699999, -18.9310703001 ], [ 27.276749790899999, -18.9309817665 ], [ 27.2766199619, -18.930915304700001 ], [ 27.2759926544, -18.932259535 ], [ 27.275547857300001, -18.933050423400001 ], [ 27.272994819499999, -18.936879980200001 ], [ 27.273065178700001, -18.937231776200001 ], [ 27.273844138499999, -18.9400879622 ], [ 27.274025915599999, -18.942262318600001 ], [ 27.2734181344, -18.944357902099998 ], [ 27.272101171700001, -18.9460975796 ], [ 27.265712282900001, -18.951930913 ], [ 27.265055808900001, -18.952376109799999 ], [ 27.270934162500001, -18.960319830900001 ], [ 27.271272860300002, -18.960830074499999 ], [ 27.275717304800001, -18.968330074499999 ], [ 27.2759544402, -18.968771247799999 ], [ 27.2803102528, -18.977755111299999 ], [ 27.291242869800001, -18.996887191100001 ], [ 27.2921052823, -18.9982287216 ] ], [ [ 27.1603858876, -18.932064649800001 ], [ 27.161281806200002, -18.931195469 ], [ 27.1629981349, -18.930364153399999 ], [ 27.164384033499999, -18.929948383799999 ], [ 27.1652584954, -18.929434422100002 ], [ 27.166985303699999, -18.929022116799999 ], [ 27.168757174500001, -18.9291331855 ], [ 27.173964867500001, -18.930249119700001 ], [ 27.17409024, -18.930009310300001 ], [ 27.175488121699999, -18.928667956 ], [ 27.175895752799999, -18.928475824700001 ], [ 27.177225926199998, -18.919016813700001 ], [ 27.176926104500001, -18.919102477 ], [ 27.1748982549, -18.919321318200002 ], [ 27.172914262, -18.918848203500001 ], [ 27.1728385284, -18.918815746300002 ], [ 27.171394193499999, -18.920263105899998 ], [ 27.169232252400001, -18.921161261799998 ], [ 27.166454474599998, -18.9217168174 ], [ 27.164269847100002, -18.921748067100001 ], [ 27.1622188706, -18.920995027499998 ], [ 27.1613495008, -18.920235502099999 ], [ 27.159170633399999, -18.931129838899999 ], [ 27.1603858876, -18.932064649800001 ] ], [ [ 27.216670564499999, -18.9280649974 ], [ 27.226135247599998, -18.926321503099999 ], [ 27.227068426599999, -18.9262241936 ], [ 27.235441699100001, -18.926009494300001 ], [ 27.236209770399999, -18.923513262699998 ], [ 27.2372739662, -18.921511263100001 ], [ 27.240089846099998, -18.918019572 ], [ 27.2376418114, -18.9155715373 ], [ 27.2251826894, -18.907883993900001 ], [ 27.2239419695, -18.906866288900002 ], [ 27.2164419695, -18.898810733400001 ], [ 27.215396234499998, -18.897259535 ], [ 27.215299846699999, -18.897052989799999 ], [ 27.215107033599999, -18.8970744135 ], [ 27.213102101400001, -18.896959026600001 ], [ 27.2112475514, -18.896188499699999 ], [ 27.209751148300001, -18.894849154799999 ], [ 27.208780533399999, -18.893091038200001 ], [ 27.2086149143, -18.892115362799998 ], [ 27.208158390200001, -18.892733013 ], [ 27.207669184499998, -18.893314002499999 ], [ 27.201763811700001, -18.899487801300001 ], [ 27.197657561700002, -18.904734676299999 ], [ 27.197131633800002, -18.9092050639 ], [ 27.197566821199999, -18.9094393956 ], [ 27.198964862899999, -18.910479581499999 ], [ 27.199375903499998, -18.910890622099998 ], [ 27.201040107, -18.910948008399998 ], [ 27.203125718799999, -18.9113996299 ], [ 27.204921360499998, -18.91255263 ], [ 27.206199896499999, -18.914261162900001 ], [ 27.207564096900001, -18.916989563800001 ], [ 27.216670564499999, -18.9280649974 ] ], [ [ 27.3373150189, -18.939993132600002 ], [ 27.339882627800002, -18.945016715200001 ], [ 27.342524538199999, -18.9377862236 ], [ 27.341797403499999, -18.928818228499999 ], [ 27.342002249499998, -18.926828175200001 ], [ 27.3417101342, -18.9265810327 ], [ 27.336040899099999, -18.9212182427 ], [ 27.335510531899999, -18.921269088100001 ], [ 27.3337611241, -18.920908581300001 ], [ 27.3321953596, -18.9200490614 ], [ 27.330951999700002, -18.918766700599999 ], [ 27.330141233500001, -18.917175144400002 ], [ 27.329425397200001, -18.9150276353 ], [ 27.325121050500002, -18.9110975796 ], [ 27.325065581400001, -18.9110334107 ], [ 27.323373860099998, -18.9121837812 ], [ 27.323285180399999, -18.912218303700001 ], [ 27.323144340900001, -18.9126832816 ], [ 27.323107436200001, -18.912757091 ], [ 27.3231553265, -18.912932688800002 ], [ 27.326553164900002, -18.920251109900001 ], [ 27.327015298799999, -18.921709804100001 ], [ 27.327093438, -18.923237956800001 ], [ 27.326537882499998, -18.930460179 ], [ 27.326526410100001, -18.930510035 ], [ 27.327038317900001, -18.931960440600001 ], [ 27.328228059899999, -18.93157387 ], [ 27.330105273499999, -18.93157387 ], [ 27.3318906097, -18.932153960899999 ], [ 27.331997000600001, -18.932231258400002 ], [ 27.332010769299998, -18.932234700599999 ], [ 27.333777291600001, -18.932993894100001 ], [ 27.335212961700002, -18.934272888799999 ], [ 27.335526534700001, -18.934819031100002 ], [ 27.335631529600001, -18.934924026 ], [ 27.336734928, -18.936442723700001 ], [ 27.3373150189, -18.938228059899998 ], [ 27.3373150189, -18.939993132600002 ] ], [ [ 27.3552615961, -18.937080210800001 ], [ 27.354440063399998, -18.9362586781 ], [ 27.3545914854, -18.938126215899999 ], [ 27.354246700699999, -18.940670268800002 ], [ 27.349525433099998, -18.953591632599998 ], [ 27.351183405, -18.9628289045 ], [ 27.3512382314, -18.963201144199999 ], [ 27.3521329559, -18.9709554234 ], [ 27.352569048199999, -18.969445873200002 ], [ 27.352641233500002, -18.969213744499999 ], [ 27.354492372, -18.963660329100001 ], [ 27.355815869499999, -18.95783694 ], [ 27.355956415, -18.95732465 ], [ 27.358734192699998, -18.948713538900002 ], [ 27.359089412, -18.947939779599999 ], [ 27.3582588302, -18.945685343299999 ], [ 27.357888943900001, -18.943585412699999 ], [ 27.358197176200001, -18.941919180500001 ], [ 27.357966770200001, -18.941572170499999 ], [ 27.357282050799999, -18.940202731599999 ], [ 27.3552615961, -18.937080210800001 ] ], [ [ 27.3409251496, -18.908695475799998 ], [ 27.340768279, -18.908779140099998 ], [ 27.340947589599999, -18.908815156100001 ], [ 27.3409251496, -18.908695475799998 ] ], [ [ 27.235116286299998, -18.899912773600001 ], [ 27.2352601847, -18.899654454299998 ], [ 27.236576714200002, -18.8984057463 ], [ 27.236801389499998, -18.8982957212 ], [ 27.233222512200001, -18.8952281121 ], [ 27.228752809100001, -18.892744943699999 ], [ 27.227932367899999, -18.892126083800001 ], [ 27.227155897399999, -18.8919319661 ], [ 27.226053863899999, -18.8915242974 ], [ 27.232173000900001, -18.898096703899999 ], [ 27.235116286299998, -18.899912773600001 ] ], [ [ 27.1787450313, -18.906103020700002 ], [ 27.179214978899999, -18.905633073 ], [ 27.178361434199999, -18.905698993200001 ], [ 27.177447212899999, -18.90546251 ], [ 27.1773277717, -18.9064180393 ], [ 27.177824855600001, -18.9062523447 ], [ 27.1787450313, -18.906103020700002 ] ], [ [ 27.1831968075, -18.903804632300002 ], [ 27.183362463, -18.903771681399999 ], [ 27.1834363195, -18.90358704 ], [ 27.1831968075, -18.903804632300002 ] ], [ [ 27.197608657499998, -18.8818503376 ], [ 27.199921638, -18.879185381799999 ], [ 27.199960443799998, -18.8784937402 ], [ 27.200586704100001, -18.876811400800001 ], [ 27.200635086399998, -18.876748631400002 ], [ 27.2003261023, -18.876274900799999 ], [ 27.200015220600001, -18.8757222222 ], [ 27.198888888900001, -18.8757222222 ], [ 27.196991522299999, -18.875414322 ], [ 27.195288888899999, -18.8745222222 ], [ 27.195009299300001, -18.874312530099999 ], [ 27.193108193, -18.878494963800001 ], [ 27.193523805, -18.8785873221 ], [ 27.195155613499999, -18.8792104005 ], [ 27.196538815, -18.880277068 ], [ 27.1975561822, -18.8816969236 ], [ 27.197608657499998, -18.8818503376 ] ], [ [ 27.2955290795, -18.901187070300001 ], [ 27.300416194499999, -18.901804981400002 ], [ 27.303326782900001, -18.901108971100001 ], [ 27.304722222199999, -18.9009444444 ], [ 27.306645190699999, -18.9009444444 ], [ 27.3088857109, -18.9007203924 ], [ 27.3113138806, -18.900278907099999 ], [ 27.3114736906, -18.899974900099998 ], [ 27.310744548, -18.8985166149 ], [ 27.310591571500002, -18.898185924 ], [ 27.308734879399999, -18.893829838799999 ], [ 27.307832256299999, -18.892980311100001 ], [ 27.307280975200001, -18.8923863005 ], [ 27.304267444400001, -18.888663703599999 ], [ 27.3040314313, -18.888578746 ], [ 27.302517849400001, -18.887383673599999 ], [ 27.3017340454, -18.886186375400001 ], [ 27.301704465099998, -18.8861809972 ], [ 27.301601081, -18.886161261800002 ], [ 27.300212192099998, -18.885883484099999 ], [ 27.299370870499999, -18.885650451499998 ], [ 27.298912968100002, -18.8854869149 ], [ 27.2983675473, -18.885993377 ], [ 27.2984093074, -18.886035137099999 ], [ 27.299709943900002, -18.887981677199999 ], [ 27.300166666700001, -18.890277777800002 ], [ 27.300166666700001, -18.8930555556 ], [ 27.299853532499998, -18.8949685525 ], [ 27.298946814299999, -18.896681874399999 ], [ 27.2955290795, -18.901187070300001 ] ], [ [ 27.326404555500002, -18.893389538800001 ], [ 27.3281047103, -18.8940270969 ], [ 27.332826390200001, -18.8903846581 ], [ 27.3382671122, -18.885506769300001 ], [ 27.3347885471, -18.8863764106 ], [ 27.332743406300001, -18.886526484 ], [ 27.3307671743, -18.8859790994 ], [ 27.329090692600001, -18.884798196199998 ], [ 27.328937420300001, -18.884644923900002 ], [ 27.326803725800001, -18.886351879500001 ], [ 27.325122846900001, -18.8872992776 ], [ 27.3243799808, -18.887442350699999 ], [ 27.326404555500002, -18.893389538800001 ] ], [ [ 27.2688670374, -18.872087017 ], [ 27.267454519299999, -18.869105034499999 ], [ 27.266956574200002, -18.868840501099999 ], [ 27.267080988699998, -18.869213744500001 ], [ 27.267272372899999, -18.869934414300001 ], [ 27.2675501507, -18.871323303200001 ], [ 27.267596554600001, -18.872484386299998 ], [ 27.2684195836, -18.8721708514 ], [ 27.2688670374, -18.872087017 ] ], [ [ 27.182647602, -18.872508953899999 ], [ 27.1790478968, -18.8709250836 ], [ 27.176819850200001, -18.870269775800001 ], [ 27.1803034414, -18.875611282200001 ], [ 27.180774636599999, -18.876629477800002 ], [ 27.182647602, -18.872508953899999 ] ], [ [ 27.180427076899999, -18.8824400275 ], [ 27.180270079500001, -18.882772645599999 ], [ 27.180020093100001, -18.883147625300001 ], [ 27.179403759100001, -18.884585738 ], [ 27.178343247600001, -18.886242009299998 ], [ 27.178284760299999, -18.886306819600001 ], [ 27.179129657299999, -18.887362940799999 ], [ 27.179244444399998, -18.8875111111 ], [ 27.1817444444, -18.890844444399999 ], [ 27.1827849475, -18.893070208400001 ], [ 27.183446673599999, -18.895882544399999 ], [ 27.183655963300001, -18.896078734700001 ], [ 27.184579773199999, -18.8978212132 ], [ 27.1846672036, -18.898372477100001 ], [ 27.185766041299999, -18.888299798 ], [ 27.185166682599998, -18.8877936371 ], [ 27.183780349500001, -18.8861762485 ], [ 27.1818823057, -18.884515460199999 ], [ 27.180663535400001, -18.883045191099999 ], [ 27.180427076899999, -18.8824400275 ] ], [ [ 27.148268620900001, -18.9169650917 ], [ 27.1469331835, -18.917332305199999 ], [ 27.145366902700001, -18.917342556099999 ], [ 27.141391311700001, -18.916845607199999 ], [ 27.140487030799999, -18.917403948800001 ], [ 27.1406148065, -18.918210692799999 ], [ 27.145944428499998, -18.924428585099999 ], [ 27.1469280148, -18.926027236199999 ], [ 27.1473695165, -18.9278515727 ], [ 27.147232827, -18.929630636599999 ], [ 27.149299381300001, -18.919297865299999 ], [ 27.148268620900001, -18.9169650917 ] ], [ [ 27.110436246500001, -18.914084532 ], [ 27.111118809299999, -18.9130606877 ], [ 27.111747705199999, -18.912358531700001 ], [ 27.110329992499999, -18.913269918400001 ], [ 27.110436246500001, -18.914084532 ] ], [ [ 27.259496565, -18.861680269499999 ], [ 27.259677165, -18.861110574 ], [ 27.259079938199999, -18.8612698345 ], [ 27.259496565, -18.861680269499999 ] ], [ [ 27.156819056100002, -18.843258433100001 ], [ 27.1577380459, -18.843320319499998 ], [ 27.160683328099999, -18.844 ], [ 27.1625, -18.844 ], [ 27.1642007015, -18.844246078400001 ], [ 27.165761901100002, -18.844964128600001 ], [ 27.1670555396, -18.846095251800001 ], [ 27.1687222063, -18.848039696200001 ], [ 27.169048237, -18.8484700725 ], [ 27.170481677200002, -18.8475122784 ], [ 27.1727777778, -18.847055555600001 ], [ 27.176111111099999, -18.847055555600001 ], [ 27.1780417288, -18.847374647599999 ], [ 27.179330954, -18.84806462 ], [ 27.1830608874, -18.8478950776 ], [ 27.184356581900001, -18.847976785899998 ], [ 27.1963659912, -18.850055337499999 ], [ 27.196932134299999, -18.849305747799999 ], [ 27.198427829500002, -18.848244548 ], [ 27.1995389406, -18.847688992399998 ], [ 27.2008905201, -18.8472131981 ], [ 27.207702756300002, -18.844408159699999 ], [ 27.212255715800001, -18.841328216499999 ], [ 27.211985129799999, -18.840696849099999 ], [ 27.211526151099999, -18.8388929131 ], [ 27.2116421299, -18.837035119900001 ], [ 27.212321903700001, -18.835302274299998 ], [ 27.213500047299998, -18.833861155099999 ], [ 27.2150631692, -18.832850464 ], [ 27.2175242856, -18.8317566345 ], [ 27.220316475, -18.830467931699999 ], [ 27.221197429299998, -18.829209411 ], [ 27.2225802281, -18.828123014100001 ], [ 27.224099816100001, -18.827530500799998 ], [ 27.224, -18.826944444399999 ], [ 27.224, -18.826388888899999 ], [ 27.224338230099999, -18.824402847199998 ], [ 27.2253147871, -18.822640718599999 ], [ 27.2264258983, -18.8212518297 ], [ 27.226438793500002, -18.8212621459 ], [ 27.227788888900001, -18.819644444400002 ], [ 27.230011111100001, -18.817977777799999 ], [ 27.230282909900001, -18.817785476 ], [ 27.231116243300001, -18.817229920500001 ], [ 27.2327057396, -18.816479670100001 ], [ 27.234444444400001, -18.8162222222 ], [ 27.235125630199999, -18.8162222222 ], [ 27.235140888, -18.816069644399999 ], [ 27.235546486, -18.814422797799999 ], [ 27.236396730500001, -18.812955249800002 ], [ 27.237623681900001, -18.8117842658 ], [ 27.238219759, -18.811358496499999 ], [ 27.234637745800001, -18.7991470879 ], [ 27.233091503299999, -18.7993284579 ], [ 27.231250743899999, -18.798960306 ], [ 27.229613842900001, -18.798041346800002 ], [ 27.228341031599999, -18.7966615345 ], [ 27.227785476, -18.795828201199999 ], [ 27.227067123800001, -18.7943407691 ], [ 27.227023042900001, -18.794089600700001 ], [ 27.225534571, -18.793330771899999 ], [ 27.224555435100001, -18.7934989733 ], [ 27.222758930400001, -18.7932583889 ], [ 27.221116243299999, -18.792492301799999 ], [ 27.220921657600002, -18.792362578 ], [ 27.22073292, -18.792388048599999 ], [ 27.2189545196, -18.7920871394 ], [ 27.217345904199998, -18.791271289699999 ], [ 27.209568126400001, -18.7857157342 ], [ 27.208168522200001, -18.784314267799999 ], [ 27.207301468800001, -18.782533476299999 ], [ 27.2070614511, -18.7805674164 ], [ 27.2074746242, -18.778630334100001 ], [ 27.2084338286, -18.7762003496 ], [ 27.206608025600001, -18.7717453902 ], [ 27.2054440872, -18.771642716100001 ], [ 27.203644989899999, -18.7708446804 ], [ 27.202200915, -18.769507422099998 ], [ 27.201267245499999, -18.767774830600001 ], [ 27.200944444400001, -18.765833333300002 ], [ 27.200944444400001, -18.7627999489 ], [ 27.1996726968, -18.7631708057 ], [ 27.1978474308, -18.763131144700001 ], [ 27.196118591299999, -18.762544388199998 ], [ 27.194646248200002, -18.761464862899999 ], [ 27.194454132099999, -18.7612727468 ], [ 27.193448814900002, -18.7608957528 ], [ 27.1916196759, -18.759806447700001 ], [ 27.190876086300001, -18.758881179900001 ], [ 27.1871151886, -18.758463302399999 ], [ 27.185880411199999, -18.758192099799999 ], [ 27.184325311399999, -18.757673733200001 ], [ 27.178395906599999, -18.755952293099998 ], [ 27.170389826899999, -18.760929045299999 ], [ 27.170294609500001, -18.760987015200001 ], [ 27.155850165, -18.7695981263 ], [ 27.155545894199999, -18.769767745300001 ], [ 27.150298859399999, -18.772496203399999 ], [ 27.149098517, -18.774104248899999 ], [ 27.1473188762, -18.775256010500001 ], [ 27.145249783299999, -18.7757170207 ], [ 27.1385831166, -18.775994798399999 ], [ 27.136776108, -18.7757943981 ], [ 27.135112080399999, -18.775061968900001 ], [ 27.129908302499999, -18.771750473800001 ], [ 27.125294932199999, -18.771549892500001 ], [ 27.123527224699998, -18.7712023134 ], [ 27.121942382499999, -18.770345647399999 ], [ 27.120683288, -18.769057128 ], [ 27.119863455800001, -18.7674529222 ], [ 27.118252416600001, -18.7626198046 ], [ 27.115714245900001, -18.759413694199999 ], [ 27.1132382463, -18.760496944 ], [ 27.1115963192, -18.76095129 ], [ 27.1018534659, -18.762200373799999 ], [ 27.097905586, -18.764305909699999 ], [ 27.100747616100001, -18.767245940900001 ], [ 27.104568882500001, -18.769634232400001 ], [ 27.1056315296, -18.770479581499998 ], [ 27.1078537518, -18.7727018038 ], [ 27.108411111100001, -18.773344444399999 ], [ 27.109244444400002, -18.774455555599999 ], [ 27.110088722, -18.776020333 ], [ 27.110437348400001, -18.7777638331 ], [ 27.110259709099999, -18.7795329508 ], [ 27.110186731100001, -18.779706767 ], [ 27.117570986699999, -18.7827685315 ], [ 27.1188474221, -18.782640888 ], [ 27.120929977300001, -18.782797919899998 ], [ 27.1228325479, -18.783659267499999 ], [ 27.1333881035, -18.7908814898 ], [ 27.135171605299998, -18.792791212600001 ], [ 27.140666898599999, -18.802133211200001 ], [ 27.1426512221, -18.8052199366 ], [ 27.151469729799999, -18.813000972899999 ], [ 27.152433153099999, -18.8140847401 ], [ 27.1549331531, -18.8176958512 ], [ 27.155366563099999, -18.818427829499999 ], [ 27.158144340900002, -18.8239833851 ], [ 27.158757333800001, -18.826171783500001 ], [ 27.1585124518, -18.828431181799999 ], [ 27.157666666699999, -18.8311799835 ], [ 27.157666666699999, -18.8380555556 ], [ 27.157569886099999, -18.8391288682 ], [ 27.156819056100002, -18.843258433100001 ] ], [ [ 27.282221991099998, -18.8612752845 ], [ 27.280123027399998, -18.862274791 ], [ 27.282022222199998, -18.8639 ], [ 27.287022222200001, -18.8705666667 ], [ 27.287310212, -18.870986673 ], [ 27.288302705300001, -18.8725746623 ], [ 27.2913349106, -18.869246632199999 ], [ 27.290876659199998, -18.8627165505 ], [ 27.286704241900001, -18.8629361514 ], [ 27.284455864400002, -18.8626245339 ], [ 27.282484140600001, -18.8614999841 ], [ 27.282221991099998, -18.8612752845 ] ], [ [ 27.261528749699998, -18.813515738700001 ], [ 27.2619955686, -18.8137535521 ], [ 27.261702338799999, -18.813277053699998 ], [ 27.261528749699998, -18.813515738700001 ] ], [ [ 27.326931467800001, -18.810442702500001 ], [ 27.337697948300001, -18.8139318397 ], [ 27.336301130599999, -18.808781074500001 ], [ 27.335131395400001, -18.806372796 ], [ 27.334601531499999, -18.806630743 ], [ 27.330434864800001, -18.807741854100001 ], [ 27.3296330973, -18.807898111699998 ], [ 27.329453624500001, -18.807920545799998 ], [ 27.326931467800001, -18.810442702500001 ] ], [ [ 27.2723034668, -18.806451878899999 ], [ 27.276174378699999, -18.7997485924 ], [ 27.275674152600001, -18.789744070099999 ], [ 27.275915080899999, -18.7877358599 ], [ 27.276809605699999, -18.785921809200001 ], [ 27.278256075400002, -18.7845080624 ], [ 27.279567904099999, -18.783601708 ], [ 27.2794205852, -18.782970286899999 ], [ 27.272714283900001, -18.785925606100001 ], [ 27.270870780199999, -18.794405723 ], [ 27.2719230943, -18.798509747899999 ], [ 27.2721085176, -18.799823605699999 ], [ 27.2723034668, -18.806451878899999 ] ], [ [ 27.260006209, -18.755635626499998 ], [ 27.260285024, -18.7560849481 ], [ 27.2604120421, -18.7566726907 ], [ 27.260988400700001, -18.753109746700002 ], [ 27.2609026909, -18.753187293700002 ], [ 27.260894599099998, -18.7533419102 ], [ 27.260380114499998, -18.754878228100001 ], [ 27.260006209, -18.755635626499998 ] ], [ [ 27.221079947700002, -18.765661854 ], [ 27.2224336413, -18.7583519089 ], [ 27.222641233499999, -18.757547077800002 ], [ 27.224076096499999, -18.7532424889 ], [ 27.221474767699998, -18.752626384799999 ], [ 27.2164519062, -18.761188080499998 ], [ 27.221079947700002, -18.765661854 ] ], [ [ 27.2092594169, -18.749733275400001 ], [ 27.208434882, -18.7495379908 ], [ 27.205516469500001, -18.7492307895 ], [ 27.2063956587, -18.749855932700001 ], [ 27.2074895957, -18.751293553899998 ], [ 27.207901272400001, -18.752048294400002 ], [ 27.2092594169, -18.749733275400001 ] ], [ [ 27.181038991699999, -18.728776186200001 ], [ 27.2054709407, -18.737159698100001 ], [ 27.2100725532, -18.737644078399999 ], [ 27.210827242699999, -18.737772629399998 ], [ 27.214185371300001, -18.738567975599999 ], [ 27.210932077399999, -18.731383618399999 ], [ 27.209361492399999, -18.7279806843 ], [ 27.204739125500002, -18.719551662299999 ], [ 27.204336849899999, -18.718648769200001 ], [ 27.203657756, -18.716708501 ], [ 27.200546283400001, -18.720657677799998 ], [ 27.199358010299999, -18.721800023899998 ], [ 27.1979037272, -18.7225759158 ], [ 27.181038991699999, -18.728776186200001 ] ], [ [ 27.2313693493, -18.7415404899 ], [ 27.238761072300001, -18.7379393941 ], [ 27.240266216199998, -18.7374393019 ], [ 27.240295616899999, -18.737433701800001 ], [ 27.2412023065, -18.7306982934 ], [ 27.234512455, -18.734633500200001 ], [ 27.2312982481, -18.738536465700001 ], [ 27.231106307099999, -18.738758259 ], [ 27.229549948100001, -18.7404702539 ], [ 27.2313693493, -18.7415404899 ] ], [ [ 27.254, -18.730778523800002 ], [ 27.2538660793, -18.730863746099999 ], [ 27.253688888900001, -18.7311 ], [ 27.253177022, -18.731690187600002 ], [ 27.253040630800001, -18.732703379299998 ], [ 27.254, -18.732234850099999 ], [ 27.254, -18.730778523800002 ] ], [ [ 27.316390775799999, -18.760908660199998 ], [ 27.312290060900001, -18.767378677100002 ], [ 27.312141970700001, -18.7676012081 ], [ 27.302467800700001, -18.781458802900001 ], [ 27.302245523700002, -18.782486024600001 ], [ 27.301238272, -18.784163704299999 ], [ 27.299744758300001, -18.785428054699999 ], [ 27.299587119200002, -18.785490086300001 ], [ 27.299580988700001, -18.785508477699999 ], [ 27.298732597899999, -18.787152083100001 ], [ 27.297423892699999, -18.7884591776 ], [ 27.296156422599999, -18.789111440300001 ], [ 27.296070350299999, -18.789897335599999 ], [ 27.295319557700001, -18.7915860946 ], [ 27.293978387700001, -18.793664908099998 ], [ 27.2935, -18.795518660399999 ], [ 27.2935, -18.802029231900001 ], [ 27.294267047200002, -18.8068871973 ], [ 27.294954477, -18.8055652169 ], [ 27.295945848500001, -18.8041819012 ], [ 27.3019682099, -18.797897698 ], [ 27.302180986900002, -18.797578532500001 ], [ 27.3035231213, -18.795431117500002 ], [ 27.3043684704, -18.794368470399998 ], [ 27.305924404, -18.7928125368 ], [ 27.307209761399999, -18.79030609 ], [ 27.3070760976, -18.786028850400001 ], [ 27.306642877600002, -18.784079360500002 ], [ 27.3065189866, -18.782300829899999 ], [ 27.306923172600001, -18.780564410099998 ], [ 27.307819749099998, -18.779023413400001 ], [ 27.309129555399998, -18.7778138979 ], [ 27.3107369457, -18.777042654500001 ], [ 27.3125, -18.7767777778 ], [ 27.315833333299999, -18.7767777778 ], [ 27.317808092300002, -18.777120165 ], [ 27.315696789099999, -18.770786255499999 ], [ 27.315440545800001, -18.768103258699998 ], [ 27.316390775799999, -18.760908660199998 ] ], [ [ 27.2842081159, -18.766161043699999 ], [ 27.2917149558, -18.74288984 ], [ 27.2866362874, -18.728863041499999 ], [ 27.283295004799999, -18.7210012002 ], [ 27.279375254200001, -18.729856933099999 ], [ 27.274189564699999, -18.746648689600001 ], [ 27.271240449499999, -18.764879583799999 ], [ 27.270549271299998, -18.773766160600001 ], [ 27.280617319200001, -18.769329393700001 ], [ 27.2842081159, -18.766161043699999 ] ], [ [ 27.302829018499999, -18.738337433 ], [ 27.303020878200002, -18.7377666812 ], [ 27.303513330200001, -18.737108789200001 ], [ 27.3011743446, -18.733767381100002 ], [ 27.302829018499999, -18.738337433 ] ] ] ] } },
{ "type": "Feature", "properties": { "begin": 210.0, "end": 57278.0, "layer": "7944_path", "path": "C:\\DATA\\GIS\\Arnold\\ELE\\7944_path.shp" }, "geometry": { "type": "MultiPolygon", "coordinates": [ [ [ [ 27.023039609400001, -18.724090471899999 ], [ 27.024217941500002, -18.72592867 ], [ 27.025007045799999, -18.7277919042 ], [ 27.025131916100001, -18.729811492 ], [ 27.024578350700001, -18.731757742900001 ], [ 27.023409307400001, -18.733409307399999 ], [ 27.0214648629, -18.735353751800002 ], [ 27.019119588799999, -18.7368032109 ], [ 27.016619588800001, -18.737636544200001 ], [ 27.0148424914, -18.737943238900002 ], [ 27.0130545293, -18.737708019700001 ], [ 27.0114172217, -18.736952135700001 ], [ 27.010078478400001, -18.7357438712 ], [ 27.007578478399999, -18.732688315600001 ], [ 27.0066605536, -18.731140075700001 ], [ 27.006243122200001, -18.729389251899999 ], [ 27.006341412600001, -18.727925936199998 ], [ 27.004775002700001, -18.727577845100001 ], [ 27.004217047099999, -18.7276664551 ], [ 27.0024520867, -18.727416468 ], [ 27.000838465499999, -18.726658968399999 ], [ 27.000005132199998, -18.726103412899999 ], [ 26.998648210399999, -18.724859393900001 ], [ 26.997732317600001, -18.7232625344 ], [ 26.99734367, -18.721463153199998 ], [ 26.997518852799999, -18.719630632800001 ], [ 26.997532007699999, -18.7195998057 ], [ 26.997486986199998, -18.719404712599999 ], [ 26.997340124499999, -18.7183409465 ], [ 26.9972489367, -18.7164260021 ], [ 26.995336058100001, -18.716505286 ], [ 26.9933859864, -18.715900992400002 ], [ 26.988894009300001, -18.713610964800001 ], [ 26.988409307400001, -18.7142426407 ], [ 26.988148873899998, -18.7145030742 ], [ 26.9880478573, -18.714717090099999 ], [ 26.9874923018, -18.7155504234 ], [ 26.9861, -18.717022222200001 ], [ 26.9838777778, -18.718688888900001 ], [ 26.982961059400001, -18.719255452 ], [ 26.981849948200001, -18.719811007600001 ], [ 26.980343363500001, -18.720327928500001 ], [ 26.979320767099999, -18.7205324478 ], [ 26.9774793763, -18.721146244700002 ], [ 26.976116159899998, -18.723677932299999 ], [ 26.974478034, -18.725599480300001 ], [ 26.965033589499999, -18.732821702599999 ], [ 26.963351386399999, -18.733725529400001 ], [ 26.961470387199999, -18.734055002 ], [ 26.9595811324, -18.733776745699998 ], [ 26.957874998800001, -18.732918947 ], [ 26.9565248135, -18.7315684989 ], [ 26.9529137024, -18.726568498900001 ], [ 26.952063300399999, -18.724884420799999 ], [ 26.951777886, -18.723019523600001 ], [ 26.952085678, -18.721158189 ], [ 26.952611111100001, -18.719581889600001 ], [ 26.952611111100001, -18.716784391499999 ], [ 26.947703274599998, -18.703463121 ], [ 26.947548321300001, -18.702753142300001 ], [ 26.946193192, -18.702074638700001 ], [ 26.9432205367, -18.699912707599999 ], [ 26.9426337684, -18.699684975 ], [ 26.941312914899999, -18.698687085100001 ], [ 26.941270572699999, -18.698644742900001 ], [ 26.939128508300001, -18.698962085800002 ], [ 26.9383644097, -18.699690194399999 ], [ 26.936561326100001, -18.700515516700001 ], [ 26.9345876993, -18.7007080395 ], [ 26.932659108100001, -18.700246733499998 ], [ 26.930986211600001, -18.699181987100001 ], [ 26.928208433799998, -18.6966819871 ], [ 26.927065743099998, -18.695242590900001 ], [ 26.926132833699999, -18.695436964700001 ], [ 26.9242849679, -18.695241216300001 ], [ 26.922585612799999, -18.694489472899999 ], [ 26.921354439, -18.693393330900001 ], [ 26.921150843, -18.693346347199999 ], [ 26.919296042100001, -18.692572933400001 ], [ 26.914018264300001, -18.689239600099999 ], [ 26.912490975299999, -18.6878565586 ], [ 26.911521633700001, -18.686038374700001 ], [ 26.9112245524, -18.683999463700001 ], [ 26.911634765500001, -18.6819802706 ], [ 26.9120798284, -18.680842887600001 ], [ 26.9119931462, -18.680756205400002 ], [ 26.909624928100001, -18.678651122600002 ], [ 26.908471921899999, -18.677263234800002 ], [ 26.908442133099999, -18.677191043200001 ], [ 26.9079096446, -18.6768360509 ], [ 26.907891301100001, -18.676833333299999 ], [ 26.9067984072, -18.676833333299999 ], [ 26.905786255500001, -18.677358766499999 ], [ 26.9049529222, -18.677636544199999 ], [ 26.9033252449, -18.677938380400001 ], [ 26.901677038, -18.677783938400001 ], [ 26.9001337684, -18.677184975 ], [ 26.899594824499999, -18.676777809 ], [ 26.899100341800001, -18.676654188299999 ], [ 26.898192039800001, -18.676348203500002 ], [ 26.8962475953, -18.675514870200001 ], [ 26.8951807959, -18.674792611899999 ], [ 26.8941187663, -18.675476057699999 ], [ 26.892381417, -18.6759572755 ], [ 26.890579542600001, -18.675900691599999 ], [ 26.8888758099, -18.675311414 ], [ 26.887424026, -18.674242640700001 ], [ 26.887146248200001, -18.6739648629 ], [ 26.886706874800002, -18.673307294200001 ], [ 26.884586101499998, -18.674249860100002 ], [ 26.884315942299999, -18.6757476252 ], [ 26.883603412900001, -18.677217090100001 ], [ 26.883047857299999, -18.678050423399998 ], [ 26.882543823199999, -18.678586227499999 ], [ 26.8825394104, -18.6790069567 ], [ 26.880039410399998, -18.690951401100001 ], [ 26.879336016900002, -18.692768173299999 ], [ 26.878087627, -18.694263815599999 ], [ 26.876425856400001, -18.6952806448 ], [ 26.8745259029, -18.6957114583 ], [ 26.8729955889, -18.695553025700001 ], [ 26.8719366421, -18.696043900300001 ], [ 26.870111303600002, -18.696275467900001 ], [ 26.8683016206, -18.695943005299998 ], [ 26.8666777778, -18.695077777800002 ], [ 26.864455555599999, -18.693411111100001 ], [ 26.863223147599999, -18.692167490399999 ], [ 26.8624022222, -18.6906210418 ], [ 26.862062681400001, -18.688903446400001 ], [ 26.861507125900001, -18.6775145575 ], [ 26.8619519314, -18.674937723399999 ], [ 26.863791091, -18.670471193 ], [ 26.8643183999, -18.668757439 ], [ 26.863728710299998, -18.667931873600001 ], [ 26.862774273799999, -18.6658341676 ], [ 26.8613853849, -18.6600008343 ], [ 26.861228030300001, -18.658347174199999 ], [ 26.861373766900002, -18.657559167799999 ], [ 26.8608333333, -18.657666666699999 ], [ 26.8602777778, -18.657666666699999 ], [ 26.858423675800001, -18.6573730058 ], [ 26.856751066299999, -18.6565207686 ], [ 26.855423675800001, -18.6551933782 ], [ 26.854571438699999, -18.6535207686 ], [ 26.8544072099, -18.652483868800001 ], [ 26.854367023199998, -18.652428112700001 ], [ 26.853793736099998, -18.650645830399998 ], [ 26.853797684, -18.648773619699998 ], [ 26.8540592909, -18.647971929200001 ], [ 26.8543145117, -18.646416246200001 ], [ 26.8545149481, -18.646038490900001 ], [ 26.854585678, -18.645602633399999 ], [ 26.8548634558, -18.644769300099998 ], [ 26.856312914899998, -18.642424026 ], [ 26.856590692600001, -18.6421462482 ], [ 26.8568745171, -18.641928462 ], [ 26.856151596499998, -18.641102267099999 ], [ 26.852334302599999, -18.63867308 ], [ 26.8509368251, -18.6374409061 ], [ 26.8499846954, -18.635839455199999 ], [ 26.845540251, -18.624728344099999 ], [ 26.845123049400001, -18.622878308200001 ], [ 26.8453041034, -18.620990476300001 ], [ 26.8460653243, -18.619253457900001 ], [ 26.847330659899999, -18.617840795300001 ], [ 26.848973693, -18.616893624700001 ], [ 26.8508302714, -18.616506576199999 ], [ 26.852714908, -18.616718319 ], [ 26.854439312299998, -18.617507698200001 ], [ 26.855272645599999, -18.618063253799999 ], [ 26.8561870851, -18.618812914900001 ], [ 26.856891107, -18.6195169368 ], [ 26.857757227099999, -18.618234735800002 ], [ 26.857925531100001, -18.617249851499999 ], [ 26.8587878208, -18.6155979316 ], [ 26.860115341299998, -18.614290234199999 ], [ 26.861780046500002, -18.613452893600002 ], [ 26.863621367299999, -18.613166675399999 ], [ 26.865362117899998, -18.613443359 ], [ 26.8664471634, -18.613187309499999 ], [ 26.867612972700002, -18.6132641192 ], [ 26.8673339676, -18.611753904499999 ], [ 26.867641233499999, -18.609769300100002 ], [ 26.867736348, -18.6094839567 ], [ 26.867355350699999, -18.608679629200001 ], [ 26.8668623318, -18.607114853500001 ], [ 26.866811589499999, -18.605475031600001 ], [ 26.867206917600001, -18.6038827671 ], [ 26.868318028699999, -18.601104989300001 ], [ 26.869412567400001, -18.599338017800001 ], [ 26.87104429, -18.598050506700002 ], [ 26.8782665122, -18.594161617800001 ], [ 26.880348503299999, -18.593493106 ], [ 26.882531785600001, -18.593615063400001 ], [ 26.883883573599999, -18.594222462899999 ], [ 26.884382024899999, -18.5928932594 ], [ 26.885198315099998, -18.591402247600001 ], [ 26.8864, -18.5902 ], [ 26.888622222199999, -18.588533333299999 ], [ 26.888894021, -18.588341031599999 ], [ 26.893038876, -18.585577794900001 ], [ 26.894387834100002, -18.583779184200001 ], [ 26.895194572800001, -18.581560652699999 ], [ 26.8960724057, -18.5799595953 ], [ 26.897391150200001, -18.578696706300001 ], [ 26.897701825199999, -18.578543455599998 ], [ 26.897210995199998, -18.578195303200001 ], [ 26.896106062299999, -18.576733487799999 ], [ 26.894161617799998, -18.573122376699999 ], [ 26.893572601799999, -18.571511254 ], [ 26.8934635528, -18.5697993064 ], [ 26.893573101200001, -18.568429950900001 ], [ 26.8920395488, -18.565801003899999 ], [ 26.8912822293, -18.5636242319 ], [ 26.8914013672, -18.561322564 ], [ 26.891956922799999, -18.559100341800001 ], [ 26.892668768299998, -18.557409443400001 ], [ 26.893282700099999, -18.556688555899999 ], [ 26.893319563, -18.555876347600002 ], [ 26.8941743649, -18.553894021 ], [ 26.896952142699998, -18.549727354400002 ], [ 26.897428984299999, -18.549104527899999 ], [ 26.899373428699999, -18.546882305699999 ], [ 26.900660056700001, -18.5457761955 ], [ 26.902204891899999, -18.545074500599998 ], [ 26.9038843949, -18.544833335 ], [ 26.9055642573, -18.545071984500002 ], [ 26.9071101418, -18.5457713644 ], [ 26.909703464700002, -18.547421660800001 ], [ 26.9204596702, -18.551775363 ], [ 26.920744548, -18.551205607299998 ], [ 26.921911151900002, -18.5496039919 ], [ 26.923535800700002, -18.548469684499999 ], [ 26.9254413112, -18.547926392099999 ], [ 26.927419869600001, -18.5480333657 ], [ 26.928041667599999, -18.548285892900001 ], [ 26.9307487144, -18.545976941199999 ], [ 26.9309730935, -18.545640372600001 ], [ 26.930466770199999, -18.544627726 ], [ 26.929911819600001, -18.5429117475 ], [ 26.92989187, -18.541108374499998 ], [ 26.930408723599999, -18.539380539300002 ], [ 26.931415683600001, -18.537884349500001 ], [ 26.932821772400001, -18.5367549839 ], [ 26.932825912799998, -18.5367533543 ], [ 26.934377623300001, -18.535550506700002 ], [ 26.937988734400001, -18.533606062299999 ], [ 26.9397748429, -18.532982993699999 ], [ 26.941666165299999, -18.532946970800001 ], [ 26.943474704300002, -18.533501574199999 ], [ 26.945020691100002, -18.5345916765 ], [ 26.945080781, -18.534672375700001 ], [ 26.9455604473, -18.534612417400002 ], [ 26.946171352299999, -18.534518432 ], [ 26.946174280299999, -18.534517130699999 ], [ 26.947784764200001, -18.534057176499999 ], [ 26.949459639200001, -18.534060303 ], [ 26.949510880799998, -18.534067623199999 ], [ 26.9508521419, -18.534060820400001 ], [ 26.952094587, -18.534431694 ], [ 26.952650893800001, -18.534291439299999 ], [ 26.9547796429, -18.534530820099999 ], [ 26.954941025299998, -18.534579234799999 ], [ 26.9555427634, -18.5335371661 ], [ 26.9567229998, -18.532388636299999 ], [ 26.958171037100001, -18.531604247200001 ], [ 26.958572050099999, -18.531453867300002 ], [ 26.959381256699999, -18.530485457899999 ], [ 26.9609540764, -18.5294919026 ], [ 26.9627556296, -18.529027876600001 ], [ 26.964612721200002, -18.529137989500001 ], [ 26.9663468169, -18.529811655700001 ], [ 26.967791206800001, -18.530984111 ], [ 26.968807032400001, -18.53254264 ], [ 26.969296635700001, -18.534337410799999 ], [ 26.969487623300001, -18.536056299199998 ], [ 26.970522721399998, -18.537919475700001 ], [ 26.971166961800002, -18.539685504200001 ], [ 26.971233096599999, -18.541564208099999 ], [ 26.9707146338, -18.5433711664 ], [ 26.970544818699999, -18.5436225943 ], [ 26.9709246438, -18.545996501400001 ], [ 26.970931343299998, -18.5467796121 ], [ 26.974255452, -18.553427829499999 ], [ 26.9746635869, -18.554482350099999 ], [ 26.9777191425, -18.5653156835 ], [ 26.977921888, -18.566424666700001 ], [ 26.978242967700002, -18.5701170836 ], [ 26.982455235300002, -18.573230498699999 ], [ 26.983855067899999, -18.574688499600001 ], [ 26.984691336099999, -18.576528595799999 ], [ 26.986080225, -18.581806373500001 ], [ 26.986277532300001, -18.5832790577 ], [ 26.986106899799999, -18.5847550704 ], [ 26.9833857512, -18.595911779400002 ], [ 26.988677436, -18.597234700600001 ], [ 26.990362652200002, -18.5979430513 ], [ 26.991756356700002, -18.599125972300001 ], [ 26.995367467800001, -18.603292639 ], [ 26.99638605, -18.604949044400001 ], [ 26.996821413599999, -18.6068442085 ], [ 26.9966278311, -18.608779076499999 ], [ 26.995825635100001, -18.610550423399999 ], [ 26.993851258500001, -18.613511988300001 ], [ 26.994168302, -18.613502826200001 ], [ 26.996086029400001, -18.614113153400002 ], [ 26.997694064899999, -18.6153232771 ], [ 26.998811496599998, -18.6169970525 ], [ 26.999312607899999, -18.618946171600001 ], [ 26.999822990799998, -18.6250707668 ], [ 27.001361372200002, -18.630762777800001 ], [ 27.001549067500001, -18.630957015300002 ], [ 27.001982286200001, -18.631563521499999 ], [ 27.006313644399999, -18.636165589600001 ], [ 27.007296201700001, -18.6375650865 ], [ 27.0078440759, -18.6391849151 ], [ 27.007912767099999, -18.6408935087 ], [ 27.007496696099999, -18.642552091100001 ], [ 27.0066296573, -18.644025948100001 ], [ 27.005518546200001, -18.645414837 ], [ 27.003976682400001, -18.646777376700001 ], [ 27.002065138100001, -18.647538860200001 ], [ 27.000008724800001, -18.647609731599999 ], [ 26.99852102, -18.647132863500001 ], [ 26.996415783700002, -18.6524769249 ], [ 26.995766486499999, -18.653693037699998 ], [ 26.993759732600001, -18.656591682199998 ], [ 26.993883756700001, -18.656674364899999 ], [ 26.995189065200002, -18.6578547658 ], [ 26.996095740400001, -18.6593631147 ], [ 26.996525778700001, -18.661069644400001 ], [ 26.997081334299999, -18.6666251999 ], [ 26.997060135, -18.667058701599998 ], [ 26.999065293200001, -18.6682701513 ], [ 27.000428450499999, -18.668355348599999 ], [ 27.000650051800001, -18.668244548 ], [ 27.002428481799999, -18.6676797332 ], [ 27.004294426800001, -18.667688586400001 ], [ 27.006067417299999, -18.668270251199999 ], [ 27.007575974, -18.669368470399998 ], [ 27.0081196328, -18.6699121292 ], [ 27.008676696799998, -18.6699498493 ], [ 27.010065585700001, -18.670227627100001 ], [ 27.011892658200001, -18.6709171368 ], [ 27.01340153, -18.672156864 ], [ 27.014432360400001, -18.673815479799998 ], [ 27.014875949699999, -18.675717280600001 ], [ 27.014685306800001, -18.677660801399998 ], [ 27.013880627100001, -18.6794401575 ], [ 27.012547153500002, -18.680866855 ], [ 27.0111129414, -18.681970095099999 ], [ 27.0111666795, -18.682111157600001 ], [ 27.011955944099999, -18.682383317700001 ], [ 27.013641642700001, -18.683287071700001 ], [ 27.014957274499999, -18.6846754032 ], [ 27.015048085099998, -18.684869114400001 ], [ 27.016378249399999, -18.685699657899999 ], [ 27.017523215800001, -18.686996420900002 ], [ 27.018250621499998, -18.688565950499999 ], [ 27.018463685499999, -18.690028501699999 ], [ 27.019025433100001, -18.691713744499999 ], [ 27.019332993900001, -18.693674930099998 ], [ 27.0189837848, -18.695629129499999 ], [ 27.018609447599999, -18.696677273799999 ], [ 27.018769972800001, -18.698083717700001 ], [ 27.0185724631, -18.698985279 ], [ 27.018748577699998, -18.699686552100001 ], [ 27.018718633, -18.700301560500002 ], [ 27.0253184721, -18.706021421100001 ], [ 27.026567560699998, -18.707525479899999 ], [ 27.027266787199999, -18.709351266799999 ], [ 27.027341909, -18.7113049228 ], [ 27.026784949900001, -18.713179012400001 ], [ 27.026364189900001, -18.713773167300001 ], [ 27.026161261799999, -18.714787807899999 ], [ 27.025955876899999, -18.715549974200002 ], [ 27.023039609400001, -18.724090471899999 ] ], [ [ 26.9618052125, -18.704924994900001 ], [ 26.964241169800001, -18.711536879 ], [ 26.964558674799999, -18.713317105 ], [ 26.965011111100001, -18.712977777799999 ], [ 26.966713744500002, -18.712085678 ], [ 26.969169929300001, -18.711266949700001 ], [ 26.969277883899998, -18.711066462600002 ], [ 26.9697069176, -18.709993878199999 ], [ 26.970556147100002, -18.7087059885 ], [ 26.970090671299999, -18.708777092599998 ], [ 26.968470099699999, -18.708579450399998 ], [ 26.966962796600001, -18.707952272499998 ], [ 26.9618052125, -18.704924994900001 ] ], [ [ 26.962510536300002, -18.556770813699998 ], [ 26.9620486108, -18.5569773454 ], [ 26.962194933100001, -18.558111343499998 ], [ 26.9643084, -18.561973886600001 ], [ 26.963268353099998, -18.5582864474 ], [ 26.962510536300002, -18.556770813699998 ] ], [ [ 26.948462478, -18.5926560192 ], [ 26.947761918400001, -18.5920555396 ], [ 26.946616021400001, -18.590738978600001 ], [ 26.945897523, -18.5891483268 ], [ 26.945341967400001, -18.587203882299999 ], [ 26.944883924100001, -18.5856007308 ], [ 26.944430597699998, -18.5858083679 ], [ 26.945798910800001, -18.590959664300001 ], [ 26.945988315499999, -18.592125730300001 ], [ 26.946178703200001, -18.595171934500001 ], [ 26.947537009400001, -18.593474051899999 ], [ 26.948462478, -18.5926560192 ] ], [ [ 26.9137535116, -18.565019443800001 ], [ 26.914497559099999, -18.5637317863 ], [ 26.91558302, -18.562747207400001 ], [ 26.9086519526, -18.559941775399999 ], [ 26.908770841199999, -18.560544905699999 ], [ 26.9085986328, -18.5622885471 ], [ 26.9084147027, -18.563024267399999 ], [ 26.909888928899999, -18.5629325194 ], [ 26.911970910400001, -18.5635845306 ], [ 26.913682126800001, -18.564937861200001 ], [ 26.9137535116, -18.565019443800001 ] ] ] ] } },
{ "type": "Feature", "properties": { "begin": 47.0, "end": 57251.0, "layer": "7945_path", "path": "C:\\DATA\\GIS\\Arnold\\ELE\\7945_path.shp" }, "geometry": { "type": "MultiPolygon", "coordinates": [ [ [ [ 26.872061746499998, -18.616604178300001 ], [ 26.872080196300001, -18.61640123 ], [ 26.872433881399999, -18.615025706 ], [ 26.870712992, -18.6151508616 ], [ 26.868793367199999, -18.614980144600001 ], [ 26.867026888400002, -18.614209653700001 ], [ 26.865595802400001, -18.612918880199999 ], [ 26.8646477536, -18.611240992599999 ], [ 26.8642805518, -18.609349097599999 ], [ 26.864532081099998, -18.607438381400002 ], [ 26.8653763913, -18.605705971599999 ], [ 26.866726375199999, -18.604330600099999 ], [ 26.8684427558, -18.6034541633 ], [ 26.933476690700001, -18.582563374199999 ], [ 26.9339, -18.582144444400001 ], [ 26.9350111111, -18.5813111111 ], [ 26.9367137445, -18.580419011299998 ], [ 26.938611111099998, -18.580111111099999 ], [ 26.94, -18.580111111099999 ], [ 26.940752671, -18.580226118 ], [ 26.945929260700002, -18.5785632469 ], [ 26.949390816, -18.573154566700001 ], [ 26.950568791, -18.571808571199998 ], [ 26.954179902100002, -18.568753015599999 ], [ 26.955604215, -18.567856935799998 ], [ 26.957221341299999, -18.5673916091 ], [ 26.958904083699998, -18.567393636399999 ], [ 26.9596844382, -18.567505115599999 ], [ 26.9599582271, -18.566172334800001 ], [ 26.9609669761, -18.564467464900002 ], [ 26.9624360177, -18.563217914900001 ], [ 26.9628385452, -18.561756832 ], [ 26.963753015599998, -18.560291013200001 ], [ 26.965906674300001, -18.557745780299999 ], [ 26.966123589399999, -18.5568781196 ], [ 26.9668872381, -18.555104608499999 ], [ 26.968174658900001, -18.553665494800001 ], [ 26.969852514300001, -18.552709826600001 ], [ 26.971747029900001, -18.552336581900001 ], [ 26.973661991499998, -18.552584417599999 ], [ 26.975399067800002, -18.553427665400001 ], [ 26.976778350499998, -18.554778990599999 ], [ 26.9801775605, -18.559401916100001 ], [ 26.9821748733, -18.559555555599999 ], [ 26.983333333299999, -18.559555555599999 ], [ 26.984899213199999, -18.5597634903 ], [ 26.986356559499999, -18.560372882199999 ], [ 26.9889513573, -18.561886514200001 ], [ 26.989954081600001, -18.5621371953 ], [ 26.9900454281, -18.561792115 ], [ 26.9909786244, -18.560287014499998 ], [ 26.992310545599999, -18.559119894399998 ], [ 26.9939251596, -18.55839243 ], [ 26.9956818076, -18.5581679951 ], [ 26.997427457, -18.558466141699999 ], [ 26.999010033400001, -18.5592608963 ], [ 27.000291668900001, -18.560483023 ], [ 27.000828723600002, -18.561173521899999 ], [ 27.007739979299998, -18.5624301139 ], [ 27.009416959900001, -18.563000802299999 ], [ 27.010854210400002, -18.5640363021 ], [ 27.011926452699999, -18.565446353799999 ], [ 27.012540224399999, -18.5671080497 ], [ 27.0126420259, -18.568876547799999 ], [ 27.012610856599998, -18.569219410100001 ], [ 27.0131816096, -18.568712074099999 ], [ 27.01382433, -18.5674935531 ], [ 27.014723692800001, -18.566635595 ], [ 27.0148639419, -18.5664023428 ], [ 27.016324273799999, -18.565152884100002 ], [ 27.017234636, -18.5647828902 ], [ 27.020500785399999, -18.562548156399998 ], [ 27.0221625394, -18.561753721399999 ], [ 27.0239869804, -18.561500801899999 ], [ 27.025802177500001, -18.5618132323 ], [ 27.0274370709, -18.56266157 ], [ 27.031603737499999, -18.565717125599999 ], [ 27.032069343900002, -18.5660957907 ], [ 27.0337487872, -18.5676072897 ], [ 27.034843175199999, -18.568149650300001 ], [ 27.036163285, -18.5694216676 ], [ 27.0369962702, -18.570956597799999 ], [ 27.0376832816, -18.5713001035 ], [ 27.039163432500001, -18.572346269699999 ], [ 27.0402636343, -18.573786709299998 ], [ 27.040683992600002, -18.574941795200001 ], [ 27.041603497499999, -18.575350464 ], [ 27.042992057399999, -18.576210954499999 ], [ 27.0440970557, -18.577414084299999 ], [ 27.0448365831, -18.57887067 ], [ 27.045251907699999, -18.580070496499999 ], [ 27.046627708100001, -18.5798334598 ], [ 27.0485640333, -18.580141233500001 ], [ 27.050230699899998, -18.580696789099999 ], [ 27.051639272599999, -18.581381817299999 ], [ 27.0528225509, -18.5824080692 ], [ 27.0536998965, -18.583705607300001 ], [ 27.054811007600001, -18.585927829500001 ], [ 27.055423719, -18.588112838200001 ], [ 27.055487027400002, -18.588872539499999 ], [ 27.056855247400001, -18.589967115499999 ], [ 27.056982222799999, -18.589002641299999 ], [ 27.057581625400001, -18.587555555600002 ], [ 27.058535137100002, -18.586312914899999 ], [ 27.058812914899999, -18.586035137100001 ], [ 27.060055555600002, -18.585081625400001 ], [ 27.061502641299999, -18.584482222799998 ], [ 27.063055555599998, -18.584277777800001 ], [ 27.0641666667, -18.584277777800001 ], [ 27.0660772339, -18.5846578132 ], [ 27.067425849500001, -18.583562063 ], [ 27.0679326154, -18.582572127900001 ], [ 27.0692695161, -18.581243658 ], [ 27.0709525784, -18.580395461799998 ], [ 27.072815734, -18.5801112312 ], [ 27.0746751444, -18.580419011299998 ], [ 27.075508477700001, -18.580696789099999 ], [ 27.077272912800002, -18.581635867900001 ], [ 27.0786309794, -18.583102413199999 ], [ 27.0794319661, -18.5849336751 ], [ 27.079709743900001, -18.586044786199999 ], [ 27.079867668599999, -18.588004175199998 ], [ 27.079383846900001, -18.589909447299998 ], [ 27.078310210800002, -18.5915560957 ], [ 27.076762001700001, -18.592767373400001 ], [ 27.0720351276, -18.5953456684 ], [ 27.0720809436, -18.595510195399999 ], [ 27.071980095299999, -18.5969292385 ], [ 27.072074413500001, -18.5984403669 ], [ 27.071518858, -18.603440366899999 ], [ 27.0714396937, -18.603713354100002 ], [ 27.076768568199999, -18.601452619500002 ], [ 27.080136017299999, -18.5954781129 ], [ 27.080090217199999, -18.595211501 ], [ 27.079978712900001, -18.594923901800001 ], [ 27.079934520799998, -18.594305159400001 ], [ 27.07983436, -18.593722101800001 ], [ 27.079872523700001, -18.593437123899999 ], [ 27.0798515669, -18.593143703399999 ], [ 27.079994711, -18.5925247204 ], [ 27.080074944500002, -18.591925597 ], [ 27.080190625899998, -18.5916775464 ], [ 27.080253686300001, -18.591404861099999 ], [ 27.0805801534, -18.590842299599998 ], [ 27.080841031599999, -18.590282909900001 ], [ 27.081317389100001, -18.589568373599999 ], [ 27.082077264700001, -18.588301914399999 ], [ 27.083252364700002, -18.586889974399998 ], [ 27.0847995765, -18.585899737 ], [ 27.086573873300001, -18.585424021400001 ], [ 27.088408942699999, -18.585507418399999 ], [ 27.089362961399999, -18.585858675499999 ], [ 27.089935157300001, -18.585257915700002 ], [ 27.091504370500001, -18.584382024899998 ], [ 27.095948814900002, -18.5827153583 ], [ 27.097612926, -18.5823496824 ], [ 27.099312730099999, -18.5824665188 ], [ 27.107090507900001, -18.584133185500001 ], [ 27.108814791499999, -18.584793186500001 ], [ 27.110256767900001, -18.585946208300001 ], [ 27.111279899700001, -18.587483074200001 ], [ 27.111787308899999, -18.5892582619 ], [ 27.1117309501, -18.591103683 ], [ 27.1111161599, -18.592844598900001 ], [ 27.1091717155, -18.59645571 ], [ 27.1082094727, -18.5977743497 ], [ 27.10692742, -18.598784826300001 ], [ 27.091929004899999, -18.607593419299999 ], [ 27.093883756699999, -18.608896587099998 ], [ 27.095151302400001, -18.6100315439 ], [ 27.096049299200001, -18.6114766739 ], [ 27.096505538, -18.613115772699999 ], [ 27.096483332399998, -18.6148170387 ], [ 27.095984467800001, -18.616443671100001 ], [ 27.092543778900001, -18.623755134900001 ], [ 27.092914322, -18.624491522300001 ], [ 27.0931920998, -18.625324855599999 ], [ 27.0932012315, -18.625375010700001 ], [ 27.094552031199999, -18.624497604199998 ], [ 27.096475118699999, -18.624018383700001 ], [ 27.098449413800001, -18.624191810300001 ], [ 27.1002595034, -18.624998961700001 ], [ 27.101707890899998, -18.626351770500001 ], [ 27.102085647900001, -18.6270639854 ], [ 27.102654095799998, -18.6273398214 ], [ 27.104732608199999, -18.6288244731 ], [ 27.105188676699999, -18.628950123199999 ], [ 27.1066560272, -18.6298663245 ], [ 27.106684857699999, -18.629898977300002 ], [ 27.107587306100001, -18.629698433200002 ], [ 27.108888888900001, -18.6295555556 ], [ 27.111944444399999, -18.6295555556 ], [ 27.1135927712, -18.6297864119 ], [ 27.11544109, -18.630314502899999 ], [ 27.116420426800001, -18.630559337099999 ], [ 27.1240043705, -18.627715358300001 ], [ 27.124620859, -18.6275213501 ], [ 27.135454192299999, -18.6247435724 ], [ 27.1375427941, -18.624585465300001 ], [ 27.139558476099999, -18.6251549224 ], [ 27.141255590699998, -18.6263825449 ], [ 27.141835289700001, -18.627241503699999 ], [ 27.149103386899998, -18.627614226599999 ], [ 27.1544805242, -18.623051807100001 ], [ 27.1549856928, -18.622167762099998 ], [ 27.1554667702, -18.621205607299999 ], [ 27.156565940699998, -18.619671145400002 ], [ 27.158087434700001, -18.6185540936 ], [ 27.159880677299999, -18.6179650011 ], [ 27.161768199699999, -18.617962167599998 ], [ 27.163563202900001, -18.618545873599999 ], [ 27.165088043800001, -18.619658352399998 ], [ 27.166191816200001, -18.621189507299999 ], [ 27.166765285099999, -18.622987807200001 ], [ 27.1667516969, -18.624875282800001 ], [ 27.166196141299999, -18.6282086161 ], [ 27.165738960599999, -18.629707273899999 ], [ 27.164909359199999, -18.631036465699999 ], [ 27.1634083207, -18.6328591553 ], [ 27.163839313899999, -18.633799504 ], [ 27.170885809600001, -18.636286502400001 ], [ 27.172624605599999, -18.6372492958 ], [ 27.173953470800001, -18.638727301300001 ], [ 27.1747265849, -18.640558333 ], [ 27.174859112, -18.642541466800001 ], [ 27.173470223100001, -18.656430355600001 ], [ 27.1727608745, -18.658718329 ], [ 27.1680386522, -18.667329440100001 ], [ 27.166648671800001, -18.6690287851 ], [ 27.164740441199999, -18.670114360900001 ], [ 27.157518218900002, -18.672614360899999 ], [ 27.155555555599999, -18.672944444399999 ], [ 27.152777777800001, -18.672944444399999 ], [ 27.1511236827, -18.672711936900001 ], [ 27.149597784099999, -18.6720324343 ], [ 27.149144678300001, -18.671749243099999 ], [ 27.142156641500002, -18.672525691699999 ], [ 27.138940291200001, -18.673973049299999 ], [ 27.1382222222, -18.674978345900001 ], [ 27.1382222222, -18.676947122200001 ], [ 27.140111095200002, -18.679150807300001 ], [ 27.1413764106, -18.681600341799999 ], [ 27.1422009727, -18.6848985902 ], [ 27.142961059400001, -18.685188992400001 ], [ 27.147405503800002, -18.687411214600001 ], [ 27.148693037600001, -18.688279708700001 ], [ 27.149714524, -18.689449576600001 ], [ 27.1505583597, -18.6907153302 ], [ 27.1522982539, -18.691017093599999 ], [ 27.1540827203, -18.692027441299999 ], [ 27.1554227353, -18.693579692099998 ], [ 27.156256068699999, -18.694968581 ], [ 27.156378484499999, -18.6951824428 ], [ 27.1580451512, -18.698237998300002 ], [ 27.158524735499999, -18.6993870238 ], [ 27.1593580688, -18.702164801599999 ], [ 27.159608992300001, -18.704048328300001 ], [ 27.159258355799999, -18.7059158639 ], [ 27.1590320396, -18.706326586 ], [ 27.163346263400001, -18.714392308699999 ], [ 27.163960132, -18.716156400100001 ], [ 27.164001772900001, -18.718023783100001 ], [ 27.163467150399999, -18.719813484700001 ], [ 27.1624080763, -18.721352060400001 ], [ 27.160927188199999, -18.7224904027 ], [ 27.1591680027, -18.723118192099999 ], [ 27.1463643869, -18.725533968699999 ], [ 27.1432580888, -18.728834410400001 ], [ 27.143257214399998, -18.7288350828 ], [ 27.1424593146, -18.730696849099999 ], [ 27.142427313700001, -18.730770164100001 ], [ 27.141316202599999, -18.733270164099999 ], [ 27.140513518700001, -18.7344388958 ], [ 27.140716033499999, -18.738894220700001 ], [ 27.140607807399999, -18.7403328089 ], [ 27.140159321100001, -18.741703979499999 ], [ 27.138214876599999, -18.745870646099998 ], [ 27.137090307400001, -18.7475049144 ], [ 27.135494296200001, -18.748683149 ], [ 27.1336013176, -18.749276546499999 ], [ 27.131618310299999, -18.749220237 ], [ 27.129762055, -18.7485203765 ], [ 27.120067069299999, -18.7428837569 ], [ 27.1185282189, -18.744842293800001 ], [ 27.117310212, -18.7467911048 ], [ 27.116087036700002, -18.748200578300001 ], [ 27.112102072399999, -18.7515563376 ], [ 27.112080988700001, -18.751619588800001 ], [ 27.1112702225, -18.753211145 ], [ 27.110026862600002, -18.754493505799999 ], [ 27.108461098199999, -18.755353025800002 ], [ 27.106711690299999, -18.7557135325 ], [ 27.105864739099999, -18.7556323367 ], [ 27.1051622962, -18.755895752800001 ], [ 27.103296903499999, -18.756272921699999 ], [ 27.101407228799999, -18.756046921500001 ], [ 27.099462784300002, -18.755491365899999 ], [ 27.0975119163, -18.754522826 ], [ 27.0960353378, -18.7529216792 ], [ 27.095629626400001, -18.751905651 ], [ 27.0954682494, -18.751968233500001 ], [ 27.094160366600001, -18.752258874100001 ], [ 27.093209651399999, -18.7529379564 ], [ 27.092321988799998, -18.7534630701 ], [ 27.0791584159, -18.7597917109 ], [ 27.0790988165, -18.759843926599999 ], [ 27.078444729299999, -18.760468176100002 ], [ 27.078309794599999, -18.760535197500001 ], [ 27.078201643300002, -18.7606299501 ], [ 27.077584604399998, -18.760895396 ], [ 27.076833036099998, -18.761268696399998 ], [ 27.076647148, -18.761298683300001 ], [ 27.076482459099999, -18.7613695314 ], [ 27.0758311212, -18.761430322500001 ], [ 27.075056451799998, -18.76155529 ], [ 27.0748327228, -18.761523505700001 ], [ 27.0746190409, -18.761543449200001 ], [ 27.0740033306, -18.761405677199999 ], [ 27.073274789399999, -18.761302176200001 ], [ 27.07303642, -18.7611893202 ], [ 27.0727926876, -18.761134782399999 ], [ 27.072272331299999, -18.760827562500001 ], [ 27.071648318600001, -18.760532123800001 ], [ 27.071426259900001, -18.760328039499999 ], [ 27.071181092, -18.760183291699999 ], [ 27.070799841500001, -18.759752326299999 ], [ 27.070323349100001, -18.759314403299999 ], [ 27.070152704400002, -18.7590208027 ], [ 27.069941052299999, -18.758781551199998 ], [ 27.060948163700001, -18.744679066700002 ], [ 27.057639764699999, -18.741980109699998 ], [ 27.052156636500001, -18.740883484099999 ], [ 27.050356499700001, -18.740209458900001 ], [ 27.046467610800001, -18.737987236599999 ], [ 27.044511291300001, -18.736193037700001 ], [ 27.043233392099999, -18.734347183200001 ], [ 27.042228870599999, -18.733882201099998 ], [ 27.0408703427, -18.732637059200002 ], [ 27.040449584200001, -18.7321111111 ], [ 27.038333333299999, -18.7321111111 ], [ 27.035928420299999, -18.731608055100001 ], [ 27.031483975899999, -18.729663610700001 ], [ 27.029819208300001, -18.728575487299999 ], [ 27.0270464221, -18.726015992499999 ], [ 27.024716842299998, -18.726452788700001 ], [ 27.0244270548, -18.726461628900001 ], [ 27.0190857208, -18.731066227199999 ], [ 27.016742640699999, -18.733409307399999 ], [ 27.014496920700001, -18.734824608699999 ], [ 27.011731720899999, -18.735800561600001 ], [ 27.009633493900001, -18.738015356799998 ], [ 27.007920175, -18.739275700299999 ], [ 27.005874800099999, -18.739859112 ], [ 27.000319244500002, -18.7404146676 ], [ 26.998004058100001, -18.740193175800002 ], [ 26.995947032899998, -18.7391079137 ], [ 26.9941195197, -18.737628498300001 ], [ 26.9936049893, -18.737515304599999 ], [ 26.992568189299998, -18.7371005846 ], [ 26.992288547099999, -18.737209743899999 ], [ 26.9878441026, -18.738320855 ], [ 26.9861004612, -18.7384930634 ], [ 26.9843814159, -18.738154206600001 ], [ 26.98283356, -18.7373331808 ], [ 26.981588888899999, -18.7361 ], [ 26.979750481300002, -18.733648789899998 ], [ 26.979213744500001, -18.733469877600001 ], [ 26.979134398399999, -18.733427424 ], [ 26.9787986141, -18.733428486099999 ], [ 26.9770050453, -18.732849481199999 ], [ 26.9754795815, -18.731742640699999 ], [ 26.974924026, -18.7311870851 ], [ 26.973970514200001, -18.729944444400001 ], [ 26.9736120914, -18.729079135100001 ], [ 26.968275631699999, -18.720289672100002 ], [ 26.9682043402, -18.720296630899998 ], [ 26.968080672599999, -18.720326828699999 ], [ 26.957483359499999, -18.733722566400001 ], [ 26.956128249599999, -18.734977382699999 ], [ 26.954455693, -18.735760607700001 ], [ 26.952624159100001, -18.7359980331 ], [ 26.950807180200002, -18.735667163799999 ], [ 26.949176909199998, -18.734799348500001 ], [ 26.947887809200001, -18.733476809900001 ], [ 26.9470620184, -18.731824854599999 ], [ 26.946777777800001, -18.73 ], [ 26.946777777800001, -18.729722222199999 ], [ 26.947060595899998, -18.727936579200001 ], [ 26.945963963200001, -18.726939640400001 ], [ 26.944810866299999, -18.7255121241 ], [ 26.944407823199999, -18.724480368399998 ], [ 26.9441109423, -18.724262794200001 ], [ 26.943050041100001, -18.722843734 ], [ 26.942449849300001, -18.721176696800001 ], [ 26.9418834226, -18.718344563500001 ], [ 26.9393666667, -18.714988888899999 ], [ 26.9388001035, -18.7140721705 ], [ 26.937411214600001, -18.711294392700001 ], [ 26.936863910500001, -18.7096241136 ], [ 26.936860417599998, -18.7094698995 ], [ 26.936394021, -18.709158968400001 ], [ 26.9349699998, -18.707829504700001 ], [ 26.934046983, -18.706113885200001 ], [ 26.9337222799, -18.7041929797 ], [ 26.934003930199999, -18.702432972499999 ], [ 26.933132695899999, -18.6994707757 ], [ 26.9328894324, -18.697858533 ], [ 26.933089212700001, -18.6962403267 ], [ 26.9337172836, -18.694735657 ], [ 26.936489510099999, -18.690022872 ], [ 26.936525613400001, -18.6899609807 ], [ 26.9364060712, -18.689906643299999 ], [ 26.935560687700001, -18.689436746199998 ], [ 26.9347273544, -18.688881190699998 ], [ 26.9335574865, -18.687859704299999 ], [ 26.932688992399999, -18.6865721705 ], [ 26.932133436899999, -18.685461059400001 ], [ 26.931543948400002, -18.6835026563 ], [ 26.931646493399999, -18.681460029699998 ], [ 26.9324291571, -18.679570512200002 ], [ 26.933801002, -18.6780536467 ], [ 26.9338049383, -18.678051531800001 ], [ 26.934220696899999, -18.677341763200001 ], [ 26.935536954300002, -18.6761347134 ], [ 26.937150184, -18.675368559 ], [ 26.938917458300001, -18.6751111791 ], [ 26.940682201400001, -18.6753853771 ], [ 26.942288061799999, -18.676166859599999 ], [ 26.9425388537, -18.676339279 ], [ 26.943058117900001, -18.675508456199999 ], [ 26.9431964435, -18.674125199900001 ], [ 26.943693010600001, -18.6722647663 ], [ 26.9447533327, -18.670657436500001 ], [ 26.946268202599999, -18.669468756099999 ], [ 26.954323758200001, -18.665024311700002 ], [ 26.955573895499999, -18.664508634099999 ], [ 26.956222222200001, -18.664323397899999 ], [ 26.956222222200001, -18.663333333299999 ], [ 26.956401367200002, -18.661878119600001 ], [ 26.957134225800001, -18.658946685299998 ], [ 26.9559740519, -18.658018546200001 ], [ 26.955511992, -18.657604982799999 ], [ 26.955343837, -18.657532387100002 ], [ 26.9552001548, -18.6574000956 ], [ 26.95382712, -18.658533068099999 ], [ 26.9449756765, -18.663629353699999 ], [ 26.944155555599998, -18.664244444400001 ], [ 26.9425979494, -18.665086131 ], [ 26.9408625091, -18.665436587599999 ], [ 26.9391003418, -18.665265299400001 ], [ 26.935767008500001, -18.6644319661 ], [ 26.933935746500001, -18.663630979400001 ], [ 26.9324692012, -18.662272912799999 ], [ 26.931849649099998, -18.6611088364 ], [ 26.9222553058, -18.660717230500001 ], [ 26.920807002099998, -18.6604784152 ], [ 26.916084779799998, -18.659089526300001 ], [ 26.914248747599999, -18.658185749800001 ], [ 26.911944057300001, -18.656509611499999 ], [ 26.9095874293, -18.655724068800001 ], [ 26.902184358900001, -18.653530566499999 ], [ 26.900560687700001, -18.652770079500002 ], [ 26.896394021, -18.649992301800001 ], [ 26.895132216099999, -18.648864174500002 ], [ 26.894235676600001, -18.647428542299998 ], [ 26.893775747700001, -18.645799650600001 ], [ 26.893789029800001, -18.6441071239 ], [ 26.894192346400001, -18.642759949799999 ], [ 26.893616243299999, -18.642492301800001 ], [ 26.891116243300001, -18.640825635100001 ], [ 26.8897322901, -18.6395475763 ], [ 26.8888128454, -18.637903379800001 ], [ 26.888448545100001, -18.6360551249 ], [ 26.888597144, -18.634829587900001 ], [ 26.886343137299999, -18.633627451 ], [ 26.8852910132, -18.632913651 ], [ 26.884883739599999, -18.632569034900001 ], [ 26.876819492700001, -18.630871298700001 ], [ 26.875212474800001, -18.630283643799999 ], [ 26.873836681899999, -18.629266275300001 ], [ 26.872804005799999, -18.627901934800001 ], [ 26.872198433200001, -18.626301582699998 ], [ 26.871087322099999, -18.621301582699999 ], [ 26.8709650664, -18.619502970300001 ], [ 26.871382607899999, -18.617749228 ], [ 26.872061746499998, -18.616604178300001 ] ], [ [ 26.9246648341, -18.648805587 ], [ 26.9363558053, -18.649282769500001 ], [ 26.938128184499998, -18.6496269889 ], [ 26.939717916900001, -18.650482889599999 ], [ 26.940981051400001, -18.651772969500001 ], [ 26.9411033238, -18.6520120299 ], [ 26.946029509700001, -18.649175741099999 ], [ 26.948589227599999, -18.642737662799998 ], [ 26.945216233899998, -18.638497327900001 ], [ 26.945047077800002, -18.638469877599999 ], [ 26.943344444400001, -18.637577777800001 ], [ 26.938473030499999, -18.633924217299999 ], [ 26.9286766968, -18.635883484099999 ], [ 26.926684446900001, -18.6359443144 ], [ 26.924782196900001, -18.635349163099999 ], [ 26.9231798685, -18.634163708 ], [ 26.9220542859, -18.632518769099999 ], [ 26.921529662, -18.630595872899999 ], [ 26.9216638915, -18.628607219399999 ], [ 26.922442161500001, -18.626772265500001 ], [ 26.923778586499999, -18.6252935065 ], [ 26.926908920700001, -18.622818358499998 ], [ 26.9267393529, -18.622436830800002 ], [ 26.9262398953, -18.620460179 ], [ 26.9260924594, -18.618543512399999 ], [ 26.923332510600002, -18.614748582800001 ], [ 26.9220977841, -18.613976878700001 ], [ 26.920838570200001, -18.612925401799998 ], [ 26.919911631400002, -18.611572778700001 ], [ 26.918520188799999, -18.611673974599999 ], [ 26.918439697, -18.612237417 ], [ 26.918424643800002, -18.612336831899999 ], [ 26.9173135327, -18.619281276300001 ], [ 26.916317108699999, -18.621755708199998 ], [ 26.9104354354, -18.630225317699999 ], [ 26.910754611400002, -18.630346096699999 ], [ 26.912699055899999, -18.6314572078 ], [ 26.9143622751, -18.6328627332 ], [ 26.915414322, -18.6347693001 ], [ 26.915799747800001, -18.635925577599998 ], [ 26.916187085099999, -18.6363129149 ], [ 26.917089402, -18.637468581 ], [ 26.917666777600001, -18.638430873699999 ], [ 26.918548091200002, -18.638956110100001 ], [ 26.9199061604, -18.6402293 ], [ 26.919941357799999, -18.640237002300001 ], [ 26.921531144900001, -18.6411522826 ], [ 26.922770079500001, -18.6425051322 ], [ 26.923881190700001, -18.644171798799999 ], [ 26.924680303300001, -18.645931714500001 ], [ 26.924878414399998, -18.6478543783 ], [ 26.9246648341, -18.648805587 ] ], [ [ 27.0498407816, -18.696092438600001 ], [ 27.049898187899998, -18.696142284899999 ], [ 27.0522518963, -18.6983101742 ], [ 27.0531106223, -18.691955601499998 ], [ 27.053103535200002, -18.691904574100001 ], [ 27.052449621, -18.690749685 ], [ 27.052067427200001, -18.688988363299998 ], [ 27.052225549900001, -18.687193001600001 ], [ 27.052354752799999, -18.686661834199999 ], [ 27.0517611629, -18.686477674300001 ], [ 27.0500944962, -18.685644340900001 ], [ 27.0485674661, -18.684552503 ], [ 27.048076197299999, -18.6838870124 ], [ 27.047923841199999, -18.68392237 ], [ 27.046340821400001, -18.684261588599998 ], [ 27.046326724, -18.684281727799998 ], [ 27.0469401097, -18.6857999793 ], [ 27.0469651077, -18.686063215899999 ], [ 27.047010328100001, -18.686106417800001 ], [ 27.047910138300001, -18.687812350200002 ], [ 27.048222218599999, -18.6897156289 ], [ 27.0479358895, -18.691486220400002 ], [ 27.048532767, -18.692123747899998 ], [ 27.0493032109, -18.693658189 ], [ 27.049580988700001, -18.694491522300002 ], [ 27.0498407816, -18.696092438600001 ] ], [ [ 27.0679007552, -18.714114438 ], [ 27.070099928499999, -18.716562574299999 ], [ 27.0684646429, -18.713503007700002 ], [ 27.068430089900001, -18.713514525400001 ], [ 27.0679007552, -18.714114438 ] ], [ [ 27.0495446515, -18.723616822 ], [ 27.049355659100002, -18.723238837099998 ], [ 27.048816494499999, -18.7216149801 ], [ 27.048773468499999, -18.720365745500001 ], [ 27.047785476, -18.718883756699999 ], [ 27.045409505, -18.715319800100001 ], [ 27.045083205, -18.716217125 ], [ 27.044145351499999, -18.717895134500001 ], [ 27.042724965, -18.719190428699999 ], [ 27.040967843600001, -18.719970049699999 ], [ 27.039572528400001, -18.7201041655 ], [ 27.039588404100002, -18.7201111111 ], [ 27.043333333300001, -18.7201111111 ], [ 27.045098916200001, -18.720376765699999 ], [ 27.046708153899999, -18.721150205400001 ], [ 27.048018546200002, -18.7223629408 ], [ 27.048609569300002, -18.723101719700001 ], [ 27.049433333300001, -18.723533333300001 ], [ 27.0495446515, -18.723616822 ] ], [ [ 26.998950578399999, -18.726100205400002 ], [ 27.001268896700001, -18.726222222200001 ], [ 27.0032444444, -18.726222222200001 ], [ 27.004948644900001, -18.725512138700001 ], [ 27.005922061700002, -18.7244846432 ], [ 27.006027034300001, -18.724398795199999 ], [ 27.0044735952, -18.723229323599998 ], [ 27.003318028700001, -18.7213950107 ], [ 27.003030875099999, -18.7206771265 ], [ 27.002141779700001, -18.719432393 ], [ 27.000002216, -18.716709311900001 ], [ 26.997872274, -18.715644340899999 ], [ 26.9963703522, -18.714561817 ], [ 26.993428420299999, -18.713274721800001 ], [ 26.993000004900001, -18.713066657599999 ], [ 26.992269763300001, -18.7126754568 ], [ 26.9928701087, -18.714107049599999 ], [ 26.9939648629, -18.715201803799999 ], [ 26.995116435700002, -18.716817190899999 ], [ 26.9956783017, -18.718719794799998 ], [ 26.9955957377, -18.7205528454 ], [ 26.997588785400001, -18.724538940599999 ], [ 26.9977992884, -18.7251682088 ], [ 26.998950578399999, -18.726100205400002 ] ], [ [ 27.003888032199999, -18.701213657099998 ], [ 27.003248303100001, -18.697375282799999 ], [ 27.003206822399999, -18.697081894 ], [ 27.0027445574, -18.693106414900001 ], [ 26.999959801199999, -18.695744605 ], [ 26.998360873300001, -18.696830537699999 ], [ 26.996499655499999, -18.6973517753 ], [ 26.994569291600001, -18.697254227599998 ], [ 26.993986947, -18.6970256484 ], [ 26.9939739191, -18.697375282799999 ], [ 26.993822997900001, -18.698280810300002 ], [ 26.993970987600001, -18.6999086977 ], [ 27.0031952842, -18.700984865599999 ], [ 27.003888032199999, -18.701213657099998 ] ], [ [ 26.9454188994, -18.698510609700001 ], [ 26.945378674, -18.6985789929 ], [ 26.946033970799999, -18.700807002099999 ], [ 26.946086804, -18.701198618700001 ], [ 26.946383756700001, -18.7013965871 ], [ 26.947621308900001, -18.702496088299998 ], [ 26.948511300900002, -18.703891922299999 ], [ 26.948985983699998, -18.705477833500002 ], [ 26.949009222800001, -18.707133097300002 ], [ 26.948956773199999, -18.707552694099999 ], [ 26.949291278499999, -18.7082217046 ], [ 26.950194187699999, -18.7094255835 ], [ 26.950148047100001, -18.708224157299998 ], [ 26.950607959100001, -18.7064982158 ], [ 26.951555571499998, -18.704984140600001 ], [ 26.952939358, -18.7033697231 ], [ 26.952683722900002, -18.702634647699998 ], [ 26.952463247600001, -18.7020751441 ], [ 26.952459728400001, -18.7019905545 ], [ 26.952429639799998, -18.701904035199998 ], [ 26.9523930133, -18.700386964100002 ], [ 26.9523803841, -18.700083403400001 ], [ 26.952385290700001, -18.700067092899999 ], [ 26.952384848499999, -18.700048777500001 ], [ 26.952693833400001, -18.6989996105 ], [ 26.952660766200001, -18.698900409099998 ], [ 26.951314334500001, -18.699045201800001 ], [ 26.946592112299999, -18.698767424 ], [ 26.9454188994, -18.698510609700001 ] ], [ [ 26.9553431866, -18.681754195100002 ], [ 26.956516017799999, -18.678145483600002 ], [ 26.956942827799999, -18.677284545100001 ], [ 26.954717212399999, -18.678512470800001 ], [ 26.953976878700001, -18.680679993599998 ], [ 26.953652610100001, -18.681198823300001 ], [ 26.954585738, -18.681429574300001 ], [ 26.9553431866, -18.681754195100002 ] ], [ [ 27.112508014599999, -18.730060733399998 ], [ 27.112358766500002, -18.730508477699999 ], [ 27.111728635599999, -18.731832364100001 ], [ 27.110084996400001, -18.734415225700001 ], [ 27.1097375268, -18.735283899599999 ], [ 27.109611111100001, -18.735512765399999 ], [ 27.109611111100001, -18.7367682559 ], [ 27.1119487566, -18.733793070699999 ], [ 27.112062237100002, -18.733686496800001 ], [ 27.1122023476, -18.733294219400001 ], [ 27.113234570900001, -18.731891381899999 ], [ 27.114626208600001, -18.730844107900001 ], [ 27.116259998099999, -18.730240643 ], [ 27.1179982729, -18.730131836599998 ], [ 27.121331606199998, -18.730409614300001 ], [ 27.121824975599999, -18.730564875700001 ], [ 27.121852295899998, -18.729890643 ], [ 27.122542638700001, -18.7255513456 ], [ 27.122210305900001, -18.725911714900001 ], [ 27.1202594379, -18.726880254800001 ], [ 27.118314993399999, -18.727435810399999 ], [ 27.1171649395, -18.727645941199999 ], [ 27.115845223699999, -18.727755917500001 ], [ 27.114569343900001, -18.728904209300001 ], [ 27.1129126503, -18.7299620621 ], [ 27.112508014599999, -18.730060733399998 ] ], [ [ 27.118613417599999, -18.709818420600001 ], [ 27.111675670299999, -18.708304730199998 ], [ 27.107715284600001, -18.7082222222 ], [ 27.1075903391, -18.7082222222 ], [ 27.106238871199999, -18.708700302499999 ], [ 27.104168357599999, -18.708662490399998 ], [ 27.1036733852, -18.709113367600001 ], [ 27.102205423, -18.709848583900001 ], [ 27.1005931308, -18.710158373599999 ], [ 27.096017984500001, -18.710399170799999 ], [ 27.091970775699998, -18.711589526299999 ], [ 27.091129822900001, -18.711764556199999 ], [ 27.091790492600001, -18.713180277100001 ], [ 27.094405608900001, -18.7163988818 ], [ 27.096496329600001, -18.717862386299998 ], [ 27.097400383099998, -18.7186398467 ], [ 27.100289949099999, -18.721673891 ], [ 27.1013906013, -18.721927378099998 ], [ 27.102614806799998, -18.722649719700001 ], [ 27.102654837700001, -18.722572127900001 ], [ 27.1039610168, -18.721265948799999 ], [ 27.104613727299999, -18.720929204499999 ], [ 27.105005132199999, -18.720563253800002 ], [ 27.1058384655, -18.7200076982 ], [ 27.1060796921, -18.719855042399999 ], [ 27.107468581, -18.719021709100002 ], [ 27.107731842900002, -18.718913611400001 ], [ 27.1093195449, -18.717484679599998 ], [ 27.1109528078, -18.716436895200001 ], [ 27.1128350605, -18.715965169899999 ], [ 27.113533110100001, -18.7159069991 ], [ 27.113560960400001, -18.715767747600001 ], [ 27.114005928299999, -18.714410170899999 ], [ 27.114759231600001, -18.713196274200001 ], [ 27.115870342699999, -18.711807385299998 ], [ 27.117872274, -18.710188992399999 ], [ 27.118613417599999, -18.709818420600001 ] ], [ [ 27.067865669900002, -18.691385169099998 ], [ 27.070290429300002, -18.694471226499999 ], [ 27.070376437099998, -18.693791040499999 ], [ 27.070667836399998, -18.692843992699999 ], [ 27.070449435800001, -18.6927520345 ], [ 27.069920078900001, -18.692497974 ], [ 27.067865669900002, -18.691385169099998 ] ], [ [ 27.1197113606, -18.688984553200001 ], [ 27.120658988500001, -18.689000891599999 ], [ 27.121320790799999, -18.689146558699999 ], [ 27.1216313171, -18.688566335099999 ], [ 27.121764876, -18.688441461899998 ], [ 27.121785263700001, -18.688033707599999 ], [ 27.122293578699999, -18.685899496800001 ], [ 27.123535137099999, -18.684090692600002 ], [ 27.126309841299999, -18.6813159885 ], [ 27.126522314100001, -18.680842844600001 ], [ 27.126258421300001, -18.679368858499998 ], [ 27.126021649, -18.6796437438 ], [ 27.122966093399999, -18.682143743800001 ], [ 27.121849948200001, -18.682866563099999 ], [ 27.119627726, -18.683977674299999 ], [ 27.119143428200001, -18.684133107400001 ], [ 27.1196070001, -18.686166818899999 ], [ 27.1197113606, -18.688984553200001 ] ], [ [ 27.1253322174, -18.668243235 ], [ 27.126736287899998, -18.670770562 ], [ 27.1273398214, -18.669568126400002 ], [ 27.129436745900001, -18.6666324322 ], [ 27.128778604800001, -18.6669057356 ], [ 27.1272222222, -18.667111111099999 ], [ 27.126944444399999, -18.667111111099999 ], [ 27.125326875900001, -18.666809314 ], [ 27.125441945199999, -18.667673161300002 ], [ 27.1253322174, -18.668243235 ] ], [ [ 27.104725873700001, -18.6673366956 ], [ 27.1044495766, -18.667214524 ], [ 27.104386046599998, -18.667172170699999 ], [ 27.104327396, -18.6676853636 ], [ 27.104725873700001, -18.6673366956 ] ], [ [ 27.1281725861, -18.653588643 ], [ 27.128193443899999, -18.653615825399999 ], [ 27.128718823, -18.6533116586 ], [ 27.132189320399998, -18.649584087299999 ], [ 27.129821798, -18.650130438600002 ], [ 27.129775674, -18.650257279800002 ], [ 27.129660519, -18.651084043600001 ], [ 27.1289927937, -18.652598831100001 ], [ 27.1281725861, -18.653588643 ] ], [ [ 26.898865612, -18.624927102600001 ], [ 26.900119822600001, -18.6240417775 ], [ 26.905680374300001, -18.616034583 ], [ 26.9062351181, -18.612567434199999 ], [ 26.8834006236, -18.6142281248 ], [ 26.883985785699998, -18.6160321013 ], [ 26.8842072556, -18.617471655500001 ], [ 26.8886425301, -18.620132820199998 ], [ 26.889431209, -18.620697460100001 ], [ 26.890321497399999, -18.621450781 ], [ 26.8951249518, -18.622462034600002 ], [ 26.896966066, -18.62318251 ], [ 26.898473068400001, -18.6244622484 ], [ 26.898865612, -18.624927102600001 ] ], [ [ 27.010120330900001, -18.578833705400001 ], [ 27.009870991700001, -18.5790787649 ], [ 27.010135885699999, -18.5790636732 ], [ 27.010119404099999, -18.5788513137 ], [ 27.010120330900001, -18.578833705400001 ] ], [ [ 27.154302658700001, -18.6416059182 ], [ 27.1498443467, -18.647706766199999 ], [ 27.148873020700002, -18.648749210799998 ], [ 27.1484740462, -18.649012128599999 ], [ 27.144685212900001, -18.653748170299998 ], [ 27.144391363800001, -18.654088511200001 ], [ 27.137545176300002, -18.661441823600001 ], [ 27.138093367500002, -18.6611951376 ], [ 27.139892966400001, -18.660703364300002 ], [ 27.149892966399999, -18.659592253100001 ], [ 27.151888174900002, -18.659705416600001 ], [ 27.1537355492, -18.660467565699999 ], [ 27.154498555100002, -18.660944444399998 ], [ 27.154546466900001, -18.660944444399998 ], [ 27.158629167800001, -18.6595312018 ], [ 27.161651400899999, -18.6540200709 ], [ 27.162449946599999, -18.6460346141 ], [ 27.1574475237, -18.6442690531 ], [ 27.156024277299998, -18.6435408633 ], [ 27.154843852399999, -18.642462676099999 ], [ 27.154302658700001, -18.6416059182 ] ] ] ] } },
{ "type": "Feature", "properties": { "begin": 1.0, "end": 57281.0, "layer": "7946_path", "path": "C:\\DATA\\GIS\\Arnold\\ELE\\7946_path.shp" }, "geometry": { "type": "MultiPolygon", "coordinates": [ [ [ [ 26.9182256078, -18.610757034900001 ], [ 26.919476991700002, -18.610695558300002 ], [ 26.920587197500002, -18.610973650399998 ], [ 26.9214004504, -18.611050413 ], [ 26.923973636100001, -18.611540543699999 ], [ 26.924449576600001, -18.611118809299999 ], [ 26.9253922, -18.610490393799999 ], [ 26.927612894500001, -18.6078255603 ], [ 26.927979581500001, -18.607424026 ], [ 26.933257359300001, -18.6021462482 ], [ 26.9346890399, -18.601088086699999 ], [ 26.9363681956, -18.6004966042 ], [ 26.938146994499998, -18.600423874400001 ], [ 26.939868832399998, -18.600876300300001 ], [ 26.94138212, -18.6018140507 ], [ 26.942553628399999, -18.603154566699999 ], [ 26.9469980728, -18.610099011199999 ], [ 26.947716043, -18.611693623 ], [ 26.947943705, -18.613427531199999 ], [ 26.947661718399999, -18.6151534372 ], [ 26.946894038700002, -18.616724722 ], [ 26.936956398300001, -18.631228305200001 ], [ 26.934206914699999, -18.637717086599999 ], [ 26.9369862243, -18.642025016600002 ], [ 26.937723533, -18.643664664100001 ], [ 26.937941997, -18.6454491364 ], [ 26.937817594799998, -18.6498032129 ], [ 26.938418106699999, -18.6500046572 ], [ 26.947234274500001, -18.654790576900002 ], [ 26.947420426800001, -18.654837114900001 ], [ 26.947893259400001, -18.654659802699999 ], [ 26.9498528116, -18.654279583400001 ], [ 26.9518286544, -18.654563232899999 ], [ 26.956834024799999, -18.656164951400001 ], [ 26.9852185616, -18.626969427799999 ], [ 26.9732506155, -18.614805285799999 ], [ 26.972322201, -18.614843902800001 ], [ 26.9704417777, -18.614289644900001 ], [ 26.9688403892, -18.613158827100001 ], [ 26.967688992399999, -18.611572170500001 ], [ 26.966855659099998, -18.6099055038 ], [ 26.966530122399998, -18.609119588799999 ], [ 26.965974566900002, -18.6074529222 ], [ 26.965670818, -18.605332400399998 ], [ 26.9661313525, -18.603240324 ], [ 26.966737432599999, -18.602306367800001 ], [ 26.966502911500001, -18.602163730699999 ], [ 26.965402548299998, -18.600997447299999 ], [ 26.9649274125, -18.6003351367 ], [ 26.9643118591, -18.600442687400001 ], [ 26.962546924800002, -18.600221678800001 ], [ 26.960924340599998, -18.599492941400001 ], [ 26.959586706100001, -18.59832052 ], [ 26.9586515787, -18.596807452 ], [ 26.9582011414, -18.595086712600001 ], [ 26.958263071899999, -18.5935961512 ], [ 26.955022773900001, -18.5953063085 ], [ 26.953195835900001, -18.5959204794 ], [ 26.951268428700001, -18.595923704800001 ], [ 26.949439445399999, -18.595315651699998 ], [ 26.947897622100001, -18.5941590664 ], [ 26.946802062500002, -18.5925732991 ], [ 26.946265819499999, -18.590721988199999 ], [ 26.945156055399998, -18.581566434199999 ], [ 26.9448796661, -18.579355319499999 ], [ 26.944939521799999, -18.5774872846 ], [ 26.9455712635, -18.575728296299999 ], [ 26.9467135921, -18.574249032200001 ], [ 26.951713592099999, -18.56952681 ], [ 26.953150051800002, -18.568522325699998 ], [ 26.953705607300002, -18.568244548 ], [ 26.955734188299999, -18.567646937500001 ], [ 26.957844102599999, -18.5677902561 ], [ 26.9579690871, -18.567821502200001 ], [ 26.960012341100001, -18.567635751899999 ], [ 26.961932997800002, -18.567771363399999 ], [ 26.963711804300001, -18.568508357599999 ], [ 26.965073867800001, -18.569691195800001 ], [ 26.966282769100001, -18.568914632199998 ], [ 26.966343828700001, -18.568888922900001 ], [ 26.968139171800001, -18.567606534900001 ], [ 26.9671324533, -18.564810094599999 ], [ 26.966838080799999, -18.563626305900002 ], [ 26.966560303, -18.561681861499999 ], [ 26.966577372100001, -18.5598728758 ], [ 26.967132860700001, -18.5581512043 ], [ 26.968176270099999, -18.556673362200002 ], [ 26.969612745100001, -18.555573698500002 ], [ 26.971311697099999, -18.554952182400001 ], [ 26.973118676599999, -18.554865315299999 ], [ 26.9748694128, -18.555320994199999 ], [ 26.975674092199998, -18.5558224591 ], [ 26.976386856200001, -18.5548513514 ], [ 26.978059304599999, -18.553710593800002 ], [ 26.980015938099999, -18.553190981499998 ], [ 26.982034004199999, -18.5533516697 ], [ 26.983883756699999, -18.5541743649 ], [ 26.984717090099998, -18.554729920500002 ], [ 26.9854455943, -18.555327151099998 ], [ 26.986672788500002, -18.555818028699999 ], [ 26.9875730069, -18.556368956499998 ], [ 26.9881962742, -18.5558703427 ], [ 26.9899390261, -18.5549006199 ], [ 26.991903351400001, -18.5545556963 ], [ 26.993872217100002, -18.554873681499998 ], [ 26.995628088099998, -18.555819442299999 ], [ 26.997795867, -18.557505492499999 ], [ 27.001483975900001, -18.555891944900001 ], [ 27.001991522299999, -18.555696789100001 ], [ 27.005324855600001, -18.554585678 ], [ 27.006045525400001, -18.5543942937 ], [ 27.0074344143, -18.554116515899999 ], [ 27.007762583, -18.554060303 ], [ 27.009707027400001, -18.553782525300001 ], [ 27.0116954822, -18.5538315035 ], [ 27.013558660600001, -18.554527863699999 ], [ 27.015091801800001, -18.555795077 ], [ 27.016126415700001, -18.557493878199999 ], [ 27.016503419900001, -18.558436388600001 ], [ 27.017089402, -18.5594130255 ], [ 27.017726734, -18.560898398500001 ], [ 27.017944444400001, -18.5625 ], [ 27.017944444400001, -18.563333333300001 ], [ 27.017606157700001, -18.565319536499999 ], [ 27.016629443399999, -18.567081771 ], [ 27.015124438099999, -18.568421323199999 ], [ 27.012902215899999, -18.569810212 ], [ 27.011023805, -18.570579344599999 ], [ 27.010066371200001, -18.570792107599999 ], [ 27.0097576404, -18.570993538100002 ], [ 27.008134565300001, -18.571485785699998 ], [ 27.0070207387, -18.5716571436 ], [ 27.006940673599999, -18.571738930399999 ], [ 27.006196146699999, -18.572139912299999 ], [ 27.007437408400001, -18.572273951700002 ], [ 27.0092051936, -18.573092637199998 ], [ 27.010617499399999, -18.574434539799999 ], [ 27.011525433100001, -18.576158189 ], [ 27.011668369199999, -18.5765869972 ], [ 27.011755452, -18.576761162899999 ], [ 27.0123173743, -18.578520831300001 ], [ 27.012317376599999, -18.5803680426 ], [ 27.0117554588, -18.582127712399998 ], [ 27.0106848812, -18.583633054 ], [ 27.009207116399999, -18.584741386400001 ], [ 27.008413187, -18.585017242599999 ], [ 27.008149053899999, -18.5882748836 ], [ 27.008964862900001, -18.589090692599999 ], [ 27.010088785400001, -18.590650051800001 ], [ 27.0103665631, -18.591205607300001 ], [ 27.011, -18.5938888889 ], [ 27.011, -18.593917099199999 ], [ 27.011218652899998, -18.5965409336 ], [ 27.011423277199999, -18.596602941 ], [ 27.0160560737, -18.595696524299999 ], [ 27.015586441699998, -18.594582515399999 ], [ 27.014197552799999, -18.589304737599999 ], [ 27.014003367699999, -18.587576778900001 ], [ 27.014312824600001, -18.5858657016 ], [ 27.015099933, -18.584315214699998 ], [ 27.016298585600001, -18.5830555398 ], [ 27.017808110800001, -18.582192473700001 ], [ 27.0195017271, -18.581798503200002 ], [ 27.019782473599999, -18.5817751077 ], [ 27.019801718099998, -18.5817533172 ], [ 27.021447531100002, -18.580792557799999 ], [ 27.023311610699999, -18.580396368599999 ], [ 27.0252059046, -18.580604717899998 ], [ 27.026939312300001, -18.581396587099999 ], [ 27.027772645599999, -18.581952142700001 ], [ 27.029202016199999, -18.583288557300001 ], [ 27.030125352399999, -18.585013826800001 ], [ 27.030247482699998, -18.585752757400002 ], [ 27.032731228, -18.589764961299998 ], [ 27.039624309699999, -18.5961656801 ], [ 27.052872563200001, -18.605541367099999 ], [ 27.0565180631, -18.606351478200001 ], [ 27.057156002300001, -18.606344310400001 ], [ 27.0580301842, -18.605825767199999 ], [ 27.0597915914, -18.605408619399999 ], [ 27.0603376131, -18.6054470692 ], [ 27.062861737799999, -18.603103239100001 ], [ 27.064011750799999, -18.6022655652 ], [ 27.065326664899999, -18.601722215900001 ], [ 27.067870096899998, -18.601010054900001 ], [ 27.066071099599998, -18.598986183 ], [ 27.0649846954, -18.597228344099999 ], [ 27.063318028699999, -18.593061677400001 ], [ 27.062888888900002, -18.590833333300001 ], [ 27.063318028699999, -18.588604989299998 ], [ 27.063873584300001, -18.587216100399999 ], [ 27.065029150699999, -18.585381787500001 ], [ 27.066136414300001, -18.584548209200001 ], [ 27.066139046, -18.584544824 ], [ 27.066166959, -18.584525214300001 ], [ 27.066761162900001, -18.584077881300001 ], [ 27.0669087285, -18.584004098499999 ], [ 27.067594496200002, -18.583522325699999 ], [ 27.0681500518, -18.583244548 ], [ 27.070833333300001, -18.5826111111 ], [ 27.0713888889, -18.5826111111 ], [ 27.073130597, -18.5828694691 ], [ 27.074136822300002, -18.583345378200001 ], [ 27.074986173199999, -18.5834857587 ], [ 27.076711442699999, -18.5844090949 ], [ 27.0780478573, -18.5858384655 ], [ 27.078603412900002, -18.586671798800001 ], [ 27.079054130500001, -18.5877599274 ], [ 27.0798662887, -18.5881660065 ], [ 27.081041691799999, -18.589312036799999 ], [ 27.0827605954, -18.590093356699999 ], [ 27.0834833264, -18.590550203599999 ], [ 27.0841666667, -18.590388888900002 ], [ 27.0843082333, -18.590388888900002 ], [ 27.085539696200001, -18.589333349299999 ], [ 27.086900803799999, -18.588454747499998 ], [ 27.095827386900002, -18.584276346900001 ], [ 27.095666666700001, -18.583055555600001 ], [ 27.095666666700001, -18.582777777800001 ], [ 27.0956929968, -18.5826662417 ], [ 27.095666666700001, -18.5825 ], [ 27.095666666700001, -18.582222222199999 ], [ 27.095925024700001, -18.580480514200001 ], [ 27.096677849, -18.578888800800001 ], [ 27.097860307, -18.577584159499999 ], [ 27.099370566099999, -18.576678945 ], [ 27.101078563800002, -18.5762511139 ], [ 27.101787939699999, -18.576285963299998 ], [ 27.102442166300001, -18.576242901800001 ], [ 27.103934777, -18.576595259299999 ], [ 27.1051874353, -18.576793660900002 ], [ 27.1058454291, -18.577128925499999 ], [ 27.112681734799999, -18.577336086300001 ], [ 27.114226917, -18.577637516900001 ], [ 27.114382024899999, -18.5767821482 ], [ 27.115215358299999, -18.574559926 ], [ 27.115841031599999, -18.573338465500001 ], [ 27.116396587099999, -18.5725051322 ], [ 27.117893050399999, -18.570956950100001 ], [ 27.1198397261, -18.5700367745 ], [ 27.121985911199999, -18.5698631102 ], [ 27.125370996200001, -18.570201618700001 ], [ 27.1284403941, -18.566798590499999 ], [ 27.128445746099999, -18.566541693800001 ], [ 27.1287581825, -18.564751875500001 ], [ 27.129592027899999, -18.563137636499999 ], [ 27.131339842399999, -18.5607343916 ], [ 27.131812564699999, -18.5598066218 ], [ 27.133139955200001, -18.5584792314 ], [ 27.134812564699999, -18.5576269942 ], [ 27.136666666699998, -18.557333333300001 ], [ 27.138520768599999, -18.5576269942 ], [ 27.140193378199999, -18.5584792314 ], [ 27.140450970500002, -18.558736823699999 ], [ 27.142081676299998, -18.559550041800001 ], [ 27.143403556100001, -18.560834393099999 ], [ 27.144273225599999, -18.562459385299999 ], [ 27.144608623500002, -18.564271685800001 ], [ 27.144378102, -18.566100287600001 ], [ 27.1439825227, -18.566954243200001 ], [ 27.143867565099999, -18.569368353200002 ], [ 27.160305654399998, -18.561058989399999 ], [ 27.1797297705, -18.545004362899999 ], [ 27.179775817599999, -18.544937294299999 ], [ 27.180175609399999, -18.5444181945 ], [ 27.196879227, -18.525020445100001 ], [ 27.199868639400002, -18.518792502499998 ], [ 27.2012275174, -18.516962220700002 ], [ 27.203171037099999, -18.515770913800001 ], [ 27.208299142400001, -18.513847874300001 ], [ 27.208613805100001, -18.513679471900002 ], [ 27.208947018, -18.513413473699998 ], [ 27.20955403, -18.513176278900001 ], [ 27.209974712400001, -18.5129511365 ], [ 27.210365257, -18.5123007099 ], [ 27.211240854300002, -18.511508642599999 ], [ 27.211882305700001, -18.510762317600001 ], [ 27.216326750099999, -18.506873428700001 ], [ 27.2175944962, -18.506022325699998 ], [ 27.223137071699998, -18.503251038 ], [ 27.2240296075, -18.502537009400001 ], [ 27.226263246399999, -18.501416518599999 ], [ 27.229041492299999, -18.500691758799999 ], [ 27.229027588499999, -18.500622941500001 ], [ 27.2288738315, -18.500229159900002 ], [ 27.2287363664, -18.498477148799999 ], [ 27.229112427699999, -18.496760460899999 ], [ 27.229969753300001, -18.495226370800001 ], [ 27.231234793100001, -18.494006488099998 ], [ 27.2331792375, -18.492617599199999 ], [ 27.2339833851, -18.492133436900001 ], [ 27.239538940599999, -18.489355659099999 ], [ 27.241018549100001, -18.488883170299999 ], [ 27.241234793099999, -18.488728710299998 ], [ 27.242038626199999, -18.488306156 ], [ 27.242358706400001, -18.488096240899999 ], [ 27.244303150899999, -18.487262907600002 ], [ 27.244570355099999, -18.4871948507 ], [ 27.244812564699998, -18.487071438699999 ], [ 27.245453385800001, -18.486969942599998 ], [ 27.2461040761, -18.486804211700001 ], [ 27.246388877899999, -18.486821775199999 ], [ 27.246666666700001, -18.4867777778 ], [ 27.249722222199999, -18.4867777778 ], [ 27.251427255900001, -18.4870251384 ], [ 27.252991703500001, -18.487746824399999 ], [ 27.254286570800001, -18.4888833302 ], [ 27.255205091499999, -18.490340947 ], [ 27.256316202600001, -18.492840947 ], [ 27.256416980499999, -18.493227024 ], [ 27.2568331648, -18.494028312 ], [ 27.257023954099999, -18.495464204099999 ], [ 27.261472061199999, -18.499200614100001 ], [ 27.262541466799998, -18.499307554600001 ], [ 27.264247996400002, -18.499737592900001 ], [ 27.265756345300002, -18.5006442681 ], [ 27.266307193300001, -18.501253405700002 ], [ 27.267972431299999, -18.501518233500001 ], [ 27.269650094300001, -18.502377059899999 ], [ 27.270030331499999, -18.502759710100001 ], [ 27.274388077200001, -18.503537879 ], [ 27.2750574206, -18.503697486699998 ], [ 27.282792236, -18.506017931399999 ], [ 27.311891786, -18.508465557 ], [ 27.3140331078, -18.509058527 ], [ 27.315811813700002, -18.5103900967 ], [ 27.321922924799999, -18.517056763300001 ], [ 27.323010445400001, -18.518737297400001 ], [ 27.323484638699998, -18.520682043099999 ], [ 27.3232927259, -18.522674545299999 ], [ 27.322456067299999, -18.524493033100001 ], [ 27.321067785299999, -18.5259351041 ], [ 27.3192823993, -18.526840251799999 ], [ 27.294282399299998, -18.534618029499999 ], [ 27.292263399399999, -18.534884222100001 ], [ 27.2902716559, -18.534459749 ], [ 27.271107541, -18.526794103099999 ], [ 27.250224490400001, -18.520790226 ], [ 27.2397770044, -18.52570669 ], [ 27.238523805, -18.526134900100001 ], [ 27.236023805, -18.526690455699999 ], [ 27.234520113, -18.526829928400002 ], [ 27.233029224300001, -18.5265895263 ], [ 27.228307002099999, -18.525200637499999 ], [ 27.227662412099999, -18.5249336396 ], [ 27.2252419999, -18.525144110199999 ], [ 27.224893580900002, -18.525164219200001 ], [ 27.217023431499999, -18.5253890806 ], [ 27.2153822109, -18.536695267199999 ], [ 27.214664577600001, -18.538791408800002 ], [ 27.209942355300001, -18.547124742099999 ], [ 27.2090551965, -18.5483170081 ], [ 27.207902215899999, -18.5492546565 ], [ 27.202569606499999, -18.552587537299999 ], [ 27.198322929, -18.560373112800001 ], [ 27.197482034499998, -18.561550467099998 ], [ 27.196383756700001, -18.562492301799999 ], [ 27.191044758699999, -18.566051633800001 ], [ 27.188570735, -18.5685256575 ], [ 27.187853751799999, -18.569520418500002 ], [ 27.186294392699999, -18.570644340899999 ], [ 27.185183281600001, -18.571199896500001 ], [ 27.183592535599999, -18.5717330254 ], [ 27.177785302, -18.572808439 ], [ 27.172729161500001, -18.577443234499999 ], [ 27.1719074351, -18.578470392500002 ], [ 27.170309196800002, -18.579867179800001 ], [ 27.167553137500001, -18.581520815400001 ], [ 27.166849948199999, -18.5820332298 ], [ 27.165738837100001, -18.582588785399999 ], [ 27.163994671400001, -18.583148271599999 ], [ 27.163646982700001, -18.5831496361 ], [ 27.1612213278, -18.584626121700001 ], [ 27.161359364900001, -18.586765696699999 ], [ 27.1619285851, -18.586277793699999 ], [ 27.164109246, -18.5850863756 ], [ 27.166887023800001, -18.584253042299999 ], [ 27.168611111099999, -18.584 ], [ 27.169166666700001, -18.584 ], [ 27.171320541099998, -18.5843999264 ], [ 27.1749316523, -18.585788815299999 ], [ 27.1765489143, -18.586722141700001 ], [ 27.177800938099999, -18.588107447100001 ], [ 27.178566464, -18.589810563299999 ], [ 27.1787713501, -18.5916665419 ], [ 27.1783957528, -18.593495629500001 ], [ 27.177562419499999, -18.5957178518 ], [ 27.176459904600001, -18.597562138800001 ], [ 27.176219313299999, -18.597837100300001 ], [ 27.177209743900001, -18.599933675100001 ], [ 27.177487521700002, -18.601044786199999 ], [ 27.1775501507, -18.601323303200001 ], [ 27.1778070097, -18.602607598300001 ], [ 27.178090382099999, -18.6030988726 ], [ 27.178485906599999, -18.6048667767 ], [ 27.178335728499999, -18.606672149600001 ], [ 27.1776535387, -18.608350405100001 ], [ 27.176501528799999, -18.6097485459 ], [ 27.174984721200001, -18.610739111 ], [ 27.1734131312, -18.611183261299999 ], [ 27.173133749, -18.611462643500001 ], [ 27.172770079500001, -18.6122170901 ], [ 27.171658968399999, -18.613883756700002 ], [ 27.1703890454, -18.615261285700001 ], [ 27.168756160400001, -18.616179968099999 ], [ 27.166961776, -18.6165417086 ], [ 27.166853124900001, -18.616606405300001 ], [ 27.165430838399999, -18.617029474700001 ], [ 27.162097505, -18.617585030200001 ], [ 27.161554341199999, -18.617650273199999 ], [ 27.159141629, -18.6178289926 ], [ 27.1583282012, -18.618603412900001 ], [ 27.15827018, -18.6186420937 ], [ 27.1581874353, -18.6188044893 ], [ 27.156860044799998, -18.620131879700001 ], [ 27.1551874353, -18.620984116900001 ], [ 27.153333333300001, -18.6212777778 ], [ 27.1514792314, -18.620984116900001 ], [ 27.1498066218, -18.620131879700001 ], [ 27.1484792314, -18.6188044893 ], [ 27.1482079082, -18.618271987499998 ], [ 27.147451503100001, -18.617408992800001 ], [ 27.146722765700002, -18.6157864085 ], [ 27.146609208200001, -18.614879559399998 ], [ 27.146324980500001, -18.615042808599998 ], [ 27.1451918709, -18.615289752599999 ], [ 27.143051964200001, -18.618297189100002 ], [ 27.1429285613, -18.619076324200002 ], [ 27.142076324200001, -18.6207489337 ], [ 27.140748933699999, -18.622076324199998 ], [ 27.140143446700002, -18.622384835199998 ], [ 27.137388745, -18.6262563079 ], [ 27.1361385893, -18.627548591899998 ], [ 27.134706330499998, -18.6283332034 ], [ 27.136878119599999, -18.627790256099999 ], [ 27.1386790448, -18.627621079099999 ], [ 27.1404485491, -18.6279963215 ], [ 27.1420258066, -18.6288818785 ], [ 27.142855016599999, -18.6297603258 ], [ 27.147848870499999, -18.628382711 ], [ 27.1497405904, -18.628173979700001 ], [ 27.151602513299999, -18.628568208099999 ], [ 27.1532473002, -18.629525730499999 ], [ 27.1545094592, -18.6309502051 ], [ 27.155261997099998, -18.632698306799998 ], [ 27.1554291966, -18.634594149 ], [ 27.1548736411, -18.642371926700001 ], [ 27.1545249823, -18.644002222600001 ], [ 27.153741181600001, -18.645473644900001 ], [ 27.152582753099999, -18.6466725907 ], [ 27.143693864300001, -18.653617035100002 ], [ 27.142228344100001, -18.654459749 ], [ 27.136071744399999, -18.6569223889 ], [ 27.1312482196, -18.667028822 ], [ 27.130367638, -18.668373831299998 ], [ 27.1291615345, -18.669436746199999 ], [ 27.128416027299998, -18.669933751 ], [ 27.1291554682, -18.6710038692 ], [ 27.129653343699999, -18.670844549 ], [ 27.129659886, -18.670552628599999 ], [ 27.130335145499998, -18.668709080100001 ], [ 27.1315693725, -18.6671822108 ], [ 27.134069372500001, -18.664959988500001 ], [ 27.135608198100002, -18.663966265799999 ], [ 27.137375135599999, -18.663483150200001 ], [ 27.139205493399999, -18.663555671800001 ], [ 27.140928668299999, -18.664177071 ], [ 27.143984223899999, -18.665843737700001 ], [ 27.1454774292, -18.666995863099999 ], [ 27.146539211299999, -18.668554604099999 ], [ 27.1470646587, -18.670365946099999 ], [ 27.147001853500001, -18.672250915799999 ], [ 27.1463570011, -18.674023264599999 ], [ 27.145193817700001, -18.675507872099999 ], [ 27.144547228099999, -18.676108276699999 ], [ 27.1447190658, -18.676446026600001 ], [ 27.152969709200001, -18.678462850599999 ], [ 27.156936680800001, -18.6787680023 ], [ 27.173661425300001, -18.677354643600001 ], [ 27.1743484014, -18.677336086299999 ], [ 27.185469771699999, -18.677673097500001 ], [ 27.185791866599999, -18.677640888 ], [ 27.186182115200001, -18.677614675099999 ], [ 27.201377791500001, -18.677090686300001 ], [ 27.216346807099999, -18.6718384001 ], [ 27.2171566365, -18.671616515899998 ], [ 27.2248534292, -18.670077157400002 ], [ 27.227363455799999, -18.662547077799999 ], [ 27.228225361500002, -18.6608850589 ], [ 27.2295575656, -18.6595696043 ], [ 27.231230356200001, -18.6587287951 ], [ 27.233080859800001, -18.658444497800001 ], [ 27.2349288996, -18.658744393399999 ], [ 27.2365945387, -18.6595992821 ], [ 27.2379156, -18.660925926600001 ], [ 27.238763456499999, -18.6625951563 ], [ 27.2390555556, -18.664444444400001 ], [ 27.2390555556, -18.664690481099999 ], [ 27.239857039699999, -18.672438160599999 ], [ 27.2397093067, -18.674512517099998 ], [ 27.2388623507, -18.676411844699999 ], [ 27.2374179191, -18.677907972100002 ], [ 27.2340806986, -18.680335041500001 ], [ 27.236762043199999, -18.680128784200001 ], [ 27.238557242199999, -18.6802615195 ], [ 27.240232276099999, -18.680920776299999 ], [ 27.241636375199999, -18.682047214800001 ], [ 27.242643156700002, -18.683539444400001 ], [ 27.2431620001, -18.685263149499999 ], [ 27.243146204399999, -18.687063179700001 ], [ 27.242233552, -18.692741905399998 ], [ 27.251078783400001, -18.697164521099999 ], [ 27.251610382700001, -18.697205413300001 ], [ 27.2532505255, -18.697843764 ], [ 27.2546348831, -18.6989305546 ], [ 27.2548860146, -18.699289223499999 ], [ 27.255249842800001, -18.699544824 ], [ 27.256341563100001, -18.700949097799999 ], [ 27.256973608300001, -18.702611733200001 ], [ 27.257090431599998, -18.7043866108 ], [ 27.2570169703, -18.7046977979 ], [ 27.258495652099999, -18.7039929964 ], [ 27.260186941400001, -18.703722909900002 ], [ 27.2618856325, -18.703941668300001 ], [ 27.263453309799999, -18.704631446600001 ], [ 27.264762233700001, -18.705736039200001 ], [ 27.266625390400002, -18.707832090499998 ], [ 27.2674938782, -18.707484695400002 ], [ 27.269355329500002, -18.707066783599998 ], [ 27.271253874100001, -18.707254345100001 ], [ 27.272997566600001, -18.7080284173 ], [ 27.2744101171, -18.709310740300001 ], [ 27.2753487148, -18.710971669399999 ], [ 27.278126492599998, -18.7184716694 ], [ 27.278490972299998, -18.720226539700001 ], [ 27.278320855, -18.722010769299999 ], [ 27.276931966100001, -18.7275663249 ], [ 27.2768197782, -18.7279580328 ], [ 27.273848858600001, -18.7371408751 ], [ 27.271555555599999, -18.747333333299999 ], [ 27.271555555599999, -18.751111111099998 ], [ 27.271318941099999, -18.752779459599999 ], [ 27.268382987, -18.762921846699999 ], [ 27.2667757627, -18.774440287299999 ], [ 27.266340416199998, -18.775992715200001 ], [ 27.265911326800001, -18.776703793599999 ], [ 27.271196581200002, -18.7789059829 ], [ 27.272056493600001, -18.779348732500001 ], [ 27.2785039993, -18.783356641400001 ], [ 27.279029324500002, -18.781465470600001 ], [ 27.279192435100001, -18.779603732399998 ], [ 27.280004609599999, -18.777787547599999 ], [ 27.280173190599999, -18.777607902300002 ], [ 27.285106453499999, -18.7618214612 ], [ 27.285661728, -18.760568990399999 ], [ 27.296772839199999, -18.741680101499998 ], [ 27.298261888100001, -18.739985263400001 ], [ 27.300271583299999, -18.738960144899998 ], [ 27.308882694400001, -18.736460144900001 ], [ 27.310625525700001, -18.7362226302 ], [ 27.3123623438, -18.736500726199999 ], [ 27.317442565299999, -18.7381050067 ], [ 27.3252967321, -18.740000840099999 ], [ 27.327245468099999, -18.7408600672 ], [ 27.328771289700001, -18.7423459042 ], [ 27.331549067499999, -18.746234793100001 ], [ 27.331916358299999, -18.746969193599998 ], [ 27.332286466599999, -18.747075550600002 ], [ 27.333877896499999, -18.748172140099999 ], [ 27.335038157, -18.749717764 ], [ 27.3351740835, -18.750127367 ], [ 27.335436083800001, -18.750516068900001 ], [ 27.335953259, -18.752308087900001 ], [ 27.3359230252, -18.753278052300001 ], [ 27.336510374300001, -18.756948983899999 ], [ 27.346093163799999, -18.769053560100001 ], [ 27.346976161099999, -18.770590910399999 ], [ 27.3473713383, -18.772319194400001 ], [ 27.347244192800002, -18.774087516800002 ], [ 27.3453835772, -18.782405563 ], [ 27.346483385100001, -18.7818556591 ], [ 27.348261815099999, -18.781290844299999 ], [ 27.350127760100001, -18.7812996975 ], [ 27.351900750599999, -18.781881362299998 ], [ 27.3524367819, -18.782271589499999 ], [ 27.352718347, -18.782170843900001 ], [ 27.353573672700001, -18.782128824400001 ], [ 27.353631898100002, -18.782110829499999 ], [ 27.3538279528, -18.782116332400001 ], [ 27.3544769917, -18.782084447199999 ], [ 27.354702255100001, -18.782140872700001 ], [ 27.3555891677, -18.782165767 ], [ 27.357424526799999, -18.782847954499999 ], [ 27.358942513500001, -18.784084740200001 ], [ 27.359351848900001, -18.784738631100002 ], [ 27.360805964400001, -18.7852230841 ], [ 27.362298196200001, -18.786312914900002 ], [ 27.362575974, -18.786590692600001 ], [ 27.3636248609, -18.7880049529 ], [ 27.363811122600001, -18.7885255196 ], [ 27.367052960300001, -18.7887346704 ], [ 27.368015823699999, -18.788875875 ], [ 27.371626934799998, -18.789709208400001 ], [ 27.373272610099999, -18.790356423 ], [ 27.374658139699999, -18.791455259300001 ], [ 27.37566317, -18.7929102672 ], [ 27.3762003991, -18.794595057599999 ], [ 27.376223160799999, -18.7963632815 ], [ 27.375729477699998, -18.7980613424 ], [ 27.375354285299998, -18.7986355858 ], [ 27.375855037200001, -18.799048871299998 ], [ 27.376837494699998, -18.8005430479 ], [ 27.377335966699999, -18.8022604041 ], [ 27.377306175200001, -18.8040483915 ], [ 27.377088560200001, -18.804714389899999 ], [ 27.378964862899998, -18.8065906926 ], [ 27.380041269900001, -18.808057053100001 ], [ 27.380628787700001, -18.809778589499999 ], [ 27.380959263, -18.811629250900001 ], [ 27.391987912, -18.8011967451 ], [ 27.393609096799999, -18.800102123199999 ], [ 27.395496220399998, -18.799587146299999 ], [ 27.397448700799998, -18.799706551 ], [ 27.399259008800001, -18.800447646 ], [ 27.422467053799998, -18.8147502783 ], [ 27.4316542422, -18.817464674899998 ], [ 27.432872274, -18.8168556591 ], [ 27.434861640400001, -18.816262483799999 ], [ 27.436934073100002, -18.816382728299999 ], [ 27.4388414881, -18.817201998400002 ], [ 27.4403555556, -18.818622222199998 ], [ 27.440662185600001, -18.819031062299999 ], [ 27.4456260384, -18.8161841467 ], [ 27.446153568700002, -18.8159152717 ], [ 27.459764679799999, -18.809804160599999 ], [ 27.4609650477, -18.8094109633 ], [ 27.464853936600001, -18.80857763 ], [ 27.467518954300001, -18.8086119512 ], [ 27.475574509899999, -18.810556395599999 ], [ 27.4775056726, -18.811403807200001 ], [ 27.4790243293, -18.812867083499999 ], [ 27.487079884900002, -18.823978194599999 ], [ 27.4880146279, -18.825935379699999 ], [ 27.488192445399999, -18.8280970223 ], [ 27.487359112, -18.836430355600001 ], [ 27.486989365500001, -18.837980271 ], [ 27.4883700219, -18.838330352900002 ], [ 27.4897961673, -18.839153874499999 ], [ 27.490944697100002, -18.840334110899999 ], [ 27.491729086199999, -18.8417821482 ], [ 27.4925624195, -18.844004370499999 ], [ 27.492944434599998, -18.846121987099998 ], [ 27.492554745, -18.848238205 ], [ 27.4914434716, -18.850080840899999 ], [ 27.488632851399998, -18.853266210499999 ], [ 27.4986234522, -18.852357974099998 ], [ 27.500413819199998, -18.852464380200001 ], [ 27.513793397400001, -18.855307540599998 ], [ 27.5142366593, -18.855333614799999 ], [ 27.5172505689, -18.852319705300001 ], [ 27.518283182600001, -18.847156636499999 ], [ 27.518527906100001, -18.846282875 ], [ 27.521810577899998, -18.837255527500002 ], [ 27.5287113029, -18.814897178500001 ], [ 27.5297055821, -18.812986560199999 ], [ 27.531310523399998, -18.811550169899999 ], [ 27.533319309900001, -18.810773104700001 ], [ 27.563874865399999, -18.804939771400001 ], [ 27.565837028699999, -18.804892005 ], [ 27.567709621399999, -18.805480021099999 ], [ 27.569292257099999, -18.806640896200001 ], [ 27.580103898600001, -18.8177099577 ], [ 27.58076367, -18.817984862500001 ], [ 27.5821369037, -18.8182823175 ], [ 27.583706168300001, -18.819170381 ], [ 27.5849407197, -18.820484584399999 ], [ 27.5857290627, -18.822106238899998 ], [ 27.586, -18.823888888900001 ], [ 27.586, -18.824166666699998 ], [ 27.585680908, -18.826097284399999 ], [ 27.585057232499999, -18.8272626328 ], [ 27.582684421100002, -18.832482817700001 ], [ 27.582467165899999, -18.832913857600001 ], [ 27.578300499200001, -18.840413857600002 ], [ 27.5781435454, -18.840679993599998 ], [ 27.577378723900001, -18.841903708099998 ], [ 27.577260815300001, -18.842446994399999 ], [ 27.577077382799999, -18.84276287 ], [ 27.576450745500001, -18.844689199699999 ], [ 27.576152344400001, -18.846051284600001 ], [ 27.5752368598, -18.848420774 ], [ 27.570279254199999, -18.863660821 ], [ 27.5715967308, -18.874859372500001 ], [ 27.57640278, -18.8810385785 ], [ 27.577311761699999, -18.8826892682 ], [ 27.5776639137, -18.884540487500001 ], [ 27.577934001100001, -18.893453370700001 ], [ 27.578450992, -18.897933958799999 ], [ 27.579801891700001, -18.898609408599999 ], [ 27.5802306999, -18.8987523447 ], [ 27.582264543800001, -18.8999117207 ], [ 27.583699896500001, -18.901761162900002 ], [ 27.588422118699999, -18.911205607300001 ], [ 27.588747655300001, -18.911991522299999 ], [ 27.5914648137, -18.920142997500001 ], [ 27.5974629906, -18.927640718599999 ], [ 27.598356554799999, -18.929180439900001 ], [ 27.598759000800001, -18.930914578199999 ], [ 27.5986431225, -18.9325728088 ], [ 27.603912406799999, -18.9393843227 ], [ 27.604807969100001, -18.9410121009 ], [ 27.6051626412, -18.9428358063 ], [ 27.604942416899998, -18.9446805814 ], [ 27.604168411500002, -18.946369548300002 ], [ 27.602914837, -18.947740768399999 ], [ 27.601525948100001, -18.948851879500001 ], [ 27.601265206899999, -18.949049067499999 ], [ 27.601147187399999, -18.949133367200002 ], [ 27.600779946799999, -18.950172770599998 ], [ 27.599456217699998, -18.951781261 ], [ 27.597662296199999, -18.952840197299999 ], [ 27.5960263413, -18.953453680399999 ], [ 27.594054694299999, -18.954708364799998 ], [ 27.592911074300002, -18.955851984799999 ], [ 27.590442497600002, -18.958457704699999 ], [ 27.590577402099999, -18.963314267600001 ], [ 27.590754845599999, -18.963420812500001 ], [ 27.591936746199998, -18.964727354400001 ], [ 27.5924923018, -18.965560687699998 ], [ 27.592982869299998, -18.9664520581 ], [ 27.593641515400002, -18.967934011800001 ], [ 27.600552989099999, -18.974845485500001 ], [ 27.603501195, -18.977583105200001 ], [ 27.603718851299998, -18.977679389799999 ], [ 27.604995196, -18.978741741 ], [ 27.607548751, -18.981550651500001 ], [ 27.6098175572, -18.982788182099998 ], [ 27.610895472100001, -18.983540095399999 ], [ 27.614408621500001, -18.986614101099999 ], [ 27.621745668599999, -18.988980890499999 ], [ 27.6255372157, -18.990064189600002 ], [ 27.6272129699, -18.990838287199999 ], [ 27.6285741017, -18.992085163 ], [ 27.6296852129, -18.993474051900002 ], [ 27.6298, -18.993622222199999 ], [ 27.633133333300002, -18.998066666700002 ], [ 27.634075823700002, -18.9999277579 ], [ 27.6343241191, -19.001999061300001 ], [ 27.633848203500001, -19.004030182499999 ], [ 27.6330148702, -19.005974626899999 ], [ 27.6321093277, -19.007452217499999 ], [ 27.631302360300001, -19.008420578300001 ], [ 27.630965213100001, -19.009082267099998 ], [ 27.630566761200001, -19.009480719 ], [ 27.630088279300001, -19.010320099299999 ], [ 27.6282388371, -19.011755452 ], [ 27.626639754399999, -19.0125549933 ], [ 27.6263518795, -19.012914837 ], [ 27.6250984743, -19.014088322500001 ], [ 27.623564033299999, -19.014858766500002 ], [ 27.621897366599999, -19.015414322 ], [ 27.620206122700001, -19.015718680599999 ], [ 27.618497971299998, -19.015531173 ], [ 27.616913025500001, -19.0148671798 ], [ 27.6113574699, -19.011533846399999 ], [ 27.611070584299998, -19.0113504479 ], [ 27.6041261399, -19.006628225699998 ], [ 27.603700573299999, -19.006310410499999 ], [ 27.598010563399999, -19.001654947799999 ], [ 27.593128393699999, -18.9989569066 ], [ 27.590943363499999, -18.999893348200001 ], [ 27.5915478782, -19.001782456699999 ], [ 27.591833305400002, -19.003629418300001 ], [ 27.591536612700001, -19.0054746038 ], [ 27.590686585299999, -19.0071389923 ], [ 27.589365693200001, -19.0084611043 ], [ 27.587702090099999, -19.0093126678 ], [ 27.5870415256, -19.009419507499999 ], [ 27.588471177599999, -19.0124171649 ], [ 27.5890058544, -19.0142293227 ], [ 27.588950493700001, -19.016117901800001 ], [ 27.5883105851, -19.0178956285 ], [ 27.5831630381, -19.027237473 ], [ 27.586979362400001, -19.033125516199998 ], [ 27.5877426373, -19.034845853099998 ], [ 27.587935410699998, -19.0367180139 ], [ 27.587538715, -19.038557791100001 ], [ 27.586591582299999, -19.040184163500001 ], [ 27.5851872038, -19.0414371076 ], [ 27.583463760499999, -19.042193342200001 ], [ 27.581590827199999, -19.042378459399998 ], [ 27.579752687300001, -19.041974244799999 ], [ 27.578130200899999, -19.041020470300001 ], [ 27.576333312, -19.039540679400002 ], [ 27.574523454200001, -19.039819119099999 ], [ 27.572750186699999, -19.039826801699999 ], [ 27.571052119400001, -19.039315818199999 ], [ 27.569577575499999, -19.038330801800001 ], [ 27.568455353899999, -19.036957792199999 ], [ 27.567783478599999, -19.035316719299999 ], [ 27.567620636800001, -19.0335509278 ], [ 27.5679810524, -19.0318146567 ], [ 27.5693758271, -19.028028839699999 ], [ 27.567187304299999, -19.0246522616 ], [ 27.566499542700001, -19.023191924900001 ], [ 27.560110653799999, -19.0029141471 ], [ 27.5598336975, -19.001045002800002 ], [ 27.560151772699999, -18.999182414900002 ], [ 27.561033333299999, -18.9975111111 ], [ 27.567937407599999, -18.988305678700002 ], [ 27.5679588464, -18.988194356099999 ], [ 27.567953029, -18.987481989500001 ], [ 27.567715739899999, -18.987369936299999 ], [ 27.566214608199999, -18.986359266400001 ], [ 27.5650830951, -18.984946988600001 ], [ 27.564424132199999, -18.9832615752 ], [ 27.564297664200001, -18.9814563449 ], [ 27.564589763, -18.9802244949 ], [ 27.563998497, -18.979021936 ], [ 27.563722222199999, -18.977222222200002 ], [ 27.563722222199999, -18.9756694495 ], [ 27.563093367499999, -18.975471529 ], [ 27.557537811900001, -18.972971529 ], [ 27.5560897276, -18.972050798800002 ], [ 27.5553007904, -18.971146667199999 ], [ 27.548906071200001, -18.9682399766 ], [ 27.5473198382, -18.967187179900002 ], [ 27.546650392499998, -18.966335554200001 ], [ 27.538993288299999, -18.963001008799999 ], [ 27.5370794476, -18.9616747713 ], [ 27.528850160200001, -18.953180023 ], [ 27.524811251199999, -18.955665505500001 ], [ 27.523476445299998, -18.956276106400001 ], [ 27.522033327, -18.956544341800001 ], [ 27.508422215900001, -18.957377675099998 ], [ 27.506359300500002, -18.957144122900001 ], [ 27.504499472399999, -18.956221514700001 ], [ 27.490506755199998, -18.945924987 ], [ 27.489596828300002, -18.9456084907 ], [ 27.489033635399998, -18.952179073500002 ], [ 27.488693799499998, -18.953718545200001 ], [ 27.488115993699999, -18.9548262916 ], [ 27.488105706300001, -18.9556211413 ], [ 27.4876012151, -18.958143597100001 ], [ 27.4873888889, -18.960054533099999 ], [ 27.4873888889, -18.9606460161 ], [ 27.4876549821, -18.964903508100001 ], [ 27.487666666700001, -18.965277777800001 ], [ 27.487666666700001, -18.969166666700001 ], [ 27.487237526800001, -18.9713950107 ], [ 27.487034653799999, -18.971902193199998 ], [ 27.486542266499999, -18.979288003 ], [ 27.48631398, -18.980574281399999 ], [ 27.483033457600001, -18.991782732800001 ], [ 27.481411744500001, -18.998964605299999 ], [ 27.481439039600001, -18.999101081 ], [ 27.481546317700001, -19.0006105979 ], [ 27.4812685399, -19.005610597899999 ], [ 27.4811961413, -19.0062641717 ], [ 27.478696141299999, -19.0212641717 ], [ 27.477752210599999, -19.023632627800001 ], [ 27.469696655, -19.035577072199999 ], [ 27.468964862899998, -19.036464862900001 ], [ 27.4646627449, -19.040766980899999 ], [ 27.461103412899998, -19.046105979 ], [ 27.460595567, -19.0467639608 ], [ 27.458373344799998, -19.049263960800001 ], [ 27.4582802527, -19.0493662889 ], [ 27.451658843200001, -19.0564781733 ], [ 27.4516574132, -19.056482113 ], [ 27.4516002236, -19.0565573857 ], [ 27.450930230200001, -19.0609123431 ], [ 27.4509087014, -19.061042712 ], [ 27.450075368, -19.065764934200001 ], [ 27.4494432957, -19.067578301 ], [ 27.448270689299999, -19.0690990931 ], [ 27.446677669700001, -19.070171521599999 ], [ 27.444827424700001, -19.070685727800001 ], [ 27.4429094921, -19.070589036699999 ], [ 27.423465047699999, -19.06642237 ], [ 27.4216596891, -19.065715099199998 ], [ 27.420174157, -19.064469007 ], [ 27.409896379199999, -19.052524562599999 ], [ 27.4090778813, -19.051294392700001 ], [ 27.401855659100001, -19.0368499482 ], [ 27.401326252299999, -19.035279113800001 ], [ 27.3985484745, -19.020556891599998 ], [ 27.398641997199999, -19.017917484600002 ], [ 27.405586441699999, -18.991528595799998 ], [ 27.4058292118, -18.990799454699999 ], [ 27.413548036, -18.971778066500001 ], [ 27.415558366300001, -18.965970445699998 ], [ 27.4134782892, -18.9464697232 ], [ 27.413788110799999, -18.9438318614 ], [ 27.415812967099999, -18.9381094415 ], [ 27.414299486899999, -18.935586974500001 ], [ 27.413662154899999, -18.9341016015 ], [ 27.4134444444, -18.9325 ], [ 27.4134444444, -18.9287352994 ], [ 27.40116308, -18.917380830399999 ], [ 27.397711475600001, -18.915432344 ], [ 27.393152849700002, -18.919484455900001 ], [ 27.391605719899999, -18.920481881 ], [ 27.3898290164, -18.920963329 ], [ 27.387989969900001, -18.920883484099999 ], [ 27.386601081, -18.920605706300002 ], [ 27.385294960100001, -18.9201844211 ], [ 27.3836512048, -18.919437259599999 ], [ 27.382696451800001, -18.919258788 ], [ 27.381026504899999, -18.918337809099999 ], [ 27.3797778096, -18.916990965499998 ], [ 27.379151926599999, -18.9165144332 ], [ 27.378521492899999, -18.915476563399999 ], [ 27.3778289163, -18.915990213200001 ], [ 27.3770412334, -18.917463400199999 ], [ 27.3757967335, -18.918707900099999 ], [ 27.3742446708, -18.9195377562 ], [ 27.372673190099999, -18.919850770899998 ], [ 27.371572170499999, -18.920644340900001 ], [ 27.3710166149, -18.920922118699998 ], [ 27.3691818615, -18.921495252500002 ], [ 27.367260020700002, -18.921458775 ], [ 27.366351778399999, -18.92129364 ], [ 27.365655689099999, -18.921479263799998 ], [ 27.373121880399999, -18.923345811699999 ], [ 27.3737734073, -18.923548691600001 ], [ 27.3798944867, -18.925844096399999 ], [ 27.380496575199999, -18.925944444399999 ], [ 27.382777777800001, -18.925944444399999 ], [ 27.38470297, -18.926261695600001 ], [ 27.386424572399999, -18.9271798995 ], [ 27.387760525, -18.928601955800001 ], [ 27.388569550100001, -18.930377481499999 ], [ 27.388766093200001, -18.932318714200001 ], [ 27.388488315499998, -18.936763158600002 ], [ 27.388172523, -18.938344006099999 ], [ 27.387447236700002, -18.939783715600001 ], [ 27.386364814499998, -18.9409783561 ], [ 27.381710849600001, -18.944897484399998 ], [ 27.3721822772, -18.958804049600001 ], [ 27.359617609400001, -18.9861185448 ], [ 27.358741721499999, -18.987492975799999 ], [ 27.343186165900001, -19.005826309100001 ], [ 27.3414260425, -19.0072431388 ], [ 27.314759375800001, -19.021409805400001 ], [ 27.313025276099999, -19.0220129585 ], [ 27.311189971600001, -19.022063486299999 ], [ 27.309425313, -19.021556657600001 ], [ 27.307896535699999, -19.020539929800002 ], [ 27.3067467883, -19.0191085051 ], [ 27.306083728600001, -19.017396416499999 ], [ 27.305969442799999, -19.015563977100001 ], [ 27.306414632199999, -19.013782769100001 ], [ 27.3086368544, -19.008504991300001 ], [ 27.3090650758, -19.007675205599998 ], [ 27.3233538032, -18.984593415300001 ], [ 27.3300874804, -18.970856713700002 ], [ 27.3355726496, -18.9576923077 ], [ 27.3360549336, -18.956769664300001 ], [ 27.341768928099999, -18.947826020699999 ], [ 27.342406755500001, -18.943786446800001 ], [ 27.342544750399998, -18.943143517799999 ], [ 27.344211417099999, -18.937032406699998 ], [ 27.344985021, -18.935317179399998 ], [ 27.346251829700002, -18.9339258983 ], [ 27.346823457900001, -18.933468595699999 ], [ 27.322696428099999, -18.924814335099999 ], [ 27.320933978599999, -18.923819537899998 ], [ 27.319602531200001, -18.922295366699998 ], [ 27.3132157935, -18.911844341199998 ], [ 27.307991034600001, -18.911545783600001 ], [ 27.3068781196, -18.911376410599999 ], [ 27.3035447862, -18.9105430772 ], [ 27.303102633400002, -18.910414322 ], [ 27.302269300100001, -18.9101365442 ], [ 27.3006276835, -18.909289606800002 ], [ 27.2993215043, -18.907983427600001 ], [ 27.298474566900001, -18.906341811 ], [ 27.2981967891, -18.9055084777 ], [ 27.297895052200001, -18.9038829976 ], [ 27.2980483859, -18.902236875100002 ], [ 27.299159497, -18.8975146529 ], [ 27.299633436899999, -18.896205607300001 ], [ 27.300107430299999, -18.895257620500001 ], [ 27.300372481699998, -18.893932363299999 ], [ 27.288702026799999, -18.889497590400001 ], [ 27.287019089800001, -18.888520470300001 ], [ 27.273521782100001, -18.877405040399999 ], [ 27.2674130109, -18.874808812600001 ], [ 27.266425457099999, -18.878759027600001 ], [ 27.264516738400001, -18.889393317700002 ], [ 27.2640082508, -18.8909545703 ], [ 27.263095567, -18.892319516400001 ], [ 27.262034134499999, -18.893513627899999 ], [ 27.2620332298, -18.893516614900001 ], [ 27.260170347500001, -18.8972423795 ], [ 27.259772372899999, -18.899232252400001 ], [ 27.259255148099999, -18.900739444900001 ], [ 27.258359430399999, -18.902057337500001 ], [ 27.257148396600002, -18.903092976500002 ], [ 27.254466547100002, -18.904828290899999 ], [ 27.253560480099999, -18.9087545812 ], [ 27.2539559065, -18.913236081 ], [ 27.2552284002, -18.917848870499999 ], [ 27.2554385121, -18.919711189899999 ], [ 27.255063806, -18.921547484 ], [ 27.254140840600002, -18.923178592700001 ], [ 27.252759665900001, -18.924445375 ], [ 27.251055038, -18.925224235799998 ], [ 27.249193270599999, -18.925439184799998 ], [ 27.247356009299999, -18.925069250100002 ], [ 27.2457225086, -18.9241505249 ], [ 27.244452142699998, -18.922772645599998 ], [ 27.2433410316, -18.921105979 ], [ 27.242672824700001, -18.919767411500001 ], [ 27.242356554200001, -18.918305140600001 ], [ 27.242098147499998, -18.915376531700002 ], [ 27.241831653199998, -18.9144104897 ], [ 27.226453942900001, -18.897990222800001 ], [ 27.225350464, -18.896325719699998 ], [ 27.219794908499999, -18.883825719699999 ], [ 27.219592840499999, -18.883057351400002 ], [ 27.219322558199998, -18.883028904500001 ], [ 27.2176773819, -18.882325159699999 ], [ 27.2163128979, -18.881167556600001 ], [ 27.215350464, -18.879659053 ], [ 27.214239352900002, -18.877159053 ], [ 27.213757015900001, -18.8753674459 ], [ 27.213845102600001, -18.873514139200001 ], [ 27.214495189600001, -18.871776355600002 ], [ 27.215645112400001, -18.870320270899999 ], [ 27.2162726442, -18.869898404899999 ], [ 27.2157195986, -18.869701739900002 ], [ 27.211514415, -18.867388888899999 ], [ 27.211111111099999, -18.867388888899999 ], [ 27.209280046500002, -18.867102661899999 ], [ 27.207623681899999, -18.866271289699998 ], [ 27.207203088299998, -18.8659708657 ], [ 27.207123391100001, -18.865937238200001 ], [ 27.206958791400002, -18.8657963679 ], [ 27.205926261599998, -18.8650588466 ], [ 27.204722000099999, -18.864370697199998 ], [ 27.2017371725, -18.8633260075 ], [ 27.201551185100001, -18.863395752799999 ], [ 27.199667637200001, -18.863773625099999 ], [ 27.197761208799999, -18.863536833 ], [ 27.1960273372, -18.862709651500001 ], [ 27.195598418500001, -18.862296479400001 ], [ 27.1917106338, -18.862595539800001 ], [ 27.186263666399999, -18.864328665799999 ], [ 27.1857460272, -18.864468233499998 ], [ 27.1782460272, -18.8661349001 ], [ 27.1760959163, -18.866217474700001 ], [ 27.172207027399999, -18.865661919200001 ], [ 27.170186342099999, -18.864991720700001 ], [ 27.168526885599999, -18.8636581019 ], [ 27.1674375805, -18.861828962899999 ], [ 27.166652838400001, -18.859736317300001 ], [ 27.165874018699999, -18.8579190713 ], [ 27.1657219081, -18.857526679300001 ], [ 27.1634996859, -18.851137790399999 ], [ 27.163283182600001, -18.850343363499999 ], [ 27.162727627100001, -18.8475655857 ], [ 27.162806877800001, -18.8448687325 ], [ 27.165862433299999, -18.8332020659 ], [ 27.166222222199998, -18.8322459131 ], [ 27.166222222199998, -18.828794189300002 ], [ 27.165845811699999, -18.8272885471 ], [ 27.1657269697, -18.8249848052 ], [ 27.165891114200001, -18.823835793600001 ], [ 27.1657129994, -18.822410875100001 ], [ 27.1657701934, -18.820556890599999 ], [ 27.166390914899999, -18.818808967799999 ], [ 27.169790669699999, -18.812532497199999 ], [ 27.1740834617, -18.8007273194 ], [ 27.174301667400002, -18.800205311100001 ], [ 27.174374181200001, -18.800052514200001 ], [ 27.173940307100001, -18.800015698399999 ], [ 27.172374411900002, -18.7994174253 ], [ 27.171035137099999, -18.7984093074 ], [ 27.1667054479, -18.7940796181 ], [ 27.163053554499999, -18.794249473600001 ], [ 27.161881064300001, -18.795031133799998 ], [ 27.1613518795, -18.795692614699998 ], [ 27.1598190731, -18.797049572599999 ], [ 27.157919288799999, -18.797812232599998 ], [ 27.155873684300001, -18.7978918118 ], [ 27.153109528800002, -18.797523257800002 ], [ 27.151857138299999, -18.7978015668 ], [ 27.149744414699999, -18.797889362500001 ], [ 27.147732437199998, -18.797238781299999 ], [ 27.146701567400001, -18.796427064100001 ], [ 27.145695474, -18.796277765399999 ], [ 27.144004947700001, -18.795432502299999 ], [ 27.142661242100001, -18.794103290300001 ], [ 27.141797695800001, -18.792422029899999 ], [ 27.141796122500001, -18.7924121655 ], [ 27.1398515976, -18.7911840445 ], [ 27.139271999799998, -18.790767795099999 ], [ 27.130383110899999, -18.7835455729 ], [ 27.129734882600001, -18.782800057799999 ], [ 27.1294468651, -18.7826267003 ], [ 27.129356315199999, -18.782519928100001 ], [ 27.124704111900002, -18.782390700200001 ], [ 27.113306103700001, -18.782638483 ], [ 27.1113717066, -18.783517754399998 ], [ 27.109665915099999, -18.784005028700001 ], [ 27.1092586798, -18.783997489899999 ], [ 27.109198085599999, -18.7840338464 ], [ 27.107530432699999, -18.7847185995 ], [ 27.105734648399999, -18.784877066899998 ], [ 27.105562327, -18.784839691399998 ], [ 27.104721255299999, -18.785007905699999 ], [ 27.096873351799999, -18.787172844600001 ], [ 27.0961263059, -18.787328585899999 ], [ 27.092949431899999, -18.787782425 ], [ 27.089450566299998, -18.7891819713 ], [ 27.089328962900002, -18.789229086199999 ], [ 27.087106740599999, -18.7900624195 ], [ 27.086628761, -18.7902191425 ], [ 27.075795427700001, -18.793274698099999 ], [ 27.075284668599998, -18.793394919099999 ], [ 27.0598170578, -18.796328431500001 ], [ 27.058474626900001, -18.796903759100001 ], [ 27.056855319499999, -18.797342556099998 ], [ 27.052410875100001, -18.7978981117 ], [ 27.050409492099998, -18.797811258900001 ], [ 27.046520603200001, -18.7969779256 ], [ 27.044774368, -18.7963052934 ], [ 27.043320278700001, -18.7951274156 ], [ 27.042299776699998, -18.7935588661 ], [ 27.0418121278, -18.791752219900001 ], [ 27.0419047663, -18.789883212199999 ], [ 27.042568681, -18.7881336439 ], [ 27.0437392921, -18.786673698200001 ], [ 27.045302732500001, -18.785645386 ], [ 27.059524551100001, -18.779205317199999 ], [ 27.064889579599999, -18.775473123499999 ], [ 27.072056016299999, -18.767487665400001 ], [ 27.069926143499998, -18.758387299500001 ], [ 27.065669255100001, -18.754941247 ], [ 27.064299486900001, -18.753364752300001 ], [ 27.063603494100001, -18.7522047643 ], [ 27.062569767399999, -18.7529218351 ], [ 27.060687744599999, -18.753460453599999 ], [ 27.053493770399999, -18.754290527599998 ], [ 27.0424108751, -18.755675889500001 ], [ 27.040763024299999, -18.7556537844 ], [ 27.039183345800001, -18.7551841923 ], [ 27.0377910132, -18.754302539899999 ], [ 27.035857708399998, -18.752666666700001 ], [ 27.030555555599999, -18.752666666700001 ], [ 27.028473878100002, -18.752293976800001 ], [ 27.026650807300001, -18.7512222063 ], [ 27.024706362900002, -18.749555539599999 ], [ 27.023632020400001, -18.7483479331 ], [ 27.022919011300001, -18.746897366599999 ], [ 27.022860305799998, -18.746721250099998 ], [ 27.021001161200001, -18.7437001401 ], [ 27.020563042500001, -18.742840054399998 ], [ 27.017057339800001, -18.734326205 ], [ 27.016836322900001, -18.7340757192 ], [ 27.014207017699999, -18.733725145200001 ], [ 27.014128127199999, -18.733700905700001 ], [ 27.013308115099999, -18.734194405299998 ], [ 27.011357927199999, -18.734606032399999 ], [ 27.009380502599999, -18.7343561084 ], [ 27.0075940541, -18.733472212799999 ], [ 27.006195719600001, -18.732051885200001 ], [ 27.0042512751, -18.729274107399998 ], [ 27.003444415, -18.727637727 ], [ 27.003166666799999, -18.7258345021 ], [ 27.003443712500001, -18.724031169100002 ], [ 27.004249935, -18.7223944745 ], [ 27.005510786399999, -18.721075756200001 ], [ 27.007109681199999, -18.7201969505 ], [ 27.008898776599999, -18.7198393167 ], [ 27.010712642600001, -18.720035923699999 ], [ 27.012168304399999, -18.720424100199999 ], [ 27.012423980800001, -18.720345405500002 ], [ 27.012789295899999, -18.720153210500001 ], [ 27.0133827565, -18.720050303800001 ], [ 27.013906842699999, -18.719888995200002 ], [ 27.014260133200001, -18.719898165699998 ], [ 27.0146299255, -18.719834043300001 ], [ 27.019913504800002, -18.7197527575 ], [ 27.019994517099999, -18.719719827 ], [ 27.021799889899999, -18.719569648899999 ], [ 27.022444310699999, -18.719713822 ], [ 27.0325176849, -18.719558847 ], [ 27.0436820555, -18.718761391899999 ], [ 27.0507162155, -18.717458769699999 ], [ 27.0508911547, -18.715184560499999 ], [ 27.0500767391, -18.711694208 ], [ 27.049062768599999, -18.711472862800001 ], [ 27.047647696199999, -18.7107327983 ], [ 27.0315365851, -18.6993439094 ], [ 27.0313695004, -18.6992214176 ], [ 27.024813501200001, -18.694238858199999 ], [ 27.008007169500001, -18.685326409599998 ], [ 27.000780304199999, -18.684748260399999 ], [ 27.001485705099999, -18.686042922 ], [ 27.0018309059, -18.687884898899998 ], [ 27.001809274399999, -18.688052486699998 ], [ 27.002256505, -18.688289938800001 ], [ 27.003603412899999, -18.689727354399999 ], [ 27.004158968399999, -18.6905606877 ], [ 27.004894898500002, -18.692103571 ], [ 27.005165874100001, -18.693791366599999 ], [ 27.004949900300002, -18.695487078 ], [ 27.0042645077, -18.697053066100001 ], [ 27.002063073799999, -18.700599820699999 ], [ 27.002440552700001, -18.701423918300002 ], [ 27.0026634327, -18.703252526699998 ], [ 27.002321036800002, -18.705062568 ], [ 27.0014456404, -18.706683421299999 ], [ 27.000119761499999, -18.7079622995 ], [ 26.9984683819, -18.708778651100001 ], [ 26.9834683819, -18.713500873299999 ], [ 26.982007906100002, -18.7137680662 ], [ 26.980526535199999, -18.713668456899999 ], [ 26.971915424100001, -18.712001790199999 ], [ 26.970692039799999, -18.711625981299999 ], [ 26.966803150899999, -18.709959314599999 ], [ 26.965838465499999, -18.709436746200002 ], [ 26.965005132200002, -18.708881190700001 ], [ 26.9637991988, -18.707818472100001 ], [ 26.959331695900001, -18.702663661 ], [ 26.958992975099999, -18.702622185 ], [ 26.957359155700001, -18.702181729399999 ], [ 26.955913289800002, -18.7013026168 ], [ 26.954770378700001, -18.700054770200001 ], [ 26.954547027899999, -18.699728334500001 ], [ 26.958599833600001, -18.726281199100001 ], [ 26.9593900052, -18.726641842900001 ], [ 26.960728378599999, -18.727835108099999 ], [ 26.961654388300001, -18.729370566099998 ], [ 26.962085333299999, -18.731111086599999 ], [ 26.9619827263, -18.732901225399999 ], [ 26.961355731, -18.734581106899999 ], [ 26.960260343800002, -18.736000702599998 ], [ 26.9587943927, -18.737033229800002 ], [ 26.958724341100002, -18.737068255600001 ], [ 26.9584321645, -18.737326127100001 ], [ 26.9565549334, -18.7380847194 ], [ 26.956186268, -18.738101307 ], [ 26.956170541900001, -18.738106933899999 ], [ 26.9544118972, -18.738193330600001 ], [ 26.952703899399999, -18.737765499399998 ], [ 26.951193640300001, -18.736860284900001 ], [ 26.950794839499999, -18.736420276099999 ], [ 26.950506505500002, -18.7362138393 ], [ 26.950071404199999, -18.7356220882 ], [ 26.950011182299999, -18.735555643600001 ], [ 26.9499906876, -18.735512311200001 ], [ 26.949735437699999, -18.7351651635 ], [ 26.949562794, -18.734992519799999 ], [ 26.948971418100001, -18.7346380627 ], [ 26.947788960099999, -18.733333421400001 ], [ 26.947036135800001, -18.731741708099999 ], [ 26.946777777800001, -18.73 ], [ 26.946777777800001, -18.729722222199999 ], [ 26.946880436899999, -18.729030151100002 ], [ 26.941166533299999, -18.6915942316 ], [ 26.940841031600002, -18.691105979 ], [ 26.939959758699999, -18.6890029805 ], [ 26.939926767900001, -18.686723033900002 ], [ 26.940194335099999, -18.685224657399999 ], [ 26.939068691300001, -18.677849749500002 ], [ 26.939072981100001, -18.676011467 ], [ 26.939633637, -18.674260762700001 ], [ 26.940698030499998, -18.672761974099998 ], [ 26.946362437499999, -18.6669357269 ], [ 26.946322564, -18.666931966100002 ], [ 26.9443562101, -18.666440377699999 ], [ 26.9438010794, -18.666370997200001 ], [ 26.942415226600001, -18.665828676099999 ], [ 26.9343930163, -18.661473762 ], [ 26.933422458300001, -18.661509222799999 ], [ 26.933205680499999, -18.661482125599999 ], [ 26.932647102099999, -18.661554132399999 ], [ 26.9308804112, -18.661247655299999 ], [ 26.930047077800001, -18.660969877599999 ], [ 26.9283186609, -18.6600583315 ], [ 26.927900099599999, -18.659616488899999 ], [ 26.927587489099999, -18.659400035299999 ], [ 26.926518233500001, -18.658081174399999 ], [ 26.9258612388, -18.6565155883 ], [ 26.9256691141, -18.654828641400002 ], [ 26.9256781162, -18.654513569300001 ], [ 26.9256435454, -18.654568882500001 ], [ 26.924343601499999, -18.656041921 ], [ 26.922637527, -18.657016090199999 ], [ 26.920708236300001, -18.657386946 ], [ 26.918762576199999, -18.657114727300002 ], [ 26.917009148199998, -18.6562286198 ], [ 26.915635944, -18.654823626399999 ], [ 26.9147901899, -18.653050381900002 ], [ 26.914562562499999, -18.651099002399999 ], [ 26.9149774666, -18.649178702699999 ], [ 26.9208107999, -18.634456480499999 ], [ 26.921762570199999, -18.632846041699999 ], [ 26.923164041700002, -18.631606986800001 ], [ 26.9238987582, -18.631286858700001 ], [ 26.926142156299999, -18.625992439099999 ], [ 26.926717072399999, -18.624941944700002 ], [ 26.927472895299999, -18.623838851799999 ], [ 26.9270783264, -18.6239770836 ], [ 26.924988438500002, -18.623949587 ], [ 26.919711440299999, -18.622944444400002 ], [ 26.918611111099999, -18.622944444400002 ], [ 26.916869403, -18.6226860865 ], [ 26.916591982300002, -18.622554876199999 ], [ 26.916322564, -18.622487521699998 ], [ 26.9145950441, -18.621752943 ], [ 26.913179072399998, -18.620520484099998 ], [ 26.912213254, -18.618910786699999 ], [ 26.9117921299, -18.6170814193 ], [ 26.911956922800002, -18.615211452899999 ], [ 26.912691501499999, -18.613483933 ], [ 26.9139239603, -18.612067961299999 ], [ 26.915533657699999, -18.611102142899998 ], [ 26.9173630252, -18.610681018800001 ], [ 26.9182256078, -18.610757034900001 ] ], [ [ 26.9654470501, -18.664520546199999 ], [ 26.967670659700001, -18.667908903800001 ], [ 26.9730702853, -18.674928417 ], [ 26.975296462500001, -18.677761733400001 ], [ 26.975998216600001, -18.678381115800001 ], [ 26.9773871055, -18.680047782500001 ], [ 26.978053386300001, -18.681359906699999 ], [ 26.981897366599998, -18.6826412335 ], [ 26.9837481703, -18.683648120499999 ], [ 26.986525948099999, -18.685870342699999 ], [ 26.9875882983, -18.6867202229 ], [ 26.987314605400002, -18.6861884315 ], [ 26.987068560800001, -18.684049611199999 ], [ 26.9875933567, -18.6819616268 ], [ 26.990371134499998, -18.675850515699999 ], [ 26.9913728143, -18.674320383 ], [ 26.9927889097, -18.673163083399999 ], [ 26.994487854700001, -18.672486138499998 ], [ 26.996311804699999, -18.672352441699999 ], [ 27.010200693600002, -18.673463552800001 ], [ 27.012533238, -18.6741436718 ], [ 27.030866571299999, -18.683865894099998 ], [ 27.031686055200002, -18.684389693499998 ], [ 27.0385480148, -18.6896047828 ], [ 27.0515457634, -18.6987928464 ], [ 27.0519767738, -18.698428437699999 ], [ 27.058643440499999, -18.694539548800002 ], [ 27.0599938497, -18.693960132 ], [ 27.061444596699999, -18.693726333200001 ], [ 27.0689445967, -18.6934485554 ], [ 27.070985090899999, -18.693726636 ], [ 27.072811367300002, -18.694678297399999 ], [ 27.077442584, -18.6982198161 ], [ 27.082071210300001, -18.701487081700002 ], [ 27.083161710599999, -18.702478384599999 ], [ 27.083977674300002, -18.703705607300002 ], [ 27.084255452, -18.7042611629 ], [ 27.084820266800001, -18.706039592900002 ], [ 27.084820183600002, -18.706057124499999 ], [ 27.088131529599998, -18.709368470400001 ], [ 27.089267168, -18.710951390400002 ], [ 27.0892686551, -18.7109562634 ], [ 27.094672465399999, -18.7091549933 ], [ 27.098699119500001, -18.705478483 ], [ 27.097673694499999, -18.704041354200001 ], [ 27.0971095449, -18.702191981 ], [ 27.097162863, -18.7002592101 ], [ 27.097231196599999, -18.700072728399999 ], [ 27.096651557600001, -18.6963050749 ], [ 27.0904704913, -18.691435143900001 ], [ 27.0863233032, -18.690605706300001 ], [ 27.0846688524, -18.6900122698 ], [ 27.0844246779, -18.689831078600001 ], [ 27.083705607300001, -18.689533229799999 ], [ 27.0833460164, -18.689353434400001 ], [ 27.083174800599998, -18.6893267604 ], [ 27.0815226002, -18.688500660199999 ], [ 27.0802, -18.687211111100002 ], [ 27.0793666667, -18.6861 ], [ 27.078517240299998, -18.6845208863 ], [ 27.078172358700002, -18.6827612893 ], [ 27.078362823, -18.680978356699999 ], [ 27.079071622899999, -18.679331320700001 ], [ 27.0802354562, -18.677967276299999 ], [ 27.081750382199999, -18.677008045099999 ], [ 27.083481104099999, -18.676539295 ], [ 27.083746882500002, -18.676548727299998 ], [ 27.083801624, -18.676534534200002 ], [ 27.0855501757, -18.6766027669 ], [ 27.089340170100002, -18.677313390799998 ], [ 27.094093304800001, -18.677143636 ], [ 27.097146248200001, -18.6740906926 ], [ 27.108876910700001, -18.6623600301 ], [ 27.109640928299999, -18.6606791914 ], [ 27.107217173399999, -18.6561779323 ], [ 27.1071334369, -18.6560166149 ], [ 27.104727239799999, -18.651204220699999 ], [ 27.103739184399998, -18.65126253 ], [ 27.099850295500001, -18.650984752199999 ], [ 27.097977757199999, -18.650541651899999 ], [ 27.097007506400001, -18.649940821400001 ], [ 27.08689391, -18.648434541099999 ], [ 27.085008935200001, -18.6478229232 ], [ 27.083426011, -18.646630632600001 ], [ 27.0823178168, -18.644987735200001 ], [ 27.0818052447, -18.643073453100001 ], [ 27.0819442106, -18.6410966135 ], [ 27.082719554800001, -18.639272868100001 ], [ 27.084046695800001, -18.637801167399999 ], [ 27.085780857100001, -18.636842058 ], [ 27.087167765299998, -18.636352561 ], [ 27.08685389, -18.635397100500001 ], [ 27.086851056499999, -18.6335095781 ], [ 27.087434762499999, -18.631714574899998 ], [ 27.088547241299999, -18.630189734 ], [ 27.090078396199999, -18.6290859615 ], [ 27.091876696100002, -18.628512492700001 ], [ 27.093764171699998, -18.628526080899999 ], [ 27.095430838399999, -18.6288038587 ], [ 27.097189933900001, -18.629387216400001 ], [ 27.0986870851, -18.630479581500001 ], [ 27.101464862899999, -18.6332573593 ], [ 27.102082682799999, -18.634039549600001 ], [ 27.102057104499998, -18.632914106200001 ], [ 27.1022671829, -18.6311983027 ], [ 27.102957714599999, -18.629613600599999 ], [ 27.107024002300001, -18.6230623593 ], [ 27.105797730599999, -18.6220466929 ], [ 27.105624643100001, -18.6217804381 ], [ 27.1050887878, -18.621435959700001 ], [ 27.1040906926, -18.620631529600001 ], [ 27.103812914900001, -18.6203537518 ], [ 27.102764028, -18.618939491500001 ], [ 27.102170843900002, -18.617281653 ], [ 27.102152042099998, -18.616898933 ], [ 27.1011185204, -18.615926206699999 ], [ 27.100040316099999, -18.6168062755 ], [ 27.098471404200001, -18.6174691139 ], [ 27.0931936265, -18.6188580028 ], [ 27.091519970899999, -18.619053762 ], [ 27.089857885800001, -18.618776421900002 ], [ 27.088338465500001, -18.618047857299999 ], [ 27.0875051322, -18.617492301799999 ], [ 27.085956950100002, -18.615995838500002 ], [ 27.0856311093, -18.615306506500001 ], [ 27.085494026300001, -18.6154869364 ], [ 27.083826225300001, -18.6165937556 ], [ 27.081887161800001, -18.617090385699999 ], [ 27.070393978399999, -18.618048150900002 ], [ 27.066018658099999, -18.619165254 ], [ 27.0662756099, -18.620394280500001 ], [ 27.0659510033, -18.622508633199999 ], [ 27.065722222200002, -18.623173187799999 ], [ 27.065722222200002, -18.628333333299999 ], [ 27.065351356099999, -18.630410074099998 ], [ 27.064284604800001, -18.632230083900001 ], [ 27.0626538424, -18.633568369399999 ], [ 27.062021680600001, -18.63392238 ], [ 27.060327890500002, -18.638842437099999 ], [ 27.060185607099999, -18.640051846199999 ], [ 27.060439242899999, -18.6461391056 ], [ 27.060237466099998, -18.647951227 ], [ 27.059500720199999, -18.649619070899998 ], [ 27.058297041500001, -18.650988616700001 ], [ 27.056737586499999, -18.6519333906 ], [ 27.0549663663, -18.652366145599999 ], [ 27.0531469481, -18.652246917799999 ], [ 27.05144735, -18.651586717800001 ], [ 27.0500245251, -18.650446513 ], [ 27.049009867199999, -18.648931598099999 ], [ 27.048497077, -18.647181871200001 ], [ 27.048093742900001, -18.644156865 ], [ 27.047950780200001, -18.644144440600002 ], [ 27.046149320600001, -18.643347529100001 ], [ 27.045608833100001, -18.642847743099999 ], [ 27.0454257279, -18.6427465445 ], [ 27.0450751582, -18.642354256800001 ], [ 27.044703031899999, -18.642010153600001 ], [ 27.044604624, -18.641827728799999 ], [ 27.0440863215, -18.641247748 ], [ 27.043317099199999, -18.639390681199998 ], [ 27.043206593499999, -18.637422944299999 ], [ 27.042832937299998, -18.636841451599999 ], [ 27.04235796, -18.6349875037 ], [ 27.042490931500001, -18.6330783035 ], [ 27.0432183231, -18.6313080979 ], [ 27.044466128, -18.629856991600001 ], [ 27.0461073918, -18.628872623900001 ], [ 27.047975128200001, -18.6284551466 ], [ 27.048161505700001, -18.628473928199998 ], [ 27.048506346700002, -18.6280085687 ], [ 27.049846157600001, -18.626987186099999 ], [ 27.052165069099999, -18.6256885956 ], [ 27.0534400369, -18.621985117800001 ], [ 27.0501634733, -18.618423635599999 ], [ 27.0434007448, -18.6184996213 ], [ 27.0425328613, -18.618446364 ], [ 27.028088416799999, -18.616501919499999 ], [ 27.025801914399999, -18.615700513099998 ], [ 27.024778666300001, -18.6150865643 ], [ 27.023161586200001, -18.6144056885 ], [ 27.016620511599999, -18.613179237 ], [ 27.016473495100001, -18.613337809099999 ], [ 27.0148035482, -18.614258788 ], [ 27.0141219341, -18.614386201799999 ], [ 27.013748170300001, -18.6146852129 ], [ 27.012166333, -18.615595266 ], [ 27.010384085399998, -18.615987693899999 ], [ 27.008566305599999, -18.6158261926 ], [ 27.006881158700001, -18.6151257028 ], [ 27.005484539800001, -18.613951027599999 ], [ 26.999651206500001, -18.607284361 ], [ 26.998743251499999, -18.6058997642 ], [ 26.998475333799998, -18.605044483299999 ], [ 26.986612162899998, -18.611275643799999 ], [ 26.997888103499999, -18.6227364358 ], [ 26.998967157599999, -18.6242402319 ], [ 26.9995365304, -18.6260013608 ], [ 26.9995420401, -18.627852233599999 ], [ 26.998983162599998, -18.6296167211 ], [ 26.9979130806, -18.631126914799999 ], [ 26.9654470501, -18.664520546199999 ] ], [ [ 26.982108599499998, -18.7013483486 ], [ 26.9863735741, -18.700005671500001 ], [ 26.986379920600001, -18.699978102199999 ], [ 26.987035989900001, -18.698884653499999 ], [ 26.982108599499998, -18.7013483486 ] ], [ [ 26.965374882799999, -18.691314015300001 ], [ 26.972586779699999, -18.6921971047 ], [ 26.9726011849, -18.692191617 ], [ 26.9714359667, -18.691803210900002 ], [ 26.969671531700001, -18.6908641321 ], [ 26.9683134651, -18.689397586799998 ], [ 26.967512478300002, -18.687566324900001 ], [ 26.9673249754, -18.6868163131 ], [ 26.966670978900002, -18.686206929299999 ], [ 26.963615423299998, -18.682318040399998 ], [ 26.9635775894, -18.682269375699999 ], [ 26.958022033799999, -18.6750471535 ], [ 26.957761490300001, -18.674680827500001 ], [ 26.956877949, -18.673334478800001 ], [ 26.954784418500001, -18.675487824499999 ], [ 26.9557502408, -18.675980181300002 ], [ 26.9570777484, -18.677308583 ], [ 26.957929559099998, -18.6789823051 ], [ 26.960241910400001, -18.686112054900001 ], [ 26.9607361, -18.6863363987 ], [ 26.962034134500001, -18.687459305699999 ], [ 26.965374882799999, -18.691314015300001 ] ], [ [ 26.9905556983, -18.696384750299998 ], [ 26.990640022200001, -18.696248895099998 ], [ 26.9904672939, -18.696133742899999 ], [ 26.9902620955, -18.69649795 ], [ 26.9904892307, -18.6964013672 ], [ 26.9905556983, -18.696384750299998 ] ], [ [ 27.062656100600002, -18.712795739899999 ], [ 27.0627874917, -18.7133588445 ], [ 27.062926771400001, -18.7151824012 ], [ 27.062371215799999, -18.722404623399999 ], [ 27.061941576300001, -18.724217693899998 ], [ 27.060976439499999, -18.725811533800002 ], [ 27.059568882499999, -18.7270324343 ], [ 27.058577277200001, -18.7276521876 ], [ 27.0589544746, -18.727727627099998 ], [ 27.0602921268, -18.728163354799999 ], [ 27.0638090741, -18.729786561200001 ], [ 27.0677944778, -18.725982312199999 ], [ 27.068401126600001, -18.721331338700001 ], [ 27.067925586499999, -18.717051478 ], [ 27.067955378800001, -18.716339904400002 ], [ 27.067611188899999, -18.714413897099998 ], [ 27.067837360399999, -18.713218699900001 ], [ 27.062656100600002, -18.712795739899999 ] ], [ [ 27.083283979899999, -18.7267630885 ], [ 27.082431681100001, -18.728254611400001 ], [ 27.081365076699999, -18.729617911 ], [ 27.078152360899999, -18.732684594199998 ], [ 27.077822295899999, -18.733542763399999 ], [ 27.077793082399999, -18.733617232899999 ], [ 27.077608843499998, -18.7340778302 ], [ 27.078055555599999, -18.734 ], [ 27.0794444444, -18.734 ], [ 27.081400182199999, -18.734327690899999 ], [ 27.083142294, -18.73527497 ], [ 27.086823355300002, -18.738155800600001 ], [ 27.090842994700001, -18.736065588100001 ], [ 27.091713744500002, -18.7356967891 ], [ 27.092653891200001, -18.735383406899999 ], [ 27.083283979899999, -18.7267630885 ] ], [ [ 27.086913025099999, -18.7635 ], [ 27.0853158161, -18.764161187 ], [ 27.083636336800001, -18.764308954600001 ], [ 27.084453240199998, -18.7677993599 ], [ 27.084586541299998, -18.7697091006 ], [ 27.084111530400001, -18.7715636205 ], [ 27.083076564799999, -18.773174125099999 ], [ 27.076373243900001, -18.780643539900002 ], [ 27.083128961500002, -18.778738081099998 ], [ 27.085054423799999, -18.778016032699998 ], [ 27.089160544799999, -18.7763735843 ], [ 27.090540360799999, -18.7760047475 ], [ 27.0940507647, -18.775503261200001 ], [ 27.101737759300001, -18.773382711 ], [ 27.102156636499998, -18.7732831826 ], [ 27.104015475600001, -18.772911414799999 ], [ 27.1050133303, -18.7721747929 ], [ 27.106794211499999, -18.771581165899999 ], [ 27.1086641208, -18.7715669705 ], [ 27.109461626800002, -18.771204467800001 ], [ 27.111814040500001, -18.770668083899999 ], [ 27.124591818199999, -18.770390306199999 ], [ 27.124888824599999, -18.770391202399999 ], [ 27.128566790800001, -18.770493368099999 ], [ 27.128743931300001, -18.769968581 ], [ 27.1291699786, -18.7692585022 ], [ 27.127707147, -18.768730257400001 ], [ 27.122505331799999, -18.768493811199999 ], [ 27.121564857900001, -18.768328771099998 ], [ 27.120345854699998, -18.768985745 ], [ 27.118558424100002, -18.769329109699999 ], [ 27.1167502801, -18.769120728499999 ], [ 27.115087812500001, -18.768379777100002 ], [ 27.1137240057, -18.7671744397 ], [ 27.110946227900001, -18.763841106400001 ], [ 27.109758145899999, -18.761545975899999 ], [ 27.109697374, -18.761318081199999 ], [ 27.1077375582, -18.758443684700001 ], [ 27.107452481300001, -18.7584955801 ], [ 27.105767008499999, -18.758320855 ], [ 27.1052478354, -18.7581910617 ], [ 27.103196849100001, -18.759681536799999 ], [ 27.101252404699999, -18.760514870200002 ], [ 27.099138240799999, -18.7609948164 ], [ 27.096991522300002, -18.7606920998 ], [ 27.096682600499999, -18.760589125900001 ], [ 27.092127726, -18.762866563100001 ], [ 27.089444444400002, -18.7635 ], [ 27.086913025099999, -18.7635 ] ], [ [ 27.199113659199998, -18.8099939845 ], [ 27.190473391499999, -18.811338026200001 ], [ 27.190441803199999, -18.811351110499999 ], [ 27.190099981900001, -18.811396112099999 ], [ 27.1895333531, -18.8114842544 ], [ 27.1895312885, -18.811470982100001 ], [ 27.188888888899999, -18.811555555599998 ], [ 27.188611111099998, -18.811555555599998 ], [ 27.186845285899999, -18.811289826300001 ], [ 27.186802005899999, -18.811269021499999 ], [ 27.186757009099999, -18.811261894699999 ], [ 27.186253816899999, -18.811005505499999 ], [ 27.1852358712, -18.810516176 ], [ 27.1851653674, -18.810450912699999 ], [ 27.185084399600001, -18.810409657499999 ], [ 27.184631082799999, -18.809956340700001 ], [ 27.1839254231, -18.8093031318 ], [ 27.1838531235, -18.809178381399999 ], [ 27.183798848199999, -18.809124106199999 ], [ 27.1809165383, -18.817050458400001 ], [ 27.180553529600001, -18.817857698899999 ], [ 27.1778590435, -18.8228321347 ], [ 27.177898111699999, -18.8231446805 ], [ 27.1778841414, -18.824737417 ], [ 27.177772579500001, -18.825518350700001 ], [ 27.178043077200002, -18.826600341799999 ], [ 27.178222222199999, -18.828055555599999 ], [ 27.178222222199999, -18.833611111100002 ], [ 27.177588785400001, -18.836294392700001 ], [ 27.1773126183, -18.836846726699999 ], [ 27.174766109099998, -18.8465697619 ], [ 27.174969218899999, -18.847585311 ], [ 27.176986699299999, -18.853385566899998 ], [ 27.1772748785, -18.854057985 ], [ 27.182880921199999, -18.8528121977 ], [ 27.188736333600001, -18.850949112 ], [ 27.190095376599999, -18.850684339800001 ], [ 27.1906666667, -18.850640394399999 ], [ 27.1906666667, -18.844722222200001 ], [ 27.1909090288, -18.843034144600001 ], [ 27.191616535400001, -18.841482442299998 ], [ 27.192732028799998, -18.8401924733 ], [ 27.1941653913, -18.839268450900001 ], [ 27.195508309499999, -18.838871490599999 ], [ 27.197194102299999, -18.833881543899999 ], [ 27.1976714141, -18.830540360800001 ], [ 27.1980812989, -18.829060546899999 ], [ 27.2003035211, -18.823782769099999 ], [ 27.200466770199998, -18.823427829500002 ], [ 27.203244548, -18.817872274 ], [ 27.2041016071, -18.8168121028 ], [ 27.204006634399999, -18.815551253599999 ], [ 27.2042530423, -18.814109246 ], [ 27.204258951900002, -18.8140895475 ], [ 27.203486159299999, -18.8139268543 ], [ 27.201819674900001, -18.813306766699998 ], [ 27.200408105, -18.812225494700002 ], [ 27.199375419900001, -18.810778000100001 ], [ 27.199113659199998, -18.8099939845 ] ], [ [ 27.274996038400001, -18.862744527499999 ], [ 27.282297979100001, -18.8655262192 ], [ 27.3078425711, -18.868752904499999 ], [ 27.314549912299999, -18.869300442499998 ], [ 27.308233318, -18.861973193299999 ], [ 27.307983415100001, -18.861572883 ], [ 27.307556578300002, -18.861011748399999 ], [ 27.307420539, -18.860671232600001 ], [ 27.307262439700001, -18.860417979200001 ], [ 27.307160078799999, -18.860019282700001 ], [ 27.306956922800001, -18.859510769300002 ], [ 27.306500129300002, -18.857683595499999 ], [ 27.3060958065, -18.856672788499999 ], [ 27.305675835, -18.854776011 ], [ 27.3058839258, -18.852844473 ], [ 27.306698263299999, -18.851080671599998 ], [ 27.3078799936, -18.849831729200002 ], [ 27.301747238800001, -18.845875113200002 ], [ 27.3010547178, -18.845265350599998 ], [ 27.3007573593, -18.845075974 ], [ 27.2962966395, -18.840615254199999 ], [ 27.2934698175, -18.839403759100001 ], [ 27.291887707600001, -18.83840907 ], [ 27.290915241800001, -18.837246969199999 ], [ 27.290374763799999, -18.8369088207 ], [ 27.2892044946, -18.835828572099999 ], [ 27.274425112900001, -18.840243192599999 ], [ 27.2574473506, -18.850753236 ], [ 27.257738045899998, -18.850820319499999 ], [ 27.259212418299999, -18.851372549 ], [ 27.262851910199998, -18.853313611400001 ], [ 27.2678351984, -18.854808597800002 ], [ 27.269299005699999, -18.8554725123 ], [ 27.270534036, -18.856501207800001 ], [ 27.273589591499999, -18.8598345411 ], [ 27.274632602499999, -18.861414309099999 ], [ 27.274996038400001, -18.862744527499999 ] ], [ [ 27.335999719499998, -18.8808183298 ], [ 27.335230699899999, -18.881247655300001 ], [ 27.334397366600001, -18.881525433099998 ], [ 27.332280927, -18.881829332599999 ], [ 27.332002445899999, -18.881768327900001 ], [ 27.331189028099999, -18.882041509299999 ], [ 27.329140962299999, -18.882002431 ], [ 27.327225401900002, -18.8812766703 ], [ 27.325059326, -18.879996716400001 ], [ 27.324063321899999, -18.8808897326 ], [ 27.3222799497, -18.8816563309 ], [ 27.320345161300001, -18.881813441 ], [ 27.306734050199999, -18.8807023299 ], [ 27.306470302400001, -18.880674920499999 ], [ 27.295679648, -18.879311890499999 ], [ 27.306853528800001, -18.883557965200001 ], [ 27.3086487745, -18.884629907099999 ], [ 27.309967165900002, -18.8862528091 ], [ 27.3127449437, -18.891252809099999 ], [ 27.313378469700002, -18.8929651702 ], [ 27.313467659899999, -18.8947887878 ], [ 27.313061686400001, -18.896335931900001 ], [ 27.313679288100001, -18.896091605799999 ], [ 27.315525015599999, -18.895967458699999 ], [ 27.317320835699999, -18.896411477600001 ], [ 27.3188830466, -18.8973734538 ], [ 27.320920639499999, -18.896920655399999 ], [ 27.3213736941, -18.896838080799998 ], [ 27.332733952600002, -18.8952151867 ], [ 27.3359015383, -18.894423290300001 ], [ 27.336755424900002, -18.8925732027 ], [ 27.336777777799998, -18.8924614385 ], [ 27.336777777799998, -18.891111111099999 ], [ 27.3368380808, -18.890262583 ], [ 27.337003836400001, -18.889102294 ], [ 27.335999719499998, -18.8808183298 ] ], [ [ 27.361360545099998, -18.933448576100002 ], [ 27.3597375268, -18.937506121799998 ], [ 27.358985394, -18.938852671700001 ], [ 27.357914837, -18.939962990600002 ], [ 27.355274334699999, -18.942075392500001 ], [ 27.354208555700001, -18.945983248699999 ], [ 27.353426577800001, -18.950935775400001 ], [ 27.3525561776, -18.953230335699999 ], [ 27.346448605300001, -18.962790014 ], [ 27.341094017100001, -18.975641025600002 ], [ 27.340943079900001, -18.975974276599999 ], [ 27.3339986354, -18.990140943299998 ], [ 27.333712702, -18.990658127700002 ], [ 27.327168800599999, -19.001229045300001 ], [ 27.3347802987, -18.997185436900001 ], [ 27.349059459799999, -18.9803564256 ], [ 27.3614935017, -18.953325899700001 ], [ 27.361994850199999, -18.952441944699999 ], [ 27.372272628, -18.937441944700002 ], [ 27.373357407699999, -18.9362438661 ], [ 27.373386303099998, -18.936219533100001 ], [ 27.3698799117, -18.934904636399999 ], [ 27.363392255200001, -18.933282722200001 ], [ 27.361360545099998, -18.933448576100002 ] ], [ [ 27.349701985399999, -18.921752487199999 ], [ 27.349931997300001, -18.920685986 ], [ 27.350204503699999, -18.920186936499999 ], [ 27.349907203299999, -18.9192719401 ], [ 27.349907203299999, -18.919026208199998 ], [ 27.346604886200002, -18.914402964400001 ], [ 27.3277979133, -18.912693239599999 ], [ 27.328738965500001, -18.914233143099999 ], [ 27.349701985399999, -18.921752487199999 ] ], [ [ 27.23278713, -18.8835116447 ], [ 27.235904926500002, -18.890526686699999 ], [ 27.243718034, -18.898869496500001 ], [ 27.24425444, -18.8976658202 ], [ 27.245907159, -18.896073690200001 ], [ 27.2485022774, -18.894394495899999 ], [ 27.248560960399999, -18.894101081 ], [ 27.2490778813, -18.892594496200001 ], [ 27.250618111600001, -18.889514035600001 ], [ 27.250858877300001, -18.8885054649 ], [ 27.251904433, -18.886847150299999 ], [ 27.2530040113, -18.885610124700001 ], [ 27.254649928300001, -18.8764400156 ], [ 27.2547347006, -18.876044786200001 ], [ 27.255389203899998, -18.8734267731 ], [ 27.253961575200002, -18.870214608600001 ], [ 27.253473307299998, -18.8683655878 ], [ 27.2535061723, -18.867835531400001 ], [ 27.2533691595, -18.867809678899999 ], [ 27.241846998100002, -18.863301007099999 ], [ 27.241039225800002, -18.863151054300001 ], [ 27.239371740900001, -18.862235980299999 ], [ 27.239102376, -18.861947149900001 ], [ 27.239018660500001, -18.861898656400001 ], [ 27.2377908815, -18.860558517400001 ], [ 27.237517581, -18.8599743248 ], [ 27.225710550700001, -18.8606302709 ], [ 27.226803210900002, -18.862547077799999 ], [ 27.2273587665, -18.864213744499999 ], [ 27.227499159899999, -18.864703267900001 ], [ 27.22854625, -18.869041212399999 ], [ 27.2286831505, -18.8691701393 ], [ 27.229612851199999, -18.870978818200001 ], [ 27.2326684067, -18.880701040400002 ], [ 27.2329444097, -18.882520417 ], [ 27.23278713, -18.8835116447 ] ], [ [ 27.208813985799999, -18.836887271799998 ], [ 27.2089318421, -18.836870084400001 ], [ 27.219009781, -18.834691070600002 ], [ 27.220892173799999, -18.834592404 ], [ 27.220844294100001, -18.834548708900002 ], [ 27.219901349, -18.8328408064 ], [ 27.219556191199999, -18.830920665 ], [ 27.219845312299999, -18.828991290600001 ], [ 27.220738145199999, -18.827256664899998 ], [ 27.221907392199999, -18.8261254984 ], [ 27.221596934400001, -18.8260977799 ], [ 27.2198755619, -18.825365767600001 ], [ 27.217941253900001, -18.824156825100001 ], [ 27.215047077800001, -18.8231920998 ], [ 27.214664453099999, -18.822996227200001 ], [ 27.213748170300001, -18.824129657299999 ], [ 27.213388326800001, -18.8244175321 ], [ 27.211287301900001, -18.8286195817 ], [ 27.209441329699999, -18.833003765899999 ], [ 27.208995252499999, -18.836126305899999 ], [ 27.208813985799999, -18.836887271799998 ] ], [ [ 27.4318442613, -18.9477861226 ], [ 27.431231445, -18.952688652900001 ], [ 27.4311987438, -18.952915094600002 ], [ 27.428463969700001, -18.9695972166 ], [ 27.4280057205, -18.9757835805 ], [ 27.429156768599999, -18.979894466400001 ], [ 27.438528121899999, -18.987583782 ], [ 27.439832172100001, -18.989077637699999 ], [ 27.4442766166, -18.996299859899999 ], [ 27.4449047761, -18.9976911332 ], [ 27.4479339988, -19.0076049529 ], [ 27.4498966952, -19.0133995805 ], [ 27.451856431900001, -19.008150285900001 ], [ 27.453460442099999, -18.9862288128 ], [ 27.454010303099999, -18.984123026 ], [ 27.4601214142, -18.9710674705 ], [ 27.4607894086, -18.9699664105 ], [ 27.467952222099999, -18.960599654300001 ], [ 27.4689511025, -18.959201221699999 ], [ 27.474823388800001, -18.9463889606 ], [ 27.474911214599999, -18.946205607300001 ], [ 27.477341188499999, -18.9413456594 ], [ 27.474211353099999, -18.940257021 ], [ 27.467489459599999, -18.942701346 ], [ 27.459842908500001, -18.946920132799999 ], [ 27.458163539400001, -18.947541512 ], [ 27.456375589899999, -18.9476396395 ], [ 27.4447089232, -18.946528528399998 ], [ 27.443224052, -18.946193126899999 ], [ 27.44187138, -18.9454948323 ], [ 27.435828947200001, -18.941327637200001 ], [ 27.434888162699998, -18.944306788199999 ], [ 27.434044710199998, -18.945993521399998 ], [ 27.432719350300001, -18.947335125599999 ], [ 27.4318442613, -18.9477861226 ] ], [ [ 27.423155222, -19.049535406299999 ], [ 27.423613267499999, -19.048253171399999 ], [ 27.4247224981, -19.0467935669 ], [ 27.426220688899999, -19.045737033599998 ], [ 27.4279679737, -19.045182206100002 ], [ 27.429801232, -19.045180880899998 ], [ 27.4317573286, -19.045481818900001 ], [ 27.431791383899998, -19.045470525300001 ], [ 27.435124717200001, -19.044914969800001 ], [ 27.4358994774, -19.044925390700001 ], [ 27.438150051800001, -19.043800103500001 ], [ 27.4395317506, -19.043309544300001 ], [ 27.440944444399999, -19.0429956123 ], [ 27.440944444399999, -19.038333333299999 ], [ 27.441252344700001, -19.036435966700001 ], [ 27.4420555556, -19.034026333900002 ], [ 27.4420555556, -19.027655212799999 ], [ 27.436539354800001, -19.011369286600001 ], [ 27.436484112799999, -19.0111977557 ], [ 27.433653421, -19.001933673300002 ], [ 27.4301391493, -18.996222981799999 ], [ 27.420082989200001, -18.987971773600002 ], [ 27.419975645299999, -18.9878520679 ], [ 27.417093346600002, -18.9949548755 ], [ 27.4105914057, -19.019662251100002 ], [ 27.412963034299999, -19.032231883 ], [ 27.419478076099999, -19.0452619665 ], [ 27.423155222, -19.049535406299999 ] ], [ [ 27.475064591500001, -18.971053572399999 ], [ 27.4707151261, -18.976741334700002 ], [ 27.465347695799998, -18.988208117900001 ], [ 27.4637617801, -19.009882298299999 ], [ 27.463398826900001, -19.011542969400001 ], [ 27.455621049099999, -19.032376302799999 ], [ 27.4555708601, -19.032506121800001 ], [ 27.4552403058, -19.033332507699999 ], [ 27.455757359300001, -19.032701803799998 ], [ 27.4600709294, -19.028388233699999 ], [ 27.4670738891, -19.018004534799999 ], [ 27.469305280899999, -19.004616184100001 ], [ 27.469522483599999, -19.000706535 ], [ 27.469394293699999, -19.0000655857 ], [ 27.469425131800001, -18.9975673237 ], [ 27.471369576200001, -18.9889562125 ], [ 27.471463797799998, -18.988592385299999 ], [ 27.474612553899998, -18.9778341351 ], [ 27.475064591500001, -18.971053572399999 ] ], [ [ 27.614728293700001, -18.999326122399999 ], [ 27.6176774648, -19.0013315588 ], [ 27.6198313899, -19.002623913899999 ], [ 27.6200944962, -19.002411214599999 ], [ 27.620650051799998, -19.002133436899999 ], [ 27.621037949400002, -19.0019394881 ], [ 27.6203882718, -19.001073251200001 ], [ 27.618351673199999, -19.0004913659 ], [ 27.618157983300001, -19.000432473899998 ], [ 27.614728293700001, -18.999326122399999 ] ], [ [ 27.567529734400001, -18.950386255600002 ], [ 27.567825560300001, -18.950112894499998 ], [ 27.570146490599999, -18.948178786 ], [ 27.5710450009, -18.947154484199999 ], [ 27.571254504, -18.947004707200001 ], [ 27.576470758500001, -18.940640876700002 ], [ 27.577335921700001, -18.939780975200001 ], [ 27.5784383399, -18.938888541400001 ], [ 27.577338000899999, -18.935430333100001 ], [ 27.577218718299999, -18.935000834299998 ], [ 27.576360277, -18.931395381 ], [ 27.568963339300002, -18.926249685199998 ], [ 27.570106421799998, -18.929678932800002 ], [ 27.570355555599999, -18.930011111100001 ], [ 27.571098832800001, -18.931315010500001 ], [ 27.5714952525, -18.932762583 ], [ 27.572050808099998, -18.936651471899999 ], [ 27.5721111111, -18.9375 ], [ 27.5721111111, -18.9391666667 ], [ 27.571931966099999, -18.940621880399998 ], [ 27.571654188299998, -18.9417329915 ], [ 27.571602477, -18.941926104499998 ], [ 27.571046921499999, -18.943870549 ], [ 27.570270079499998, -18.9455504234 ], [ 27.567964923, -18.949008158200002 ], [ 27.567529734400001, -18.950386255600002 ] ], [ [ 27.532185324499999, -18.939533376499998 ], [ 27.538599055900001, -18.938546648599999 ], [ 27.535960292599999, -18.936218328 ], [ 27.5275811821, -18.9349292341 ], [ 27.532185324499999, -18.939533376499998 ] ], [ [ 27.520134644700001, -18.944453259399999 ], [ 27.518257359300001, -18.942575974 ], [ 27.518050785300002, -18.9423588133 ], [ 27.512773007500002, -18.936525479899998 ], [ 27.512612894499998, -18.9363411064 ], [ 27.511224005700001, -18.9346744397 ], [ 27.5101945728, -18.9328837917 ], [ 27.508218794299999, -18.927450400800002 ], [ 27.5080510668, -18.927198809499998 ], [ 27.507303626199999, -18.926618722800001 ], [ 27.5062592984, -18.925100070799999 ], [ 27.5060599362, -18.924441622300002 ], [ 27.5046247097, -18.923448003899999 ], [ 27.503456226400001, -18.922810649300001 ], [ 27.4992240873, -18.924080291 ], [ 27.498142439199999, -18.924298840199999 ], [ 27.4935726617, -18.924790970099998 ], [ 27.493621086, -18.9251026319 ], [ 27.4936624895, -18.925218347 ], [ 27.493673320500001, -18.925438816700002 ], [ 27.493777777799998, -18.926111111099999 ], [ 27.493777777799998, -18.9263888889 ], [ 27.493765983, -18.926463358399999 ], [ 27.493767424, -18.926463443199999 ], [ 27.493743574900002, -18.926868878699999 ], [ 27.493748886100001, -18.926976991699998 ], [ 27.493733633400002, -18.927037884099999 ], [ 27.4934896462, -18.931185665499999 ], [ 27.4932421464, -18.932573377699999 ], [ 27.4928041125, -18.934018889699999 ], [ 27.495304457100001, -18.934888574799999 ], [ 27.4968894165, -18.935722929699999 ], [ 27.50985982, -18.945267188900001 ], [ 27.519801061399999, -18.944658541500001 ], [ 27.520134644700001, -18.944453259399999 ] ], [ [ 27.4278373653, -18.914943371300001 ], [ 27.431805511699999, -18.909558029700001 ], [ 27.432196097799999, -18.907116866399999 ], [ 27.4274981758, -18.9055019557 ], [ 27.423969550500001, -18.905703591399998 ], [ 27.4278373653, -18.914943371300001 ] ], [ [ 27.413960256599999, -18.9128694662 ], [ 27.413107007, -18.9108311476 ], [ 27.412146082100001, -18.9095956727 ], [ 27.411677777800001, -18.909244444399999 ], [ 27.410257554, -18.907730377 ], [ 27.410126508499999, -18.9074252785 ], [ 27.408280533700001, -18.907718956299998 ], [ 27.4087953541, -18.9080943676 ], [ 27.413960256599999, -18.9128694662 ] ], [ [ 27.362577913599999, -18.883365685699999 ], [ 27.3639357984, -18.878413399900001 ], [ 27.364309434100001, -18.877609239200002 ], [ 27.363822564, -18.877487521700001 ], [ 27.362220366100001, -18.8768292468 ], [ 27.361384834900001, -18.876154226400001 ], [ 27.362306254300002, -18.881785122499998 ], [ 27.362577913599999, -18.883365685699999 ] ], [ [ 27.425520132399999, -18.8935954108 ], [ 27.421363128900001, -18.888173232300002 ], [ 27.4197462966, -18.886811689400002 ], [ 27.418954427100001, -18.886005778 ], [ 27.416885194399999, -18.883459030099999 ], [ 27.416796726600001, -18.883502441400001 ], [ 27.415, -18.883777777799999 ], [ 27.414722222200002, -18.883777777799999 ], [ 27.412743945300001, -18.883442265399999 ], [ 27.412560874699999, -18.883341300800002 ], [ 27.411781207899999, -18.8836011898 ], [ 27.411650524300001, -18.8850809033 ], [ 27.4108967636, -18.8868300665 ], [ 27.409632760099999, -18.888254854900001 ], [ 27.4086508428, -18.889058241699999 ], [ 27.409170495, -18.889058690399999 ], [ 27.410770164100001, -18.8895171307 ], [ 27.412731620199999, -18.890388888899999 ], [ 27.414722222200002, -18.890388888899999 ], [ 27.416742084, -18.890739096099999 ], [ 27.4185261557, -18.891748836 ], [ 27.419866172399999, -18.893300236 ], [ 27.42010014, -18.893905124700002 ], [ 27.425520132399999, -18.8935954108 ] ], [ [ 27.531552852800001, -18.923399079 ], [ 27.539523454200001, -18.924625325400001 ], [ 27.541154876899999, -18.925121472800001 ], [ 27.542580840900001, -18.9260565284 ], [ 27.552025285399999, -18.9343898618 ], [ 27.552966029699999, -18.9354411007 ], [ 27.5531354594, -18.9357554692 ], [ 27.5535640403, -18.935088787800002 ], [ 27.554204822300001, -18.934400012099999 ], [ 27.5546020355, -18.9323146427 ], [ 27.5541218137, -18.9309251044 ], [ 27.554010779199999, -18.929362730699999 ], [ 27.554100614300001, -18.928897751099999 ], [ 27.553428437699999, -18.9277454484 ], [ 27.5527449328, -18.925982361799999 ], [ 27.5526440784, -18.924094113500001 ], [ 27.553034189, -18.920388062899999 ], [ 27.552710494900001, -18.919420866300001 ], [ 27.552640562299999, -18.917739576399999 ], [ 27.5529227269, -18.916585621900001 ], [ 27.5528790382, -18.916495169 ], [ 27.552788888, -18.9158986208 ], [ 27.546341407700002, -18.912302910600001 ], [ 27.544249503700001, -18.912186693700001 ], [ 27.5432297463, -18.913001366700001 ], [ 27.5414404492, -18.913664049499999 ], [ 27.5395335694, -18.913731445 ], [ 27.538306522799999, -18.913578064199999 ], [ 27.536986175700001, -18.916108729400001 ], [ 27.536443639800002, -18.916963832899999 ], [ 27.531552852800001, -18.923399079 ] ], [ [ 27.4758623303, -18.925094231199999 ], [ 27.4704481148, -18.921304280400001 ], [ 27.469092423599999, -18.9199935971 ], [ 27.4682104886, -18.918326869800001 ], [ 27.467889420100001, -18.916468724400001 ], [ 27.4681609306, -18.914602693399999 ], [ 27.4689982027, -18.912913088500002 ], [ 27.469279330599999, -18.9126264334 ], [ 27.469512763400001, -18.912023166400001 ], [ 27.471166354299999, -18.9091293824 ], [ 27.468008402100001, -18.906700188399999 ], [ 27.467612318899999, -18.9063673693 ], [ 27.463165063800002, -18.9022907188 ], [ 27.460289339300001, -18.902838475799999 ], [ 27.459746117600002, -18.9028649963 ], [ 27.459622739499999, -18.9033295843 ], [ 27.4584819819, -18.905002032700001 ], [ 27.4580743884, -18.905301194100002 ], [ 27.4579713961, -18.905473026399999 ], [ 27.4571079627, -18.906255596699999 ], [ 27.4570332298, -18.906572170499999 ], [ 27.4564776743, -18.907683281600001 ], [ 27.455399848700001, -18.909196037400001 ], [ 27.453911002800002, -18.9103066568 ], [ 27.452153823100002, -18.9109087014 ], [ 27.4474316009, -18.911742034700001 ], [ 27.445845674400001, -18.911808692600001 ], [ 27.443630259199999, -18.911607291199999 ], [ 27.4434246438, -18.912892387500001 ], [ 27.443033719399999, -18.914263485100001 ], [ 27.442330335, -18.915503638699999 ], [ 27.4335402331, -18.927433062599999 ], [ 27.434595563199998, -18.927534335400001 ], [ 27.4358432776, -18.928096740499999 ], [ 27.438015823699999, -18.9285980973 ], [ 27.439575277900001, -18.9291965896 ], [ 27.440909307399998, -18.930201803799999 ], [ 27.441078464499999, -18.930370960899999 ], [ 27.4473998014, -18.934730503600001 ], [ 27.4556685288, -18.935518001399998 ], [ 27.4621015359, -18.931968756100002 ], [ 27.4629495416, -18.931583461700001 ], [ 27.472116208300001, -18.9282501283 ], [ 27.474124564499999, -18.9278890366 ], [ 27.475860816, -18.928176112500001 ], [ 27.475783182600001, -18.925489969899999 ], [ 27.4758623303, -18.925094231199999 ] ], [ [ 27.519537440200001, -18.905853355600001 ], [ 27.518367276599999, -18.9051533152 ], [ 27.517735291200001, -18.904424605100001 ], [ 27.517060927700001, -18.905141116399999 ], [ 27.516908520699999, -18.905712642600001 ], [ 27.5168802548, -18.9058149934 ], [ 27.516652709, -18.906611403700001 ], [ 27.517621155899999, -18.906515508599998 ], [ 27.518469817500002, -18.906151796500001 ], [ 27.519537440200001, -18.905853355600001 ] ], [ [ 27.566248710899998, -18.896870874299999 ], [ 27.5659839908, -18.894576633500002 ], [ 27.5659471974, -18.894070623600001 ], [ 27.5657287131, -18.8868606427 ], [ 27.563265357900001, -18.883693471699999 ], [ 27.562280535500001, -18.884573169500001 ], [ 27.5545027577, -18.889295391800001 ], [ 27.553752404699999, -18.889681536800001 ], [ 27.5536962077, -18.889705621200001 ], [ 27.552615607500002, -18.891468705699999 ], [ 27.5524648546, -18.891702341799999 ], [ 27.548024311100001, -18.898246300699999 ], [ 27.566248710899998, -18.896870874299999 ] ], [ [ 27.460506781300001, -18.880740514700001 ], [ 27.460983976400001, -18.877877344 ], [ 27.461427346299999, -18.872335220299998 ], [ 27.4608457247, -18.8716469622 ], [ 27.460788582900001, -18.871856482199998 ], [ 27.460126087199999, -18.8733484915 ], [ 27.459962255800001, -18.8740233079 ], [ 27.4588970603, -18.8756883842 ], [ 27.456543348499999, -18.878294279399999 ], [ 27.458234328, -18.879831533400001 ], [ 27.460506781300001, -18.880740514700001 ] ], [ [ 27.473261418300002, -18.874888555799998 ], [ 27.472925336100001, -18.879089582399999 ], [ 27.472862808, -18.879597505 ], [ 27.4727149042, -18.880484927800001 ], [ 27.472922735299999, -18.880801914399999 ], [ 27.4730708857, -18.881048831800001 ], [ 27.4749605031, -18.8821511085 ], [ 27.479659053, -18.8842393529 ], [ 27.480426180199998, -18.884649288799999 ], [ 27.493055612700001, -18.892625772500001 ], [ 27.493617742400001, -18.8920636428 ], [ 27.493511916900001, -18.891974145500001 ], [ 27.492523144900002, -18.8903777166 ], [ 27.4922526105, -18.889273522300002 ], [ 27.4872032679, -18.888054715500001 ], [ 27.4853834868, -18.887280131 ], [ 27.483914403699998, -18.8859559789 ], [ 27.4829556418, -18.8842261351 ], [ 27.482750617, -18.883066270800001 ], [ 27.481223848100001, -18.882597867099999 ], [ 27.479646248200002, -18.8814648629 ], [ 27.478812914900001, -18.880631529599999 ], [ 27.477663207300001, -18.879019968600002 ], [ 27.4771005102, -18.877121988500001 ], [ 27.477186078799999, -18.875144203200001 ], [ 27.477910598, -18.873301914399999 ], [ 27.479577264700001, -18.8705241366 ], [ 27.479596895299998, -18.870495638400001 ], [ 27.4801738729, -18.869067835500001 ], [ 27.481513666600001, -18.867549806700001 ], [ 27.4821196288, -18.867211960700001 ], [ 27.482500566399999, -18.866727130899999 ], [ 27.483225361500001, -18.8653295033 ], [ 27.483797510199999, -18.864764548099998 ], [ 27.476752123499999, -18.862650932099999 ], [ 27.475367891200001, -18.8712331724 ], [ 27.4746731784, -18.8732206235 ], [ 27.473334665, -18.874845729600001 ], [ 27.473261418300002, -18.874888555799998 ] ], [ [ 27.508678679599999, -18.887477892 ], [ 27.508752372099998, -18.887393672 ], [ 27.508450566, -18.885826518799998 ], [ 27.508471010800001, -18.885622550099999 ], [ 27.505095164, -18.885306064400002 ], [ 27.508678679599999, -18.887477892 ] ], [ [ 27.530420809500001, -18.8486914904 ], [ 27.536413969400002, -18.847933734600002 ], [ 27.542886749800001, -18.836953125 ], [ 27.544069517400001, -18.835515415300002 ], [ 27.5456360461, -18.834509465 ], [ 27.5474355164, -18.8340321234 ], [ 27.568824405299999, -18.831809901100002 ], [ 27.5693381066, -18.831836651900002 ], [ 27.571859974700001, -18.827297289299999 ], [ 27.5721248035, -18.826714665800001 ], [ 27.5629595847, -18.817331227499999 ], [ 27.539113543100001, -18.8218836536 ], [ 27.533233141499998, -18.840936154800001 ], [ 27.533138760500002, -18.841217125 ], [ 27.530420809500001, -18.8486914904 ] ], [ [ 27.365167171300001, -18.833977161699998 ], [ 27.367065130699999, -18.8350243117 ], [ 27.367235569799998, -18.835122020499998 ], [ 27.36825216, -18.835727133700001 ], [ 27.368620227800001, -18.832598557299999 ], [ 27.368096319799999, -18.832409806800001 ], [ 27.367339499300002, -18.831763108299999 ], [ 27.364874498700001, -18.833185224 ], [ 27.365167171300001, -18.833977161699998 ] ], [ [ 27.4596850629, -18.8364319358 ], [ 27.4619767738, -18.835095104400001 ], [ 27.463545829499999, -18.834456662099999 ], [ 27.4652307964, -18.8342822183 ], [ 27.466897366600001, -18.834585678 ], [ 27.470320746199999, -18.835726804499998 ], [ 27.472372106, -18.835270946800001 ], [ 27.4756735783, -18.832687185899999 ], [ 27.4760248973, -18.829173995400001 ], [ 27.470607828599999, -18.821702176500001 ], [ 27.4660318677, -18.820597634199999 ], [ 27.464100390399999, -18.821011522199999 ], [ 27.4513390601, -18.826741099 ], [ 27.447257349099999, -18.829082080300001 ], [ 27.447338862100001, -18.829232235799999 ], [ 27.449153236200001, -18.829005826100001 ], [ 27.4511172329, -18.8294291399 ], [ 27.451433272199999, -18.829555555599999 ], [ 27.4522222222, -18.829555555599999 ], [ 27.4539812915, -18.829819208699998 ], [ 27.455585766199999, -18.830586997200001 ], [ 27.456894637800001, -18.8317914444 ], [ 27.457792877, -18.833326698099999 ], [ 27.457967678900001, -18.834067170800001 ], [ 27.4583256351, -18.834449576600001 ], [ 27.4593443674, -18.835977675100001 ], [ 27.4596850629, -18.8364319358 ] ], [ [ 27.252807385099999, -18.8329207592 ], [ 27.253141134700002, -18.832563170299998 ], [ 27.254140261300002, -18.831189371099999 ], [ 27.2522165102, -18.831285558699999 ], [ 27.2522045927, -18.831292411300002 ], [ 27.252524193599999, -18.8324110145 ], [ 27.252807385099999, -18.8329207592 ] ], [ [ 27.225768675699999, -18.806327076599999 ], [ 27.228287581699998, -18.8049836601 ], [ 27.230122260400002, -18.804359824199999 ], [ 27.230718945700001, -18.804357815100001 ], [ 27.2306931024, -18.803881834599999 ], [ 27.2307987256, -18.803454028299999 ], [ 27.229518668600001, -18.801671091799999 ], [ 27.229349948199999, -18.801755452 ], [ 27.227221914899999, -18.802363141899999 ], [ 27.2257683007, -18.802227839099999 ], [ 27.225710537699999, -18.803152047499999 ], [ 27.225348841500001, -18.804861321800001 ], [ 27.225065216499999, -18.8053795601 ], [ 27.225768675699999, -18.806327076599999 ] ], [ [ 27.257552902099999, -18.802113486 ], [ 27.2579883117, -18.8020167283 ], [ 27.255655246500002, -18.798031075200001 ], [ 27.254893636399999, -18.795848528099999 ], [ 27.254714340700001, -18.794593458600001 ], [ 27.253337092700001, -18.791073824800002 ], [ 27.2511157271, -18.792522541499999 ], [ 27.2510545371, -18.793010324099999 ], [ 27.250324848599998, -18.794633434400001 ], [ 27.250285745199999, -18.794694261899998 ], [ 27.250026720400001, -18.7961836544 ], [ 27.253223327499999, -18.7996847002 ], [ 27.257552902099999, -18.802113486 ] ], [ [ 27.161247462599999, -18.782320504899999 ], [ 27.161775968800001, -18.776683105499998 ], [ 27.158341999499999, -18.778228391700001 ], [ 27.157948024100001, -18.7784137919 ], [ 27.158270041800002, -18.780345898 ], [ 27.1586998965, -18.781205607299999 ], [ 27.1591780591, -18.7826625812 ], [ 27.1592394362, -18.782632734 ], [ 27.160832342700001, -18.7823398128 ], [ 27.161247462599999, -18.782320504899999 ] ], [ [ 27.121702994700001, -18.7522831705 ], [ 27.122357493900001, -18.752761942100001 ], [ 27.123495522700001, -18.7544132871 ], [ 27.123978498300001, -18.756174964500001 ], [ 27.1246228284, -18.756577670799999 ], [ 27.129161334900001, -18.756783966499999 ], [ 27.130926755699999, -18.757134454399999 ], [ 27.1374139401, -18.759477048699999 ], [ 27.137752607100001, -18.759116315699998 ], [ 27.138317628300001, -18.758818396700001 ], [ 27.1350277176, -18.756287696099999 ], [ 27.134185006599999, -18.756046921500001 ], [ 27.132533673200001, -18.755288989499999 ], [ 27.131184933499998, -18.754071506700001 ], [ 27.130262473199998, -18.7525061218 ], [ 27.129106605499999, -18.7496164527 ], [ 27.1258507328, -18.749333333300001 ], [ 27.123325405100001, -18.749333333300001 ], [ 27.121702994700001, -18.7522831705 ] ], [ [ 27.181380980699998, -18.779258787300002 ], [ 27.181419775, -18.778750818 ], [ 27.182012475400001, -18.776498556500002 ], [ 27.180839455200001, -18.7772375268 ], [ 27.1806590869, -18.7773096741 ], [ 27.181380980699998, -18.779258787300002 ] ], [ [ 27.1521446293, -18.754314963900001 ], [ 27.157656700899999, -18.7519765093 ], [ 27.1590136061, -18.751581636499999 ], [ 27.161482856100001, -18.751170094799999 ], [ 27.173751571699999, -18.745166255200001 ], [ 27.1763888889, -18.744555555600002 ], [ 27.179722222199999, -18.744555555600002 ], [ 27.180708616099999, -18.744637192 ], [ 27.182375282799999, -18.7449149698 ], [ 27.184077629299999, -18.745469503100001 ], [ 27.185540566499999, -18.7465016393 ], [ 27.1866338325, -18.747919475700002 ], [ 27.1891825913, -18.7525072416 ], [ 27.202622468200001, -18.744326446900001 ], [ 27.219418640600001, -18.722997974 ], [ 27.2299239251, -18.7091399392 ], [ 27.221532346699998, -18.711356582499999 ], [ 27.221113640599999, -18.7114513002 ], [ 27.196211241099999, -18.716155086800001 ], [ 27.1715963537, -18.721654157300001 ], [ 27.1681789967, -18.7244684514 ], [ 27.155584653799998, -18.736789004199998 ], [ 27.154486968400001, -18.737638278199999 ], [ 27.1409208657, -18.745817840099999 ], [ 27.141436042300001, -18.746077589399999 ], [ 27.1521446293, -18.754314963900001 ] ], [ [ 27.175541297199999, -18.757650236900002 ], [ 27.177941848700002, -18.756983417 ], [ 27.177719988500002, -18.756584068799999 ], [ 27.175541297199999, -18.757650236900002 ] ], [ [ 27.319055555599999, -18.787129945699999 ], [ 27.3195908617, -18.786014724699999 ], [ 27.319656514, -18.7858877856 ], [ 27.319585332399999, -18.785597022299999 ], [ 27.3195388687, -18.785132385400001 ], [ 27.319024622299999, -18.7836539268 ], [ 27.319055555599999, -18.783888888900002 ], [ 27.319055555599999, -18.784444444399998 ], [ 27.318909682899999, -18.785629384100002 ], [ 27.318912677899998, -18.785642861700001 ], [ 27.319055555599999, -18.7869444444 ], [ 27.319055555599999, -18.787129945699999 ] ], [ [ 27.3005449821, -18.775666666700001 ], [ 27.3010223257, -18.773705607299998 ], [ 27.308800103500001, -18.758150051800001 ], [ 27.30976207, -18.756759081399998 ], [ 27.3135252726, -18.752690754300001 ], [ 27.313543531, -18.752247414 ], [ 27.314077881300001, -18.750650051800001 ], [ 27.314355659099999, -18.750094496199999 ], [ 27.314591303499999, -18.749761406 ], [ 27.3144254901, -18.749721382099999 ], [ 27.314026545099999, -18.749610384899999 ], [ 27.3104824437, -18.748491195 ], [ 27.305907126200001, -18.749819513 ], [ 27.296354543900001, -18.766058903 ], [ 27.293487319899999, -18.775234019799999 ], [ 27.3001933474, -18.775666666700001 ], [ 27.3005449821, -18.775666666700001 ] ], [ [ 27.315192983500001, -18.772197107499998 ], [ 27.312902231100001, -18.776778612200001 ], [ 27.313532389199999, -18.777012763399998 ], [ 27.315476833599998, -18.7781238745 ], [ 27.316742640699999, -18.779090692600001 ], [ 27.317298196199999, -18.779646248199999 ], [ 27.3179062962, -18.780438739499999 ], [ 27.315444130300001, -18.773360012600001 ], [ 27.315192983500001, -18.772197107499998 ] ], [ [ 27.2661739194, -18.721121244300001 ], [ 27.263238837100001, -18.722588785399999 ], [ 27.263095161700001, -18.722644672800001 ], [ 27.263189254899999, -18.723538558 ], [ 27.263033575400001, -18.725659373700001 ], [ 27.262147909900001, -18.727592684899999 ], [ 27.2606435103, -18.729095641 ], [ 27.247671127699999, -18.738100000700001 ], [ 27.243590039400001, -18.7473202372 ], [ 27.242993226599999, -18.748826479200002 ], [ 27.2442570091, -18.748182549799999 ], [ 27.246111111099999, -18.7478888889 ], [ 27.246666666700001, -18.7478888889 ], [ 27.2488950107, -18.748318028700002 ], [ 27.2508045977, -18.7495440613 ], [ 27.256637931, -18.755099616900001 ], [ 27.2575650659, -18.756228063399998 ], [ 27.25772849, -18.756571838799999 ], [ 27.259555555599999, -18.750260157900001 ], [ 27.259555555599999, -18.746666666700001 ], [ 27.259701897, -18.745349593499999 ], [ 27.262201897, -18.734238482399999 ], [ 27.2623468884, -18.733708633799999 ], [ 27.265339696, -18.724458137599999 ], [ 27.2661739194, -18.721121244300001 ] ], [ [ 27.216028134399998, -18.746699243 ], [ 27.217159110099999, -18.747191749700001 ], [ 27.217177287599998, -18.747208419500001 ], [ 27.222245169400001, -18.742673998899999 ], [ 27.223047772400001, -18.7377854169 ], [ 27.216028134399998, -18.746699243 ] ], [ [ 27.2427454858, -18.721036013599999 ], [ 27.242566629199999, -18.720976394699999 ], [ 27.2423055828, -18.721201843799999 ], [ 27.239707920600001, -18.724199146299998 ], [ 27.237379714799999, -18.7306359504 ], [ 27.2380613642, -18.730162805599999 ], [ 27.240068983600001, -18.7256270729 ], [ 27.240396427099999, -18.724992323 ], [ 27.2427454858, -18.721036013599999 ] ], [ [ 27.225366596800001, -18.6931386463 ], [ 27.224514660699999, -18.693202560500001 ], [ 27.222703899399999, -18.6927654994 ], [ 27.222511261200001, -18.692647773400001 ], [ 27.220705321200001, -18.692297379199999 ], [ 27.219185425599999, -18.691439797899999 ], [ 27.217997780899999, -18.691165726 ], [ 27.216871313, -18.6909779814 ], [ 27.1922759196, -18.689884852799999 ], [ 27.185886817, -18.689691243599999 ], [ 27.167541466799999, -18.691525778700001 ], [ 27.166484265499999, -18.6915378825 ], [ 27.156982036900001, -18.690806941799998 ], [ 27.154949685799998, -18.690978689800001 ], [ 27.153019725899998, -18.690828394 ], [ 27.152649085299998, -18.690737793 ], [ 27.145561589700002, -18.693174119599998 ], [ 27.143880095099998, -18.693493967599998 ], [ 27.142176710200001, -18.693326018699999 ], [ 27.140590058800001, -18.692683940799999 ], [ 27.139249264499998, -18.691619987100001 ], [ 27.138263442900001, -18.690220743499999 ], [ 27.136520669, -18.686795291199999 ], [ 27.128611559100001, -18.6848619533 ], [ 27.127072204600001, -18.6853669692 ], [ 27.125206259599999, -18.685375822299999 ], [ 27.123427829499999, -18.6848110076 ], [ 27.1217611629, -18.683977674299999 ], [ 27.1200909065, -18.682739876900001 ], [ 27.120087054, -18.682734057600001 ], [ 27.119533906600001, -18.682421521599998 ], [ 27.116478351, -18.679921521600001 ], [ 27.114954477, -18.6780458942 ], [ 27.113314811799999, -18.6748926918 ], [ 27.1056315296, -18.682575974 ], [ 27.102540059, -18.6856674446 ], [ 27.105935455600001, -18.688342605500001 ], [ 27.1074049098, -18.690032353700001 ], [ 27.108152452399999, -18.6921432125 ], [ 27.108574472200001, -18.694886341499998 ], [ 27.1153135556, -18.694300334200001 ], [ 27.1175133333, -18.694517777800002 ], [ 27.12418, -18.696462222200001 ], [ 27.125987429199999, -18.6973398214 ], [ 27.129876318099999, -18.700117599199999 ], [ 27.1311719869, -18.7013775735 ], [ 27.132033683500001, -18.702966211900002 ], [ 27.132383225800002, -18.704739376700001 ], [ 27.132388420800002, -18.7048588607 ], [ 27.1356211413, -18.7055054048 ], [ 27.1373135495, -18.7061193314 ], [ 27.138747646500001, -18.707207686699999 ], [ 27.139794317700002, -18.708672483899999 ], [ 27.140359329199999, -18.710381844400001 ], [ 27.140391811800001, -18.712181871199999 ], [ 27.139836256300001, -18.7163485379 ], [ 27.139828585899998, -18.716404083699999 ], [ 27.138995252499999, -18.722237417 ], [ 27.1384102996, -18.7240956797 ], [ 27.137260821200002, -18.725668578200001 ], [ 27.135668001500001, -18.726790289299998 ], [ 27.134543371300001, -18.7271227395 ], [ 27.136053226800001, -18.734672017099999 ], [ 27.1360752211, -18.734727002900001 ], [ 27.1476925232, -18.727722453199998 ], [ 27.1599709017, -18.715710995799999 ], [ 27.160352423100001, -18.715368418600001 ], [ 27.165074645400001, -18.7114795297 ], [ 27.167580711100001, -18.710255458199999 ], [ 27.193691822200002, -18.704422124899999 ], [ 27.1938863594, -18.704382033200002 ], [ 27.218675311, -18.699699675600002 ], [ 27.228873926199999, -18.697005701799998 ], [ 27.225366596800001, -18.6931386463 ] ], [ [ 27.095907478400001, -18.722070830900002 ], [ 27.097129687399999, -18.721485915900001 ], [ 27.098888888899999, -18.721222222200002 ], [ 27.0993486757, -18.721222222200002 ], [ 27.101200236, -18.720990777200001 ], [ 27.103841811, -18.721252344700002 ], [ 27.103931857300001, -18.721282360099998 ], [ 27.104809528400001, -18.721087322100001 ], [ 27.105124717199999, -18.7210260809 ], [ 27.106768577699999, -18.720752104100001 ], [ 27.106540346399999, -18.7155027839 ], [ 27.1063100131, -18.714778879200001 ], [ 27.101823394, -18.718875357400002 ], [ 27.099675144399999, -18.720136544199999 ], [ 27.095366203400001, -18.7215728579 ], [ 27.095907478400001, -18.722070830900002 ] ], [ [ 27.116322891100001, -18.706670565500001 ], [ 27.117325962399999, -18.709823075199999 ], [ 27.118553140700001, -18.709564956800001 ], [ 27.1203539103, -18.7097371612 ], [ 27.1205935648, -18.709837918 ], [ 27.120521589799999, -18.708182493700001 ], [ 27.1198417628, -18.7076969031 ], [ 27.116322891100001, -18.706670565500001 ] ], [ [ 27.1177845982, -18.6504861218 ], [ 27.1195771995, -18.648357407700001 ], [ 27.1196783621, -18.648262735500001 ], [ 27.1193581942, -18.648384704200001 ], [ 27.1183506558, -18.648670708899999 ], [ 27.117005667200001, -18.6489282599 ], [ 27.1177845982, -18.6504861218 ] ], [ [ 27.114098349700001, -18.634592549099999 ], [ 27.122069468399999, -18.631156722099998 ], [ 27.123234526899999, -18.630789924399998 ], [ 27.132555737299999, -18.6288708517 ], [ 27.1336434434, -18.628598925199999 ], [ 27.132799625699999, -18.628770291799999 ], [ 27.127244070100001, -18.6290480696 ], [ 27.1262818553, -18.629018858 ], [ 27.123781855299999, -18.628741080200001 ], [ 27.1223377038, -18.628395752799999 ], [ 27.120393474099998, -18.627666666700001 ], [ 27.12, -18.627666666700001 ], [ 27.119412643, -18.6275713518 ], [ 27.118152884299999, -18.627887224799998 ], [ 27.114094556400001, -18.634425641899998 ], [ 27.114098349700001, -18.634592549099999 ] ], [ [ 27.144951196800001, -18.585978319500001 ], [ 27.144909753099999, -18.586153877899999 ], [ 27.1456399552, -18.585423675800001 ], [ 27.147312564700002, -18.584571438699999 ], [ 27.149166666700001, -18.584277777800001 ], [ 27.149173980600001, -18.5842789362 ], [ 27.149012448099999, -18.581775182600001 ], [ 27.149207539300001, -18.5801150494 ], [ 27.146494522499999, -18.581486464499999 ], [ 27.146413641700001, -18.582686126799999 ], [ 27.145765014399998, -18.584365722499999 ], [ 27.145064554299999, -18.5855915277 ], [ 27.144987521699999, -18.585899658199999 ], [ 27.144951196800001, -18.585978319500001 ] ], [ [ 27.281262326099998, -18.517931621599999 ], [ 27.292751061899999, -18.522527115900001 ], [ 27.301933598400002, -18.5196703268 ], [ 27.281262326099998, -18.517931621599999 ] ], [ [ 27.551465493599999, -18.846030668400001 ], [ 27.5520282576, -18.845959514299999 ], [ 27.552433220299999, -18.845577474 ], [ 27.551686934199999, -18.845655010200002 ], [ 27.551465493599999, -18.846030668400001 ] ], [ [ 27.031148364900002, -18.7370305064 ], [ 27.0314748242, -18.7378233361 ], [ 27.033224566, -18.740666666700001 ], [ 27.0380555556, -18.740666666700001 ], [ 27.040119301400001, -18.741032755700001 ], [ 27.041931209, -18.742086349 ], [ 27.043533542300001, -18.7434421695 ], [ 27.048215862199999, -18.7428568795 ], [ 27.045437914499999, -18.741509995800001 ], [ 27.045141698, -18.741356054800001 ], [ 27.040378517499999, -18.738709843399999 ], [ 27.037968834699999, -18.738107422700001 ], [ 27.031148364900002, -18.7370305064 ] ] ] ] } },
{ "type": "Feature", "properties": { "begin": 526.0, "end": 57282.0, "layer": "7947_path", "path": "C:\\DATA\\GIS\\Arnold\\ELE\\7947_path.shp" }, "geometry": { "type": "MultiPolygon", "coordinates": [ [ [ [ 26.734236367400001, -18.8298166527 ], [ 26.7339752645, -18.828946309500001 ], [ 26.733724535699999, -18.8273888246 ], [ 26.733446757900001, -18.817388824599998 ], [ 26.733705798100001, -18.8154706692 ], [ 26.7345620436, -18.8137347931 ], [ 26.7355308751, -18.812378429 ], [ 26.736290017799998, -18.810480572199999 ], [ 26.736577881300001, -18.8092611629 ], [ 26.737133436899999, -18.808150051799998 ], [ 26.737688992399999, -18.807038940599998 ], [ 26.738812914899999, -18.805479581499998 ], [ 26.740372274, -18.804355659100001 ], [ 26.7419337543, -18.803574918900001 ], [ 26.7438722992, -18.802508719199999 ], [ 26.742424026, -18.801464862900001 ], [ 26.7418684704, -18.800909307400001 ], [ 26.740744548, -18.7993499482 ], [ 26.740466770200001, -18.7987943927 ], [ 26.739833333299998, -18.7961111111 ], [ 26.739833333299998, -18.795 ], [ 26.740262473200001, -18.792771655900001 ], [ 26.7403888889, -18.7924556167 ], [ 26.7403888889, -18.79 ], [ 26.741022325700001, -18.7873167184 ], [ 26.742133436900001, -18.785094496199999 ], [ 26.742307863099999, -18.7848462135 ], [ 26.738707562799998, -18.7804879553 ], [ 26.737687333699999, -18.778697107100001 ], [ 26.737333333300001, -18.776666666699999 ], [ 26.737333333300001, -18.774722222200001 ], [ 26.737449849299999, -18.773545525399999 ], [ 26.7377276271, -18.7721566365 ], [ 26.738625783, -18.769994695400001 ], [ 26.739455953499998, -18.769166259799999 ], [ 26.739924026, -18.768535137099999 ], [ 26.740201803800002, -18.768257359300001 ], [ 26.7416623489, -18.767183991700001 ], [ 26.743376784300001, -18.766595755600001 ], [ 26.745188652900001, -18.766546332699999 ], [ 26.746227428, -18.766676179600001 ], [ 26.7470736669, -18.765829940700002 ], [ 26.747229920500001, -18.765560687699999 ], [ 26.747785476, -18.764727354400002 ], [ 26.7491590779, -18.763269637499999 ], [ 26.750935935800001, -18.762345247500001 ], [ 26.752918042400001, -18.762057195299999 ], [ 26.753778875199998, -18.762223710499999 ], [ 26.753755274, -18.7615933117 ], [ 26.7541724853, -18.759941779199998 ], [ 26.755037009399999, -18.758474051899999 ], [ 26.756148120500001, -18.757085163 ], [ 26.757449224199998, -18.7558787591 ], [ 26.759046276, -18.755105643899999 ], [ 26.76079961, -18.7548334281 ], [ 26.7625558931, -18.755085917599999 ], [ 26.764161534500001, -18.755841031599999 ], [ 26.764326308400001, -18.7559508808 ], [ 26.765230699899998, -18.756252344699998 ], [ 26.767015941499999, -18.7572075259 ], [ 26.768381830300001, -18.7587021183 ], [ 26.768400138800001, -18.758745258200001 ], [ 26.769951921, -18.759423776799999 ], [ 26.7714179054, -18.760780330500001 ], [ 26.772357380100001, -18.7625429239 ], [ 26.772380694700001, -18.762691882399999 ], [ 26.778070750400001, -18.763504747500001 ], [ 26.779473378799999, -18.763882763600002 ], [ 26.791140045399999, -18.7686049858 ], [ 26.792667022, -18.769505582 ], [ 26.792766533, -18.769614265400001 ], [ 26.794250382200001, -18.768674711700001 ], [ 26.795981104100001, -18.768205961700001 ], [ 26.797773053, -18.7682695564 ], [ 26.798987232799998, -18.768692842299998 ], [ 26.800555555599999, -18.7684444444 ], [ 26.8024096575, -18.768738105299999 ], [ 26.802676768, -18.768874204900001 ], [ 26.803432249499998, -18.768987876800001 ], [ 26.805041487299999, -18.769761316499999 ], [ 26.806351879499999, -18.770974051900001 ], [ 26.806892250099999, -18.7716495152 ], [ 26.8073792245, -18.771771258800001 ], [ 26.8147693001, -18.769307900200001 ], [ 26.816555676, -18.7690010267 ], [ 26.8178268735, -18.769171263 ], [ 26.817141805, -18.767507525199999 ], [ 26.815480201100002, -18.767925197499999 ], [ 26.8135029526, -18.767754681 ], [ 26.811689489, -18.766948494499999 ], [ 26.8110792829, -18.766379334300002 ], [ 26.810189815499999, -18.7666219163 ], [ 26.8084185598, -18.766830242899999 ], [ 26.806664316799999, -18.766508718099999 ], [ 26.8050820809, -18.765685749799999 ], [ 26.802026525399999, -18.763463527599999 ], [ 26.801435814400001, -18.76297319 ], [ 26.797705777200001, -18.759450377099999 ], [ 26.795896662499999, -18.758811743900001 ], [ 26.794235516899999, -18.757398739500001 ], [ 26.7845132946, -18.7454542951 ], [ 26.784479006, -18.7453964511 ], [ 26.7836245459, -18.7448938275 ], [ 26.783066666700002, -18.744522222200001 ], [ 26.779733333300001, -18.742022222199999 ], [ 26.7783908163, -18.740623916699999 ], [ 26.7775641896, -18.738870549 ], [ 26.775341967399999, -18.7310927712 ], [ 26.775199840599999, -18.730472491499999 ], [ 26.774574382200001, -18.726876105599999 ], [ 26.7738000071, -18.726034690199999 ], [ 26.773342234200001, -18.7256700581 ], [ 26.772992434599999, -18.725690240300001 ], [ 26.7711363431, -18.7251880729 ], [ 26.769534413500001, -18.7241245554 ], [ 26.7683511663, -18.722608912399998 ], [ 26.7677081223, -18.720796802500001 ], [ 26.7676713231, -18.7188743319 ], [ 26.767957801600001, -18.717957065099998 ], [ 26.767652720400001, -18.716816504400001 ], [ 26.767696808099998, -18.715100655499999 ], [ 26.7682248964, -18.713467497900002 ], [ 26.769193768600001, -18.712050682 ], [ 26.770524136599999, -18.710966153600001 ], [ 26.7730731264, -18.709436759700001 ], [ 26.773260101200002, -18.708389700600002 ], [ 26.7732831826, -18.708267747600001 ], [ 26.773560960400001, -18.706878858700001 ], [ 26.774382475500001, -18.704834302599998 ], [ 26.776065689900001, -18.7021892514 ], [ 26.777540685400002, -18.698747595299999 ], [ 26.7785849449, -18.697109406399999 ], [ 26.780097891, -18.6958907452 ], [ 26.7819209104, -18.6952193728 ], [ 26.783862883, -18.695165674 ], [ 26.7857202175, -18.695735278499999 ], [ 26.7872918783, -18.6968639334 ], [ 26.788604989300001, -18.696095806500001 ], [ 26.789993878200001, -18.695540251 ], [ 26.790542259399999, -18.6953629297 ], [ 26.7924415287, -18.691184537200002 ], [ 26.792133983900001, -18.687801544399999 ], [ 26.791129069299998, -18.6882586491 ], [ 26.789444444400001, -18.6885 ], [ 26.789304804, -18.6885 ], [ 26.7885558724, -18.689084858400001 ], [ 26.7870107693, -18.6897097439 ], [ 26.785899658200002, -18.689987521700001 ], [ 26.784098733, -18.690156698700001 ], [ 26.7823292287, -18.6897814563 ], [ 26.780751971200001, -18.6888958993 ], [ 26.779510313599999, -18.687580513899999 ], [ 26.7787171071, -18.685954852199998 ], [ 26.778662343200001, -18.685595698099998 ], [ 26.778252094399999, -18.684342211499999 ], [ 26.7782140431, -18.6825808221 ], [ 26.778689230499999, -18.6808843146 ], [ 26.779636685500002, -18.679398963 ], [ 26.780576493200002, -18.678593945199999 ], [ 26.781094254900001, -18.677177439 ], [ 26.7812222222, -18.677001601800001 ], [ 26.7812222222, -18.676111111099999 ], [ 26.7815413143, -18.674180493400002 ], [ 26.782464650400001, -18.672455224 ], [ 26.7829001791, -18.6720480189 ], [ 26.783227155, -18.671067091200001 ], [ 26.783456129, -18.667403508100001 ], [ 26.783836634099998, -18.665644127699998 ], [ 26.784721873799999, -18.664076787799999 ], [ 26.786032171599999, -18.662842558 ], [ 26.787649593200001, -18.662052525899998 ], [ 26.789428561600001, -18.661777798799999 ], [ 26.7912089595, -18.6620431037 ], [ 26.792920904300001, -18.662569856 ], [ 26.794328826699999, -18.661974196500001 ], [ 26.7961234522, -18.6615246408 ], [ 26.801180586299999, -18.661064901300001 ], [ 26.803385238299999, -18.660027418 ], [ 26.804727184099999, -18.657939946799999 ], [ 26.807885577, -18.651096762 ], [ 26.808057581500002, -18.6507534122 ], [ 26.811668692600001, -18.644086745599999 ], [ 26.8130093963, -18.642415052 ], [ 26.814852042199998, -18.641321113299998 ], [ 26.826796486599999, -18.636876668900001 ], [ 26.827758798600001, -18.6366073863 ], [ 26.847258178299999, -18.6328677793 ], [ 26.8562674651, -18.628491839900001 ], [ 26.8581774817, -18.6279312132 ], [ 26.860165801800001, -18.628026338800002 ], [ 26.862013574, -18.628766746499998 ], [ 26.863517416800001, -18.6300709406 ], [ 26.864511804599999, -18.631795370599999 ], [ 26.8648717678, -18.633669436600002 ], [ 26.865059309799999, -18.633996096299999 ], [ 26.8654400245, -18.635880852 ], [ 26.865222564500002, -18.637646521099999 ], [ 26.865433435300002, -18.639252190400001 ], [ 26.864865455499999, -18.641460394100001 ], [ 26.855120276600001, -18.662004284799998 ], [ 26.854871643, -18.669214658400001 ], [ 26.855739036500001, -18.669390014800001 ], [ 26.8637945921, -18.672445570400001 ], [ 26.865328971899999, -18.6733029225 ], [ 26.866549067499999, -18.674568126400001 ], [ 26.8674230811, -18.6757917453 ], [ 26.867376631199999, -18.674280486499999 ], [ 26.867859893, -18.6725420637 ], [ 26.868838144800002, -18.671025924 ], [ 26.8702229184, -18.669869179500001 ], [ 26.8718889821, -18.669176440099999 ], [ 26.873685665499998, -18.669010353800001 ], [ 26.878214222299999, -18.669276739400001 ], [ 26.8787287233, -18.668896742 ], [ 26.878752344700001, -18.668658189 ], [ 26.879307900200001, -18.666991522299998 ], [ 26.880144511499999, -18.665364086499999 ], [ 26.8814327461, -18.664064502900001 ], [ 26.8830527814, -18.663213649700001 ], [ 26.884853933300001, -18.662890667100001 ], [ 26.886668671199999, -18.6631255968 ], [ 26.887170312, -18.663358650900001 ], [ 26.887481660100001, -18.663397523 ], [ 26.8894261045, -18.663953078500001 ], [ 26.891236701899999, -18.6648195858 ], [ 26.891887000499999, -18.6654661066 ], [ 26.893457099, -18.6647573268 ], [ 26.895406838700001, -18.664569364599998 ], [ 26.897313218400001, -18.665019399799998 ], [ 26.898973059300001, -18.6660594684 ], [ 26.900209458900001, -18.6675787219 ], [ 26.9005595225, -18.668191333300001 ], [ 26.9039213002, -18.669031777699999 ], [ 26.903921723, -18.6690305869 ], [ 26.905310611899999, -18.666530586899999 ], [ 26.906505095, -18.665017959499998 ], [ 26.908117544100001, -18.663962100100001 ], [ 26.909981571, -18.663471962399999 ], [ 26.911904827299999, -18.663598123700002 ], [ 26.913688852500002, -18.664327565499999 ], [ 26.915149553599999, -18.665585016800001 ], [ 26.916136201099999, -18.667240721399999 ], [ 26.9165469832, -18.6691238278 ], [ 26.9163744158, -18.670717644100002 ], [ 26.9164344217, -18.670728501 ], [ 26.918105151599999, -18.671635024899999 ], [ 26.919408476299999, -18.673018668099999 ], [ 26.919880186699999, -18.674027516 ], [ 26.919974744499999, -18.674078313100001 ], [ 26.921219105599999, -18.675329534100001 ], [ 26.9220456545, -18.676888638299999 ], [ 26.922077779799999, -18.6770536392 ], [ 26.922140910100001, -18.677119495399999 ], [ 26.922558349500001, -18.677972166899998 ], [ 26.927730598699998, -18.6781710996 ], [ 26.9295180184, -18.678516215199998 ], [ 26.933287874, -18.679862592199999 ], [ 26.9296390172, -18.669828236200001 ], [ 26.929287966699999, -18.6681272961 ], [ 26.929438801300002, -18.66639707 ], [ 26.9300788828, -18.664782533099999 ], [ 26.931154578699999, -18.6634189673 ], [ 26.936995464, -18.657893805499999 ], [ 26.932817610600001, -18.655464820900001 ], [ 26.93232039, -18.655141853100002 ], [ 26.92232039, -18.647919630899999 ], [ 26.921227734199999, -18.6469011318 ], [ 26.920420528, -18.645644288500002 ], [ 26.9194945982, -18.643708253500002 ], [ 26.917915308800001, -18.643698262699999 ], [ 26.916137925299999, -18.643109963 ], [ 26.915790934899999, -18.6428553919 ], [ 26.914796837, -18.642346977799999 ], [ 26.9134685822, -18.641012007400001 ], [ 26.912619560300001, -18.6393310646 ], [ 26.912333409599999, -18.6374697412 ], [ 26.912638319300001, -18.6356113987 ], [ 26.913504252199999, -18.633939104700001 ], [ 26.9144639451, -18.6329938228 ], [ 26.9116405503, -18.620179954099999 ], [ 26.911509271, -18.618555472899999 ], [ 26.911820003199999, -18.616955592099998 ], [ 26.912549820300001, -18.615498354900001 ], [ 26.9251776505, -18.597061722700001 ], [ 26.929220252099999, -18.582555917200001 ], [ 26.929983160799999, -18.580875568900002 ], [ 26.930838550299999, -18.579929277600002 ], [ 26.930929995700001, -18.5796308768 ], [ 26.931595138700001, -18.578182706700002 ], [ 26.932563632800001, -18.577025725599999 ], [ 26.932265628100001, -18.5767144832 ], [ 26.9314373506, -18.574925583300001 ], [ 26.931233551, -18.572964799699999 ], [ 26.9319726819, -18.560953923300001 ], [ 26.930789943699999, -18.56010831 ], [ 26.929675123199999, -18.558598416799999 ], [ 26.9290813422, -18.55681796 ], [ 26.929066702299998, -18.554941157399998 ], [ 26.929632635899999, -18.553151654299999 ], [ 26.9307237664, -18.551624553700002 ], [ 26.9322333267, -18.5505092824 ], [ 26.934013606099999, -18.5499149698 ], [ 26.937346939400001, -18.549359414200001 ], [ 26.9391374207, -18.549331901599999 ], [ 26.9408562805, -18.549833998099999 ], [ 26.942350417299998, -18.550820981099999 ], [ 26.9434867457, -18.552204938500001 ], [ 26.944084231200002, -18.553667245100002 ], [ 26.9460166149, -18.554633436900001 ], [ 26.946270075, -18.554779099400001 ], [ 26.947689325900001, -18.550750258200001 ], [ 26.947048741100001, -18.549983374100002 ], [ 26.9463436363, -18.548145372099999 ], [ 26.946271365099999, -18.546178089400001 ], [ 26.946839707799999, -18.5442933054 ], [ 26.9479874817, -18.542693918299999 ], [ 26.949591128200002, -18.541552103200001 ], [ 26.951478013799999, -18.540990777200001 ], [ 26.9518510877, -18.540944142899999 ], [ 26.9523321912, -18.5405164953 ], [ 26.95382692, -18.538167635899999 ], [ 26.954088888899999, -18.5377888889 ], [ 26.9549222222, -18.536677777800001 ], [ 26.9562305418, -18.5353984164 ], [ 26.957863632799999, -18.534572898699999 ], [ 26.9596695967, -18.534278008600001 ], [ 26.961480455499998, -18.534541174600001 ], [ 26.9631277758, -18.535337919 ], [ 26.964458335500002, -18.5365941341 ], [ 26.96640278, -18.539094134100001 ], [ 26.967320797900001, -18.540770092599999 ], [ 26.967665299499998, -18.5426496969 ], [ 26.9674013407, -18.544542292900001 ], [ 26.9629568963, -18.5589867373 ], [ 26.962189135, -18.560588195800001 ], [ 26.960986199400001, -18.561894745699998 ], [ 26.959281631300001, -18.56326787 ], [ 26.9606876002, -18.564188140500001 ], [ 26.982583643200002, -18.5665341451 ], [ 26.9831211413, -18.566616515900002 ], [ 26.988916368600002, -18.567775561400001 ], [ 26.988965229200002, -18.5677564364 ], [ 26.989125325300002, -18.567745533899998 ], [ 26.9900577688, -18.566917449599998 ], [ 26.9916745851, -18.566178288500002 ], [ 26.9934370237, -18.565945340500001 ], [ 26.995190359199999, -18.566239056200001 ], [ 26.9961156942, -18.566701398300001 ], [ 26.9973606147, -18.564087065199999 ], [ 26.998443232100001, -18.562517966400002 ], [ 26.9999634138, -18.561367671 ], [ 27.0017677001, -18.560752299099999 ], [ 27.003673951900002, -18.560733971499999 ], [ 27.005489736600001, -18.561314538200001 ], [ 27.0070317542, -18.562435392099999 ], [ 27.008144340899999, -18.563983385099998 ], [ 27.008977674299999, -18.565650051799999 ], [ 27.009520138399999, -18.56729247 ], [ 27.0095715287, -18.5690213898 ], [ 27.009127574499999, -18.5706931283 ], [ 27.008364026799999, -18.5719416944 ], [ 27.0097735931, -18.5756418058 ], [ 27.010161742800001, -18.577534750400002 ], [ 27.009928086599999, -18.5794529016 ], [ 27.009096859300001, -18.58119731 ], [ 27.008534355399998, -18.5817795693 ], [ 27.008104948900002, -18.583038438500001 ], [ 27.0070563178, -18.5844842128 ], [ 27.0068240194, -18.584658801300002 ], [ 27.007053541800001, -18.589708293499999 ], [ 27.012839603900002, -18.6027269332 ], [ 27.0193656348, -18.6029227141 ], [ 27.019366580700002, -18.602860419799999 ], [ 27.0199737097, -18.601084096299999 ], [ 27.020680116800001, -18.6001422201 ], [ 27.0199306126, -18.5994444934 ], [ 27.018981697, -18.597578718699999 ], [ 27.0187314601, -18.595500513200001 ], [ 27.0188657938, -18.5930825061 ], [ 27.015644283899999, -18.589682023400002 ], [ 27.0144262088, -18.587776558 ], [ 27.014, -18.585555555599999 ], [ 27.014, -18.585277777799998 ], [ 27.014259269699998, -18.583533067 ], [ 27.015014671900001, -18.581939139799999 ], [ 27.016200922199999, -18.580633748499999 ], [ 27.017715501200001, -18.579729709199999 ], [ 27.022437723399999, -18.577785264700001 ], [ 27.024276068500001, -18.5773499441 ], [ 27.026158645100001, -18.5775078128 ], [ 27.027898815499999, -18.578243219899999 ], [ 27.0293240606, -18.5794832576 ], [ 27.0302930824, -18.581104989300002 ], [ 27.030600517900002, -18.581873578100002 ], [ 27.033277584899999, -18.585767493700001 ], [ 27.034162832500002, -18.5877464768 ], [ 27.03423541, -18.589011589399998 ], [ 27.0374689991, -18.592127593499999 ], [ 27.038156544300001, -18.592091584599999 ], [ 27.040020741399999, -18.592610754100001 ], [ 27.042829215800001, -18.593910973700002 ], [ 27.0433184973, -18.5936373079 ], [ 27.0443550004, -18.592499310800001 ], [ 27.046112552299999, -18.5915455385 ], [ 27.047450009599999, -18.591326462 ], [ 27.0512377495, -18.589207895600001 ], [ 27.053706487700001, -18.588462117500001 ], [ 27.057317598800001, -18.588184339800002 ], [ 27.057492386900002, -18.5881734578 ], [ 27.063325720200002, -18.587895680100001 ], [ 27.064684423700001, -18.587985669399998 ], [ 27.067739979300001, -18.588541225 ], [ 27.069638984899999, -18.589232408 ], [ 27.0712008012, -18.590514861199999 ], [ 27.078423023399999, -18.5988481945 ], [ 27.079658032600001, -18.601129451 ], [ 27.079956658699999, -18.602174642600001 ], [ 27.082075425700001, -18.601502838399998 ], [ 27.0838828063, -18.601222225299999 ], [ 27.0856907521, -18.601499173299999 ], [ 27.087331256399999, -18.602307946500002 ], [ 27.088651872100002, -18.603573388 ], [ 27.089529878600001, -18.605177904400001 ], [ 27.0898836854, -18.606972392900001 ], [ 27.0896804144, -18.608790097300002 ], [ 27.088938954900001, -18.610462103900002 ], [ 27.0877282085, -18.611833038299999 ], [ 27.086160686, -18.612775504 ], [ 27.085304663399999, -18.613125695099999 ], [ 27.0850736551, -18.613824442399999 ], [ 27.0840331044, -18.615284394500001 ], [ 27.082607663200001, -18.616371741399998 ], [ 27.080924599599999, -18.6169894007 ], [ 27.070795499500001, -18.619061262100001 ], [ 27.070562444699998, -18.619156602699999 ], [ 27.071419172199999, -18.6202583271 ], [ 27.072058048399999, -18.622259353899999 ], [ 27.071968049599999, -18.624357965600002 ], [ 27.0711602063, -18.62629695 ], [ 27.0581025635, -18.6466367397 ], [ 27.0597199895, -18.653308622099999 ], [ 27.0598635835, -18.655272699200001 ], [ 27.059363533799999, -18.657177474299999 ], [ 27.0582737101, -18.658817749400001 ], [ 27.0567115172, -18.660016820399999 ], [ 27.054845247399999, -18.660645513399999 ], [ 27.052875950699999, -18.6606361005 ], [ 27.051015776100002, -18.659989595700001 ], [ 27.0457001885, -18.657090184299999 ], [ 27.026245479899998, -18.653155524100001 ], [ 27.027665559199999, -18.6555587352 ], [ 27.028375667500001, -18.657395985 ], [ 27.028452551800001, -18.659364189600002 ], [ 27.0284242223, -18.65945887 ], [ 27.028680997199999, -18.6608711318 ], [ 27.028671442099999, -18.6608728691 ], [ 27.029055555599999, -18.6625 ], [ 27.029055555599999, -18.6630555556 ], [ 27.028777724299999, -18.664860212099999 ], [ 27.0279699604, -18.666497738699999 ], [ 27.026707071400001, -18.667816483199999 ], [ 27.0251060139, -18.668694316100002 ], [ 27.025071748799999, -18.668706776200001 ], [ 27.0256333333, -18.669455555599999 ], [ 27.026495630399999, -18.671071017399999 ], [ 27.026830504500001, -18.672871332 ], [ 27.0266067632, -18.674688806300001 ], [ 27.025845247199999, -18.6763541491 ], [ 27.0247982052, -18.677511773900001 ], [ 27.0249816601, -18.677564189600002 ], [ 27.026737714599999, -18.678392666600001 ], [ 27.0281372452, -18.679738555 ], [ 27.0290336859, -18.681460906800002 ], [ 27.029333156900002, -18.683379348500001 ], [ 27.029004296099998, -18.685292971300001 ], [ 27.028081543599999, -18.687001370899999 ], [ 27.026715897100001, -18.688274937900001 ], [ 27.0267209095, -18.688288396499999 ], [ 27.026781632100001, -18.69023041 ], [ 27.026735655900001, -18.690382259 ], [ 27.0268244626, -18.690784967500001 ], [ 27.0266144408, -18.692716974300001 ], [ 27.025499195199998, -18.696731858300002 ], [ 27.0291634079, -18.694560473 ], [ 27.0307798981, -18.69389816 ], [ 27.032518653299999, -18.693729549299999 ], [ 27.034232280200001, -18.694068934099999 ], [ 27.046440860699999, -18.698409762699999 ], [ 27.054163716800002, -18.700288295299998 ], [ 27.0551824428, -18.699732626599999 ], [ 27.0569654558, -18.6990998574 ], [ 27.0588568591, -18.699053748 ], [ 27.060668587599999, -18.699598883099998 ], [ 27.0622204985, -18.700681059099999 ], [ 27.063358283100001, -18.702192673700001 ], [ 27.0636046863, -18.702658101899999 ], [ 27.0654560674, -18.7029747855 ], [ 27.067122081200001, -18.703519507100001 ], [ 27.068559579399999, -18.7045224642 ], [ 27.069645882300001, -18.705898062100001 ], [ 27.0745651784, -18.7144533598 ], [ 27.077721912499999, -18.714883823499999 ], [ 27.078000229600001, -18.7149186131 ], [ 27.0782291419, -18.7148263819 ], [ 27.083096240900002, -18.7034698175 ], [ 27.084125772699998, -18.701848143300001 ], [ 27.085615022199999, -18.700634924799999 ], [ 27.087411351, -18.699954509 ], [ 27.107039818099999, -18.695948699399999 ], [ 27.122869252099999, -18.685784536500002 ], [ 27.123176512699999, -18.6855999661 ], [ 27.152898734899999, -18.668933299500001 ], [ 27.154924584500002, -18.668235884600001 ], [ 27.156045659499998, -18.668064107 ], [ 27.159036768, -18.659193923099998 ], [ 27.1595187036, -18.658123906 ], [ 27.167642004, -18.643973640900001 ], [ 27.167670083800001, -18.643833241799999 ], [ 27.1679186657, -18.641347422100001 ], [ 27.168348359700001, -18.639641720699998 ], [ 27.169254239800001, -18.638133929 ], [ 27.170558449200001, -18.636953635800001 ], [ 27.171149546, -18.636674391900002 ], [ 27.171807385299999, -18.6361481205 ], [ 27.173475922200002, -18.635205267500002 ], [ 27.1753566388, -18.634836631599999 ], [ 27.177257650400001, -18.6350798237 ], [ 27.177889826099999, -18.635383663 ], [ 27.1802929726, -18.635726969699999 ], [ 27.181068917899999, -18.635890761 ], [ 27.1984501323, -18.6407792276 ], [ 27.2060976022, -18.641834051 ], [ 27.208050172699998, -18.642456704 ], [ 27.2096792796, -18.643700182700002 ], [ 27.21079485, -18.6454194067 ], [ 27.2112667269, -18.647413789 ], [ 27.211039855100001, -18.649450638899999 ], [ 27.210569985900001, -18.651069077399999 ], [ 27.212714013100001, -18.651222222200001 ], [ 27.2133333333, -18.651222222200001 ], [ 27.215141814199999, -18.651501261 ], [ 27.216782083, -18.6523124233 ], [ 27.218101573399998, -18.6535802603 ], [ 27.218977555799999, -18.655186846900001 ], [ 27.219328552499999, -18.656982749800001 ], [ 27.219121916300001, -18.6588009267 ], [ 27.218288582900001, -18.661856482200001 ], [ 27.217582923, -18.663465864 ], [ 27.216441251900001, -18.664801773099999 ], [ 27.214961501800001, -18.665749615599999 ], [ 27.213270605, -18.666228086 ], [ 27.211513606099999, -18.666196141299999 ], [ 27.209846939399998, -18.665918363500001 ], [ 27.2073459042, -18.6648824008 ], [ 27.206942862399998, -18.664594513800001 ], [ 27.193706740300001, -18.673812527399999 ], [ 27.191186526599999, -18.6748196709 ], [ 27.165082756099999, -18.678819442199998 ], [ 27.162464183, -18.686584866099999 ], [ 27.159481209300001, -18.700686196 ], [ 27.159181971300001, -18.701672788500002 ], [ 27.1580708601, -18.7044505663 ], [ 27.1571315158, -18.7060365454 ], [ 27.155755046700001, -18.707262526800001 ], [ 27.1540713648, -18.708012801900001 ], [ 27.152239376699999, -18.7082165592 ], [ 27.139461598899999, -18.707661003599998 ], [ 27.1393739731, -18.707656551700001 ], [ 27.1209287127, -18.7065841529 ], [ 27.128581967199999, -18.7079872495 ], [ 27.129351028199999, -18.708181552 ], [ 27.139628806, -18.711514885300002 ], [ 27.140911391300001, -18.712105537100001 ], [ 27.1420204185, -18.712979581500001 ], [ 27.1464648629, -18.717424026 ], [ 27.147535883500002, -18.718880091 ], [ 27.1481246582, -18.7205890541 ], [ 27.148177752399999, -18.722395816700001 ], [ 27.147690347400001, -18.724136404799999 ], [ 27.146706678099999, -18.725652849700001 ], [ 27.142262233699999, -18.7306528497 ], [ 27.140475846499999, -18.732025810700002 ], [ 27.138309016499999, -18.732643102499999 ], [ 27.133374744, -18.733081704500002 ], [ 27.138190326299998, -18.736492742 ], [ 27.1396613643, -18.7379822959 ], [ 27.1405310996, -18.739886576300002 ], [ 27.140693648799999, -18.741973751700002 ], [ 27.140129222700001, -18.7439897245 ], [ 27.135845027399998, -18.752896340900001 ], [ 27.167019278800002, -18.730152862 ], [ 27.169455861, -18.7291016382 ], [ 27.187545226400001, -18.7257290447 ], [ 27.197977633400001, -18.705072878799999 ], [ 27.1993162787, -18.703320954700001 ], [ 27.201197361399998, -18.702170851399998 ], [ 27.207030694699998, -18.6999486291 ], [ 27.208638729699999, -18.699578827100002 ], [ 27.210286690299998, -18.699661020200001 ], [ 27.211363416899999, -18.7000246721 ], [ 27.211811781400002, -18.699639382299999 ], [ 27.213452373900001, -18.698925252900001 ], [ 27.2152305987, -18.698726655200002 ], [ 27.222452821, -18.699004433 ], [ 27.224347577, -18.6993890404 ], [ 27.226021649, -18.700356256199999 ], [ 27.228572129, -18.7024430126 ], [ 27.235787581699999, -18.6985947712 ], [ 27.2378311485, -18.6979398 ], [ 27.239974488800001, -18.698045841599999 ], [ 27.256641155499999, -18.7019347305 ], [ 27.258526505399999, -18.702733397900001 ], [ 27.260033521699999, -18.704119513199998 ], [ 27.2655890773, -18.711341735400001 ], [ 27.2665137587, -18.713067962699999 ], [ 27.266833333299999, -18.715 ], [ 27.266833333299999, -18.718055555599999 ], [ 27.266536366099999, -18.7199198026 ], [ 27.265674860899999, -18.721599509600001 ], [ 27.264334097399999, -18.722928403899999 ], [ 27.2626467965, -18.723774939399998 ], [ 27.253294545100001, -18.726740287399998 ], [ 27.2449295013, -18.739520215399999 ], [ 27.241845785199999, -18.749542292899999 ], [ 27.240836141100001, -18.7514756273 ], [ 27.234096149100001, -18.760087839400001 ], [ 27.240602633400002, -18.7579190113 ], [ 27.242228113500001, -18.757617274499999 ], [ 27.243874236, -18.7577706081 ], [ 27.248596458200002, -18.758881719200001 ], [ 27.250013511100001, -18.759548914700002 ], [ 27.260758653, -18.739201731200001 ], [ 27.263916518599999, -18.7270965797 ], [ 27.2646712198, -18.7253726894 ], [ 27.2659227955, -18.723967367299998 ], [ 27.281200573300001, -18.711467367299999 ], [ 27.282750742099999, -18.710548662099999 ], [ 27.284503784200002, -18.710131665500001 ], [ 27.286301582699998, -18.710253988800002 ], [ 27.2888015827, -18.710809544300002 ], [ 27.291248170300001, -18.7119814538 ], [ 27.315772770599999, -18.7316011341 ], [ 27.327730666400001, -18.7377129475 ], [ 27.329398056700001, -18.738974244800001 ], [ 27.3305314421, -18.7407310882 ], [ 27.330993208799999, -18.742770164700001 ], [ 27.3312709866, -18.748603498 ], [ 27.3310715006, -18.750448624600001 ], [ 27.330317702399999, -18.752144524 ], [ 27.329081711200001, -18.753528941700001 ], [ 27.327481780100001, -18.754469424100002 ], [ 27.3256709819, -18.7548759909 ], [ 27.324298622899999, -18.754752560699998 ], [ 27.314881910099999, -18.773115150599999 ], [ 27.311813886500001, -18.7881995999 ], [ 27.3113334755, -18.803092342799999 ], [ 27.3117557916, -18.802935221599999 ], [ 27.3139780138, -18.802657443899999 ], [ 27.3162622298, -18.802812113200002 ], [ 27.318322222199999, -18.8038111111 ], [ 27.3191857182, -18.804458733099999 ], [ 27.3203091968, -18.805132820200001 ], [ 27.321611874199998, -18.806187428800001 ], [ 27.322572016500001, -18.8075612172 ], [ 27.323114701200002, -18.8091469855 ], [ 27.323197581500001, -18.810820992299998 ], [ 27.3229198037, -18.8138765478 ], [ 27.322361607600001, -18.8159129348 ], [ 27.3218224807, -18.817045101200002 ], [ 27.322388888900001, -18.819444444399998 ], [ 27.322388888900001, -18.819722222199999 ], [ 27.3220422634, -18.8217320372 ], [ 27.321042436799999, -18.823509634499999 ], [ 27.319504930800001, -18.824849627300001 ], [ 27.317607391700001, -18.8255971904 ], [ 27.3155690645, -18.825665949 ], [ 27.315291768600002, -18.8256277013 ], [ 27.314161534499998, -18.826381190700001 ], [ 27.312481660100001, -18.8271580326 ], [ 27.311889391299999, -18.827327252300002 ], [ 27.3116287651, -18.827640003700001 ], [ 27.3090201246, -18.831031236299999 ], [ 27.307769956600001, -18.832849662499999 ], [ 27.309561126799998, -18.838044055899999 ], [ 27.309830939400001, -18.839168112900001 ], [ 27.311775383800001, -18.8530570018 ], [ 27.3116541883, -18.8553441026 ], [ 27.310820855, -18.858677436 ], [ 27.310201642500001, -18.860212693 ], [ 27.309186463900001, -18.861520305500001 ], [ 27.307852597899998, -18.862500733899999 ], [ 27.306301582700002, -18.863079344599999 ], [ 27.301301582699999, -18.864190455700001 ], [ 27.2994774955, -18.8643105391 ], [ 27.297701909899999, -18.863875786 ], [ 27.286371191899999, -18.859177683399999 ], [ 27.275109136699999, -18.854782735099999 ], [ 27.274912176699999, -18.8548423933 ], [ 27.272889511, -18.854751386099998 ], [ 27.27101228, -18.853992793700002 ], [ 27.269494251099999, -18.852653000099998 ], [ 27.269073633600001, -18.8518985786 ], [ 27.269005123500001, -18.851798122799998 ], [ 27.268837132400002, -18.851829074699999 ], [ 27.267118723199999, -18.851644768500002 ], [ 27.2655241366, -18.850978290899999 ], [ 27.264619134899998, -18.850435289899998 ], [ 27.2545538014, -18.852036592899999 ], [ 27.2536111111, -18.852111111100001 ], [ 27.2530555556, -18.852111111100001 ], [ 27.251386026399999, -18.851874154800001 ], [ 27.249848365799998, -18.851182002 ], [ 27.248564026499999, -18.850089322599999 ], [ 27.240127177800002, -18.8405638483 ], [ 27.229867650399999, -18.830844296 ], [ 27.2180740692, -18.820705954299999 ], [ 27.2155250759, -18.821857112499998 ], [ 27.213691407, -18.822355101500001 ], [ 27.2117939705, -18.822254756500001 ], [ 27.210023054600001, -18.8215661409 ], [ 27.208556259400002, -18.8203583138 ], [ 27.207540685400001, -18.8187524047 ], [ 27.204737561, -18.812211781199998 ], [ 27.203197253500001, -18.811356054800001 ], [ 27.201612216499999, -18.810080991100001 ], [ 27.200842537500002, -18.8088331029 ], [ 27.200041066499999, -18.809273067199999 ], [ 27.198102133599999, -18.8096109303 ], [ 27.196681638499999, -18.8093860711 ], [ 27.1962163846, -18.809537241200001 ], [ 27.195496303300001, -18.809537241200001 ], [ 27.192457049400002, -18.810642424400001 ], [ 27.191367533899999, -18.811669745700001 ], [ 27.1894946936, -18.812491517 ], [ 27.187454639799999, -18.8126364992 ], [ 27.185484406499999, -18.812087846699999 ], [ 27.183812914899999, -18.810909307399999 ], [ 27.176934777100001, -18.804031169600002 ], [ 27.176220392, -18.8038364654 ], [ 27.174758122299998, -18.802932733 ], [ 27.174023911399999, -18.802111868600001 ], [ 27.172955697300001, -18.802336755799999 ], [ 27.172923719, -18.802720495100001 ], [ 27.1728015668, -18.803523805 ], [ 27.172246011199999, -18.806023805 ], [ 27.171279971299999, -18.808197465 ], [ 27.167659802399999, -18.813292517600001 ], [ 27.1679947521, -18.8133855592 ], [ 27.169665763800001, -18.814140525900001 ], [ 27.1710307287, -18.815364914 ], [ 27.1719621644, -18.816944370400002 ], [ 27.172373078500001, -18.818731380399999 ], [ 27.1722250935, -18.820559044300001 ], [ 27.1715320305, -18.822256665800001 ], [ 27.1703586187, -18.823665693799999 ], [ 27.163619818400001, -18.829611694099999 ], [ 27.163775754100001, -18.8332501933 ], [ 27.1647065272, -18.832939935599999 ], [ 27.180709453, -18.827210493 ], [ 27.1809085778, -18.8269989229 ], [ 27.183171037099999, -18.825493136 ], [ 27.185393259400001, -18.824659802700001 ], [ 27.1875, -18.824277777799999 ], [ 27.190277777799999, -18.824277777799999 ], [ 27.192175687599999, -18.824585859100001 ], [ 27.193878694, -18.825478465100002 ], [ 27.195211908600001, -18.826863930599998 ], [ 27.196038418699999, -18.828599976900001 ], [ 27.1962733469, -18.830508323 ], [ 27.195892567400001, -18.832392993500001 ], [ 27.1949351839, -18.8340604445 ], [ 27.193499513900001, -18.835339439199998 ], [ 27.1917329915, -18.836098632799999 ], [ 27.190909744, -18.836304444700001 ], [ 27.187470539700001, -18.8375357647 ], [ 27.1852025333, -18.839945521499999 ], [ 27.1845815036, -18.840518546199998 ], [ 27.176248170299999, -18.847185212900001 ], [ 27.1749519884, -18.847976107499999 ], [ 27.1563408773, -18.8563094408 ], [ 27.155577730299999, -18.856590747199999 ], [ 27.138577703700001, -18.861577421700002 ], [ 27.138463302400002, -18.8626070336 ], [ 27.137978967, -18.8643900366 ], [ 27.136975091499998, -18.8659411376 ], [ 27.135546867799999, -18.8671132544 ], [ 27.133829726599998, -18.8677952416 ], [ 27.127718615500001, -18.869184130499999 ], [ 27.127375282799999, -18.869251696900001 ], [ 27.1223752828, -18.870085030199998 ], [ 27.121195441099999, -18.870163547400001 ], [ 27.112868391599999, -18.869894932899999 ], [ 27.108707603100001, -18.870154982100001 ], [ 27.107900749100001, -18.870086067700001 ], [ 27.107633675500001, -18.870544916 ], [ 27.106018910100001, -18.871883804799999 ], [ 27.104041949500001, -18.8725850302 ], [ 27.102375282800001, -18.872862808 ], [ 27.101388888900001, -18.872944444400002 ], [ 27.0975, -18.872944444400002 ], [ 27.095775912699999, -18.872691402200001 ], [ 27.0929981349, -18.871858068800002 ], [ 27.092358706399999, -18.871625981299999 ], [ 27.088469817499998, -18.869959314599999 ], [ 27.087623020799999, -18.869513358900001 ], [ 27.079908143200001, -18.864627269700001 ], [ 27.075602633399999, -18.863192099799999 ], [ 27.075026992800002, -18.862966647499999 ], [ 27.065059495700002, -18.8584575418 ], [ 27.062382891399999, -18.864201088600002 ], [ 27.0618935585, -18.865058756100002 ], [ 27.044949114, -18.889780978299999 ], [ 27.0430523759, -18.891554448099999 ], [ 27.0376999669, -18.894717235200002 ], [ 27.035889233799999, -18.8966788627 ], [ 27.0351791185, -18.8989867373 ], [ 27.0344337276, -18.900554946900002 ], [ 27.0332704996, -18.901844051099999 ], [ 27.031786851300001, -18.902746091400001 ], [ 27.0312777778, -18.902879262900001 ], [ 27.0312777778, -18.903470778500001 ], [ 27.031525433100001, -18.904213744500002 ], [ 27.031833317, -18.906097125300001 ], [ 27.031534216600001, -18.907981921 ], [ 27.030658390199999, -18.909677457499999 ], [ 27.026145685500001, -18.9157828815 ], [ 27.025209458900001, -18.917421278100001 ], [ 27.024242640699999, -18.9186870851 ], [ 27.023964862900002, -18.918964862900001 ], [ 27.022358330900001, -18.920112113799998 ], [ 27.020557412100001, -18.920648777499999 ], [ 27.019972495099999, -18.9209468076 ], [ 27.019452511699999, -18.9212289759 ], [ 27.019402189600001, -18.921237392799998 ], [ 27.019354102, -18.921261894699999 ], [ 27.0175, -18.921555555600001 ], [ 27.017222222200001, -18.921555555600001 ], [ 27.0153681203, -18.921261894699999 ], [ 27.0136955107, -18.920409657499999 ], [ 27.0123681203, -18.919082267099999 ], [ 27.0115158831, -18.917409657499999 ], [ 27.011320537700001, -18.916176295 ], [ 27.0105520796, -18.915298057200001 ], [ 27.0003316506, -18.912445844499999 ], [ 26.999176328, -18.911989967499998 ], [ 26.992616346399998, -18.908578777 ], [ 26.974692213699999, -18.902332488300001 ], [ 26.973836753200001, -18.9019573745 ], [ 26.961892308700001, -18.895568485599998 ], [ 26.960681282199999, -18.894712955799999 ], [ 26.957501150100001, -18.891815502099998 ], [ 26.9558028537, -18.8929682236 ], [ 26.951882827599999, -18.894738558 ], [ 26.953112173200001, -18.8948646447 ], [ 26.954916819699999, -18.895341613900001 ], [ 26.956487555, -18.896350097300001 ], [ 26.957672356100002, -18.8977924894 ], [ 26.958356552400002, -18.899529188500001 ], [ 26.9584739242, -18.901392108900001 ], [ 26.958013111500001, -18.903200948399999 ], [ 26.9570187142, -18.904780639 ], [ 26.956451097599999, -18.9052554509 ], [ 26.9553401973, -18.9082178518 ], [ 26.9550249497, -18.908918437400001 ], [ 26.952524949699999, -18.9136406597 ], [ 26.951083233599999, -18.915426000499998 ], [ 26.949076738700001, -18.9165395377 ], [ 26.937965627499999, -18.920150648900002 ], [ 26.9365960063, -18.920424818699999 ], [ 26.926318228500001, -18.921258152099998 ], [ 26.925833333300002, -18.9212777778 ], [ 26.925644824900001, -18.9212777778 ], [ 26.9242575265, -18.922033137 ], [ 26.923165966599999, -18.922247112499999 ], [ 26.922723943, -18.922568261399999 ], [ 26.9209386068, -18.9231483523 ], [ 26.9190613932, -18.9231483523 ], [ 26.917276057, -18.922568261399999 ], [ 26.915757359299999, -18.921464862899999 ], [ 26.915724554800001, -18.921432058400001 ], [ 26.912317309199999, -18.9199413885 ], [ 26.912280574099999, -18.919917233 ], [ 26.9103789903, -18.9194032915 ], [ 26.908602929299999, -18.918594511199998 ], [ 26.907751255600001, -18.917794666300001 ], [ 26.907028603899999, -18.917139693 ], [ 26.906123389499999, -18.915629433900001 ], [ 26.905782250800002, -18.914267532099998 ], [ 26.9031016777, -18.911586959099999 ], [ 26.901619588799999, -18.912080988700001 ], [ 26.899722924500001, -18.912388888799999 ], [ 26.897826188100002, -18.912081432699999 ], [ 26.8961239078, -18.9111901526 ], [ 26.894790668500001, -18.9098064579 ], [ 26.8945875253, -18.909380709600001 ], [ 26.8935272897, -18.908186653400001 ], [ 26.892765732899999, -18.906353348900002 ], [ 26.8926440784, -18.904371891299999 ], [ 26.893061897799999, -18.9004026072 ], [ 26.8927902561, -18.899788547099998 ], [ 26.892512478299999, -18.898677436 ], [ 26.892333333300002, -18.8972222222 ], [ 26.892333333300002, -18.896944444399999 ], [ 26.892393636400001, -18.896095916299998 ], [ 26.892671414100001, -18.894151471899999 ], [ 26.8928225282, -18.8934212956 ], [ 26.892850182899998, -18.893319894899999 ], [ 26.892841069300001, -18.893265213100001 ], [ 26.8926889924, -18.892961059400001 ], [ 26.892058483100001, -18.890465186299998 ], [ 26.892034665099999, -18.8897030115 ], [ 26.891571770799999, -18.888406907299998 ], [ 26.891454149299999, -18.887727853499999 ], [ 26.885433494299999, -18.886756780100001 ], [ 26.88479795, -18.886618565700001 ], [ 26.873686838899999, -18.883563010100001 ], [ 26.871619513199999, -18.882533521700001 ], [ 26.868008402099999, -18.879755743899999 ], [ 26.867216210900001, -18.8787946787 ], [ 26.8633785018, -18.875764908400001 ], [ 26.8465373891, -18.871360309699998 ], [ 26.8459917367, -18.8711070787 ], [ 26.830486762300001, -18.872369111499999 ], [ 26.830089542300001, -18.8723882207 ], [ 26.811478431200001, -18.8726659985 ], [ 26.810803460300001, -18.872638037800002 ], [ 26.796636793699999, -18.871249148899999 ], [ 26.795616359, -18.8710588852 ], [ 26.792718685800001, -18.870253976 ], [ 26.788593928800001, -18.872128865499999 ], [ 26.788547941899999, -18.872149536 ], [ 26.786047941900001, -18.8732606471 ], [ 26.784912693900001, -18.873634900100001 ], [ 26.7824126939, -18.874190455699999 ], [ 26.780802003200002, -18.874325365699999 ], [ 26.779213744500002, -18.874025433100002 ], [ 26.776820376, -18.8732276436 ], [ 26.776171371, -18.8734330845 ], [ 26.774294211499999, -18.873418834100001 ], [ 26.772513330300001, -18.8728252071 ], [ 26.771003052499999, -18.871710311600001 ], [ 26.770395347899999, -18.870860384 ], [ 26.7696271895, -18.870201962500001 ], [ 26.7691898538, -18.870027028199999 ], [ 26.7680555556, -18.870166666700001 ], [ 26.767777777799999, -18.870166666700001 ], [ 26.7660121949, -18.869901012100001 ], [ 26.764402957200002, -18.8691275724 ], [ 26.763092564899999, -18.867914837 ], [ 26.760440767199999, -18.8646000898 ], [ 26.759603760200001, -18.8648461499 ], [ 26.752659315799999, -18.865679483299999 ], [ 26.751944444399999, -18.865722222199999 ], [ 26.750231467, -18.865722222199999 ], [ 26.7489394915, -18.866680416499999 ], [ 26.747281653, -18.867273600600001 ], [ 26.745523008300001, -18.867359997200001 ], [ 26.743815010500001, -18.8669321661 ], [ 26.742304751399999, -18.866026951599999 ], [ 26.7411222934, -18.864722310299999 ], [ 26.740369469099999, -18.863130597 ], [ 26.740111111099999, -18.861388888899999 ], [ 26.740111111099999, -18.861111111100001 ], [ 26.740540251, -18.858882767099999 ], [ 26.7416466689, -18.856116722300001 ], [ 26.7415778813, -18.8560166149 ], [ 26.741022325700001, -18.854905503800001 ], [ 26.739355659099999, -18.851572170499999 ], [ 26.7392393529, -18.8513257197 ], [ 26.738128241799998, -18.848825719699999 ], [ 26.737631836599999, -18.846887161800002 ], [ 26.737419171900001, -18.8443351861 ], [ 26.736293993, -18.841184685 ], [ 26.736041225, -18.840239979300001 ], [ 26.734374558300001, -18.831073312600001 ], [ 26.734364756400002, -18.830784844299998 ], [ 26.7343024185, -18.8305432145 ], [ 26.734236367400001, -18.8298166527 ] ], [ [ 26.837697738399999, -18.850930021700002 ], [ 26.848922391199999, -18.858828851399998 ], [ 26.852882313, -18.8585065322 ], [ 26.872655373499999, -18.853360119200001 ], [ 26.873393175299999, -18.853216733 ], [ 26.8847372442, -18.851742004 ], [ 26.881440308599998, -18.842881489500002 ], [ 26.860508477700002, -18.849858766499999 ], [ 26.859123518, -18.850144746600002 ], [ 26.849401295700002, -18.850978079899999 ], [ 26.847089324799999, -18.8507237723 ], [ 26.845864069200001, -18.8500549253 ], [ 26.844464692700001, -18.8501423863 ], [ 26.838276035100002, -18.850949602499998 ], [ 26.837697738399999, -18.850930021700002 ] ], [ [ 26.896454062, -18.848820742699999 ], [ 26.898789051600001, -18.849915269 ], [ 26.9010772703, -18.849617800600001 ], [ 26.914833333299999, -18.8473870877 ], [ 26.914833333299999, -18.8463749553 ], [ 26.9115653872, -18.837738240499998 ], [ 26.910106993500001, -18.835512271100001 ], [ 26.908977999299999, -18.834148069899999 ], [ 26.895101172699999, -18.839976337100001 ], [ 26.8936414169, -18.8403819631 ], [ 26.893330859199999, -18.840427135100001 ], [ 26.896454062, -18.848820742699999 ] ], [ [ 26.9219212486, -18.869377149599998 ], [ 26.920540109200001, -18.87369321 ], [ 26.921614440799999, -18.8775608035 ], [ 26.921828008799999, -18.8794193833 ], [ 26.921458772800001, -18.881253394 ], [ 26.920542629900002, -18.882884532399999 ], [ 26.9177128121, -18.886468968300001 ], [ 26.918429719700001, -18.886813083900002 ], [ 26.919767748400002, -18.8876922798 ], [ 26.920825635100002, -18.888894021 ], [ 26.921844367399999, -18.890422119499998 ], [ 26.923411111099998, -18.892511111099999 ], [ 26.9242312939, -18.894010267199999 ], [ 26.924595591100001, -18.895679835 ], [ 26.924474452399998, -18.897384386 ], [ 26.923877704100001, -18.898985654299999 ], [ 26.922853751800002, -18.900353751800001 ], [ 26.921160807, -18.902046696599999 ], [ 26.919034367799998, -18.909312030599999 ], [ 26.919738993700001, -18.90950247 ], [ 26.920653748399999, -18.908206567499999 ], [ 26.9214858749, -18.907257846 ], [ 26.9243893865, -18.904577681500001 ], [ 26.925310611899999, -18.902919475699999 ], [ 26.925755555599999, -18.9022333333 ], [ 26.9265888889, -18.901122222200001 ], [ 26.927660499, -18.900093891499999 ], [ 26.927635751899999, -18.899987658899999 ], [ 26.9270801963, -18.893876547800001 ], [ 26.927210362, -18.891979187099999 ], [ 26.927927794399999, -18.8902178775 ], [ 26.929160413, -18.888769577800002 ], [ 26.929578041300001, -18.888515040200001 ], [ 26.9295555556, -18.8883333333 ], [ 26.9295555556, -18.886051109299999 ], [ 26.926704749700001, -18.881109712499999 ], [ 26.923595251799998, -18.8784444285 ], [ 26.922358557700001, -18.876981714599999 ], [ 26.921645854299999, -18.875203795 ], [ 26.921529776900002, -18.873291866599999 ], [ 26.9219212486, -18.869377149599998 ] ], [ [ 26.941516713799999, -18.905738318099999 ], [ 26.940718462, -18.906608862100001 ], [ 26.940607335700001, -18.906674249200002 ], [ 26.943014461600001, -18.905891933300001 ], [ 26.941516713799999, -18.905738318099999 ] ], [ [ 26.910249591700001, -18.896801473099998 ], [ 26.909672801500001, -18.897762790200002 ], [ 26.909821001600001, -18.898071012900001 ], [ 26.9100749089, -18.8972034964 ], [ 26.910249591700001, -18.896801473099998 ] ], [ [ 26.755382324199999, -18.853266631099999 ], [ 26.756113621, -18.853178875499999 ], [ 26.757146248200002, -18.8521462482 ], [ 26.758547307, -18.8511044388 ], [ 26.760188979399999, -18.850510095 ], [ 26.761932255200001, -18.8504135435 ], [ 26.763629521, -18.8508229597 ], [ 26.765137059200001, -18.851703676 ], [ 26.767914837, -18.853925898300002 ], [ 26.769292055699999, -18.855491754199999 ], [ 26.7700257953, -18.857372002200002 ], [ 26.7704393046, -18.8578888889 ], [ 26.770833333300001, -18.8578888889 ], [ 26.7726874353, -18.858182549799999 ], [ 26.774360044800002, -18.859034786900001 ], [ 26.774586581800001, -18.8592613239 ], [ 26.775006121800001, -18.859429139900001 ], [ 26.776682526, -18.8604444604 ], [ 26.777296962600001, -18.8609711203 ], [ 26.778841811, -18.861252344699999 ], [ 26.781431857299999, -18.8621156934 ], [ 26.781723171100001, -18.862050957 ], [ 26.7836512435, -18.861194036 ], [ 26.789739404599999, -18.85842669 ], [ 26.791755651799999, -18.8579070571 ], [ 26.793828085400001, -18.858107781400001 ], [ 26.798326128100001, -18.859357237699999 ], [ 26.811637620300001, -18.860662286 ], [ 26.829711530899999, -18.8603925261 ], [ 26.830224843900002, -18.860350744800002 ], [ 26.81409678, -18.8543957674 ], [ 26.796180576400001, -18.855434387900001 ], [ 26.794459943500001, -18.855285146500002 ], [ 26.792853105500001, -18.8546519623 ], [ 26.7914932001, -18.853587298899999 ], [ 26.786811784400001, -18.8486829587 ], [ 26.773143517800001, -18.844955249600002 ], [ 26.7712015601, -18.844025158099999 ], [ 26.769713011899999, -18.842469364399999 ], [ 26.7688695762, -18.8404882319 ], [ 26.7679018559, -18.836202613200001 ], [ 26.766698426600001, -18.835130487899999 ], [ 26.765720349199999, -18.8333555251 ], [ 26.761772219499999, -18.8219756218 ], [ 26.761558867400002, -18.8225143491 ], [ 26.7598922008, -18.8261254602 ], [ 26.7586870851, -18.827853751799999 ], [ 26.756958793500001, -18.829058867400001 ], [ 26.747037579400001, -18.8336378893 ], [ 26.7477599027, -18.8376106672 ], [ 26.7489837848, -18.841037537199998 ], [ 26.749312607899999, -18.8425572827 ], [ 26.749506114300001, -18.844879359299998 ], [ 26.750149737600001, -18.8463275117 ], [ 26.751052493, -18.848133022599999 ], [ 26.752627178099999, -18.8488026126 ], [ 26.754043149800001, -18.850035071499999 ], [ 26.755008968199999, -18.8516447688 ], [ 26.755382324199999, -18.853266631099999 ] ], [ [ 26.8707121138, -18.866265694599999 ], [ 26.875106754600001, -18.869735147899998 ], [ 26.8758492694, -18.870647593200001 ], [ 26.878003332599999, -18.8723045648 ], [ 26.887665806800001, -18.8749617452 ], [ 26.8943535276, -18.876040409800002 ], [ 26.896313179700002, -18.874570670699999 ], [ 26.896640631299999, -18.8731517141 ], [ 26.897739812400001, -18.867930603800001 ], [ 26.8982941089, -18.866386471 ], [ 26.8992459386, -18.865050203500001 ], [ 26.899410923200001, -18.864917449699998 ], [ 26.8989530785, -18.8633149934 ], [ 26.898944744400001, -18.863235277499999 ], [ 26.8983283323, -18.8629520611 ], [ 26.898286730100001, -18.862932753599999 ], [ 26.8968650891, -18.8622663594 ], [ 26.875313558199998, -18.865068058399999 ], [ 26.8707121138, -18.866265694599999 ] ], [ [ 26.941555555600001, -18.886235505599998 ], [ 26.948136063700002, -18.883263663200001 ], [ 26.946828283, -18.881516705399999 ], [ 26.945808847799999, -18.879424180600001 ], [ 26.9365669104, -18.872976317300001 ], [ 26.9353468965, -18.871843513799998 ], [ 26.934485129799999, -18.870419071299999 ], [ 26.9339919763, -18.869268379800001 ], [ 26.9337817374, -18.871370768599999 ], [ 26.935293637099999, -18.872666682599998 ], [ 26.936586002399999, -18.874223887500001 ], [ 26.9407526691, -18.881446109700001 ], [ 26.9413513593, -18.882892458800001 ], [ 26.941555555600001, -18.8844444444 ], [ 26.941555555600001, -18.886235505599998 ] ], [ [ 26.966075763599999, -18.883394081100001 ], [ 26.968210912499998, -18.885339438900001 ], [ 26.979083493899999, -18.8911550057 ], [ 26.996974453, -18.897389733899999 ], [ 26.9977681164, -18.897732254699999 ], [ 27.004158618799998, -18.901055316 ], [ 27.015501682699998, -18.904220822199999 ], [ 27.017086451600001, -18.904923033100001 ], [ 27.018404349099999, -18.906048972400001 ], [ 27.018411862899999, -18.906057559600001 ], [ 27.019336536299999, -18.904806530799998 ], [ 27.019277777799999, -18.904444444399999 ], [ 27.019277777799999, -18.904364002499999 ], [ 27.018134034, -18.9029660934 ], [ 27.017145719, -18.901235461900001 ], [ 27.0167787846, -18.899276581799999 ], [ 27.0170737145, -18.897305574899999 ], [ 27.017997969300001, -18.895539900799999 ], [ 27.0194495766, -18.8941743649 ], [ 27.0211162433, -18.893063253800001 ], [ 27.0212644508, -18.892967565700001 ], [ 27.023486673, -18.891578676799998 ], [ 27.0252357651, -18.890839787499999 ], [ 27.025408100700002, -18.890825640500001 ], [ 27.026146734899999, -18.8895414305 ], [ 27.029480068200002, -18.8859303194 ], [ 27.030836513, -18.884834440799999 ], [ 27.035802717, -18.881899865800001 ], [ 27.0517152565, -18.858683209700001 ], [ 27.055051912300002, -18.8515233026 ], [ 27.054481453800001, -18.850970392499999 ], [ 27.053176453300001, -18.8493391419 ], [ 27.042993197099999, -18.844839563600001 ], [ 27.0351652841, -18.8427239114 ], [ 27.0299671659, -18.8520805243 ], [ 27.029016778700001, -18.8533567484 ], [ 27.027764343, -18.854338272 ], [ 27.0231876844, -18.8570304241 ], [ 27.022494867799999, -18.857492301800001 ], [ 27.021273407300001, -18.858117975100001 ], [ 27.020596907400002, -18.858371662500002 ], [ 27.020353751799998, -18.858687085100001 ], [ 27.019134337299999, -18.859627117799999 ], [ 27.015801003899998, -18.8615715623 ], [ 27.013975848899999, -18.8622680577 ], [ 27.012023688399999, -18.8623413127 ], [ 27.0101514676, -18.861783561700001 ], [ 27.008557657299999, -18.8606539309 ], [ 27.007551296900001, -18.8592654437 ], [ 27.007368120300001, -18.8590822671 ], [ 27.006515883100001, -18.8574096575 ], [ 27.006222222200002, -18.855555555599999 ], [ 27.006222222200002, -18.855277777800001 ], [ 27.006485875399999, -18.853518708500001 ], [ 27.0065252112, -18.8534365071 ], [ 27.006158893599999, -18.853220438800001 ], [ 27.004492226899998, -18.851831549900002 ], [ 27.004236894200002, -18.851541002899999 ], [ 27.004104502899999, -18.8514251605 ], [ 26.9970332983, -18.855270903400001 ], [ 26.996967218399998, -18.855306308500001 ], [ 26.978250159600002, -18.865184756200001 ], [ 26.9678511599, -18.880040470099999 ], [ 26.967284641700001, -18.881551185100001 ], [ 26.966075763599999, -18.883394081100001 ] ], [ [ 27.106761390700001, -18.855267020500001 ], [ 27.106972133700001, -18.855166666700001 ], [ 27.106669557899998, -18.855166666700001 ], [ 27.106668566900002, -18.8551904517 ], [ 27.106761390700001, -18.855267020500001 ] ], [ [ 27.091546573, -18.857794050500001 ], [ 27.0915105045, -18.857566322699999 ], [ 27.091283904200001, -18.857627693600001 ], [ 27.091546573, -18.857794050500001 ] ], [ [ 27.081519942300002, -18.824593203199999 ], [ 27.082877391, -18.823108493700001 ], [ 27.082722953499999, -18.822310566700001 ], [ 27.081519942300002, -18.824593203199999 ] ], [ [ 27.086079515400002, -18.837390028800002 ], [ 27.083039284, -18.8407152819 ], [ 27.081475264200002, -18.841938917299998 ], [ 27.079597505, -18.842585030199999 ], [ 27.078260436499999, -18.842807875 ], [ 27.075584482699998, -18.8472996546 ], [ 27.080743530100001, -18.8480500615 ], [ 27.088380467, -18.845981724400001 ], [ 27.086149387399999, -18.837665882500001 ], [ 27.0861235894, -18.837566324899999 ], [ 27.086079515400002, -18.837390028800002 ] ], [ [ 27.064824188700001, -18.830553626099999 ], [ 27.0617833873, -18.830092898699998 ], [ 27.055043412500002, -18.834681817700002 ], [ 27.053691380499998, -18.835370278 ], [ 27.052209881100001, -18.8356975815 ], [ 27.052031149499999, -18.8357138298 ], [ 27.059369427499998, -18.838956324800002 ], [ 27.060574684, -18.839672355 ], [ 27.064824188700001, -18.830553626099999 ] ], [ [ 26.966801205900001, -18.8606148804 ], [ 26.966119519100001, -18.8605694347 ], [ 26.9654653385, -18.8610452024 ], [ 26.965430716899998, -18.861218310400002 ], [ 26.9658931988, -18.861912033300001 ], [ 26.966801205900001, -18.8606148804 ] ], [ [ 26.954206447800001, -18.8692621864 ], [ 26.954559854599999, -18.869140322 ], [ 26.954862180599999, -18.866948458 ], [ 26.954485129799998, -18.866252404699999 ], [ 26.953651796500001, -18.864307960200001 ], [ 26.953198928700001, -18.862565817 ], [ 26.9532831826, -18.860767747600001 ], [ 26.9534154953, -18.860106184100001 ], [ 26.9519789239, -18.8600117993 ], [ 26.9509842617, -18.859603185499999 ], [ 26.952607469299998, -18.865980072700001 ], [ 26.954206447800001, -18.8692621864 ] ], [ [ 26.848597981099999, -18.837212327700001 ], [ 26.857852794700001, -18.833122991500002 ], [ 26.8596046352, -18.832648990799999 ], [ 26.876731412200002, -18.8307153224 ], [ 26.879490171400001, -18.8303140483 ], [ 26.8799112146, -18.828983385099999 ], [ 26.880632938, -18.827539938400001 ], [ 26.881651362100001, -18.824993878200001 ], [ 26.8827067621, -18.8232711946 ], [ 26.884125836100001, -18.8216493957 ], [ 26.8838151691, -18.820911561599999 ], [ 26.883399685800001, -18.820496078200001 ], [ 26.882227354400001, -18.819714524 ], [ 26.8816799021, -18.819302539900001 ], [ 26.878068791, -18.816246984399999 ], [ 26.877223323900001, -18.815369506300001 ], [ 26.8715124444, -18.8080881349 ], [ 26.864476711199998, -18.804913474799999 ], [ 26.863172532699998, -18.8041105651 ], [ 26.8621141094, -18.803003638700002 ], [ 26.859513903700002, -18.799474788200001 ], [ 26.8568214236, -18.801180025600001 ], [ 26.8561559521, -18.801544690499998 ], [ 26.834211507599999, -18.811822468199999 ], [ 26.831995840499999, -18.812379852500001 ], [ 26.808533971, -18.813668966200002 ], [ 26.806655555599999, -18.815077777799999 ], [ 26.8050444478, -18.815938547 ], [ 26.803249003299999, -18.816274658499999 ], [ 26.794637892200001, -18.816552436199999 ], [ 26.7921276159, -18.8160902015 ], [ 26.790640807399999, -18.8154678165 ], [ 26.785117060299999, -18.823372489099999 ], [ 26.7854713961, -18.8236936403 ], [ 26.7863766105, -18.825203899400002 ], [ 26.786416956, -18.825364967599999 ], [ 26.787015460199999, -18.826048972399999 ], [ 26.788269143699999, -18.8283516732 ], [ 26.788397574899999, -18.828801182399999 ], [ 26.788409307399998, -18.828812914899999 ], [ 26.789407197199999, -18.8301337684 ], [ 26.790006160600001, -18.831677038 ], [ 26.790039408199998, -18.8320318564 ], [ 26.790331994700001, -18.8321618949 ], [ 26.796984795499998, -18.8312748548 ], [ 26.798784822199998, -18.8313073375 ], [ 26.800494182800001, -18.831872349 ], [ 26.80195898, -18.832919020199999 ], [ 26.802667827499999, -18.8338530497 ], [ 26.808365694199999, -18.833125662499999 ], [ 26.808516215200001, -18.832704203799999 ], [ 26.809430715800001, -18.8310383697 ], [ 26.8108203, -18.829742078599999 ], [ 26.812545572600001, -18.828945367199999 ], [ 26.814433464099999, -18.828728156899999 ], [ 26.8162945921, -18.829112237099999 ], [ 26.82309766, -18.831692711100001 ], [ 26.825373154299999, -18.831517673099999 ], [ 26.827230462500001, -18.831664931 ], [ 26.8469526847, -18.8363871532 ], [ 26.848597981099999, -18.837212327700001 ] ], [ [ 26.896747203299999, -18.820782153700002 ], [ 26.896731517300001, -18.820791565299999 ], [ 26.8970685468, -18.822064363599999 ], [ 26.897034327699998, -18.8237345979 ], [ 26.896540918900001, -18.8253306559 ], [ 26.896192925899999, -18.825862779800001 ], [ 26.902072471899999, -18.8237804406 ], [ 26.901415144600001, -18.823512459 ], [ 26.896747203299999, -18.820782153700002 ] ], [ [ 26.901047247299999, -18.8093953132 ], [ 26.9002271116, -18.80713994 ], [ 26.900201872299998, -18.807076841800001 ], [ 26.896729686600001, -18.803821667699999 ], [ 26.8964143472, -18.803345096499999 ], [ 26.89713039, -18.807104321200001 ], [ 26.901047247299999, -18.8093953132 ] ], [ [ 26.877677473399999, -18.7918440254 ], [ 26.8756343913, -18.793389433600002 ], [ 26.876070193899999, -18.794454729 ], [ 26.8779078805, -18.7967977795 ], [ 26.877677473399999, -18.7918440254 ] ], [ [ 26.85237781, -18.789790089499999 ], [ 26.8504937441, -18.7872331429 ], [ 26.850280152100002, -18.786958524599999 ], [ 26.8492322524, -18.787272372899999 ], [ 26.847843363500001, -18.7875501507 ], [ 26.846045294100001, -18.787634404599999 ], [ 26.8443031509, -18.787181536799999 ], [ 26.844071568899999, -18.787082287400001 ], [ 26.843121141299999, -18.787272372899999 ], [ 26.840901732399999, -18.787297590200001 ], [ 26.836179510200001, -18.7864642569 ], [ 26.836034483599999, -18.786401381200001 ], [ 26.835239982600001, -18.786918285500001 ], [ 26.834435599599999, -18.787660792899999 ], [ 26.833687085099999, -18.788409307399998 ], [ 26.833044444399999, -18.788966666699999 ], [ 26.8319333333, -18.7898 ], [ 26.8299447998, -18.790779548100002 ], [ 26.829207196300001, -18.7908432308 ], [ 26.824582407800001, -18.793852129299999 ], [ 26.824162773200001, -18.7947113759 ], [ 26.823117694299999, -18.795904349099999 ], [ 26.820895472099998, -18.797848793499998 ], [ 26.819627726, -18.798699896500001 ], [ 26.8143667519, -18.8013303836 ], [ 26.8301756099, -18.800461765 ], [ 26.8507219812, -18.790838781 ], [ 26.85237781, -18.789790089499999 ] ], [ [ 26.753632765100001, -18.787055555599999 ], [ 26.755143281799999, -18.785976615100001 ], [ 26.755284622800001, -18.785778737699999 ], [ 26.754281214500001, -18.785505417100001 ], [ 26.754065605299999, -18.785372689700001 ], [ 26.753675516400001, -18.786272976799999 ], [ 26.7533326824, -18.7866614508 ], [ 26.753391751700001, -18.787055555599999 ], [ 26.753632765100001, -18.787055555599999 ] ], [ [ 26.9190690784, -18.797843899299998 ], [ 26.919062347899999, -18.797824770599998 ], [ 26.918846223100001, -18.7970468549 ], [ 26.9185, -18.7953704062 ], [ 26.9185, -18.797725341300001 ], [ 26.9190690784, -18.797843899299998 ] ], [ [ 27.003818136100001, -18.8132537127 ], [ 27.005532789499998, -18.812056136399999 ], [ 27.0069422722, -18.811402961500001 ], [ 27.005589725499998, -18.8104611077 ], [ 27.000034169900001, -18.8051833299 ], [ 26.998902858600001, -18.803712973100001 ], [ 26.998274798800001, -18.8019673055 ], [ 26.9982100366, -18.800113223499999 ], [ 26.998714763700001, -18.798327988200001 ], [ 26.9987724211, -18.7982411218 ], [ 26.998768555, -18.798144680499998 ], [ 26.999046332700001, -18.795922458300002 ], [ 26.999610108399999, -18.794030558 ], [ 27.0007573593, -18.792424026 ], [ 27.001312914900002, -18.791868470400001 ], [ 27.002555555600001, -18.7909149587 ], [ 27.004002641300001, -18.790315556199999 ], [ 27.005555555600001, -18.7901111111 ], [ 27.008333333300001, -18.7901111111 ], [ 27.0087076031, -18.790122795599999 ], [ 27.011581191699999, -18.790302394899999 ], [ 27.0187755233, -18.786821266699999 ], [ 27.0208456744, -18.786246863 ], [ 27.026385687, -18.785743225499999 ], [ 27.0299447523, -18.784715051100001 ], [ 27.0309848126, -18.784079458699999 ], [ 27.0378767889, -18.7796685938 ], [ 27.0386742803, -18.779239352899999 ], [ 27.041174280300002, -18.778128241800001 ], [ 27.041713744500001, -18.7779190113 ], [ 27.0450470778, -18.776807900200001 ], [ 27.046906488299999, -18.7765001201 ], [ 27.0487696438, -18.776784350700002 ], [ 27.0493657795, -18.777084779300001 ], [ 27.052042055499999, -18.771674047400001 ], [ 27.057537699, -18.743410737600001 ], [ 27.056941805899999, -18.738709802799999 ], [ 27.055367239900001, -18.737421521600002 ], [ 27.054557339, -18.736618884199999 ], [ 27.0517795612, -18.733285550800002 ], [ 27.050919429699999, -18.731911227 ], [ 27.050458658699998, -18.7303567875 ], [ 27.049980426699999, -18.727248279299999 ], [ 27.049030122400001, -18.724397366600002 ], [ 27.048723958, -18.722644313299998 ], [ 27.048945462900001, -18.7208785648 ], [ 27.049675151399999, -18.719255454500001 ], [ 27.052147523399999, -18.7154095424 ], [ 27.053567629300002, -18.713115525199999 ], [ 27.0465814549, -18.711920521700002 ], [ 27.044759172100001, -18.715322116199999 ], [ 27.0443802548, -18.716648326800001 ], [ 27.043694206200001, -18.718187811899998 ], [ 27.0426070623, -18.719475754099999 ], [ 27.041204607, -18.720410524799998 ], [ 27.039597505, -18.720918363500001 ], [ 27.036264171700001, -18.721473919099999 ], [ 27.034239250500001, -18.7214619212 ], [ 27.0341141263, -18.721527251099999 ], [ 27.032937413399999, -18.721717625899998 ], [ 27.027594205300002, -18.725586845500001 ], [ 27.027589696500002, -18.725957975699998 ], [ 27.02705161, -18.727646202 ], [ 27.026043889899999, -18.729103646799999 ], [ 27.021877223200001, -18.733548091199999 ], [ 27.020359932, -18.734718986 ], [ 27.018550835, -18.735351706599999 ], [ 27.0166345188, -18.735381694800001 ], [ 27.014806509700001, -18.734805891099999 ], [ 27.013253324, -18.733683045900001 ], [ 27.012133436900001, -18.732127726 ], [ 27.011816856300001, -18.731494565 ], [ 27.010180483599999, -18.730040011500002 ], [ 27.0090092676, -18.7286216989 ], [ 27.008322755, -18.726915223500001 ], [ 27.008185465899999, -18.7250809636 ], [ 27.008251023700002, -18.724804796499999 ], [ 27.0081515796, -18.724297601899998 ], [ 27.005749534500001, -18.72175426 ], [ 26.997146014199998, -18.715540606400001 ], [ 26.9927114529, -18.714431966100001 ], [ 26.991858974399999, -18.7141495726 ], [ 26.9889113708, -18.712921404500001 ], [ 26.988767773799999, -18.712943221900002 ], [ 26.9872654885, -18.712652501200001 ], [ 26.986957255499998, -18.712778417100001 ], [ 26.985146353600001, -18.712930474299998 ], [ 26.983372990100001, -18.7125333985 ], [ 26.9823825402, -18.711960600299999 ], [ 26.981073027499999, -18.7126335383 ], [ 26.979290299199999, -18.712943170599999 ], [ 26.977496327299999, -18.7127072533 ], [ 26.9758542631, -18.711947241899999 ], [ 26.974513442900001, -18.710732255 ], [ 26.9740323929, -18.7099147403 ], [ 26.972460812, -18.710568443900002 ], [ 26.9704662201, -18.710687464500001 ], [ 26.9685708234, -18.710482556799999 ], [ 26.968154718600001, -18.710782438 ], [ 26.9681619192, -18.710818138499999 ], [ 26.968995252500001, -18.716651471900001 ], [ 26.968933429700002, -18.718704406800001 ], [ 26.9681828565, -18.7206162132 ], [ 26.9668314828, -18.722162871799998 ], [ 26.965037658100002, -18.7231631501 ], [ 26.960774454399999, -18.7246552714 ], [ 26.959001192199999, -18.7264285336 ], [ 26.959472975200001, -18.727608830299999 ], [ 26.959571110199999, -18.729580561700001 ], [ 26.959024016400001, -18.7314774128 ], [ 26.957890922299999, -18.733094030499998 ], [ 26.9562944963, -18.734255400199999 ], [ 26.954407567499999, -18.7348357921 ], [ 26.954379016499999, -18.734834874400001 ], [ 26.954244380799999, -18.7351408205 ], [ 26.9537003674, -18.7357749144 ], [ 26.953640275, -18.737110489 ], [ 26.952881682600001, -18.73898772 ], [ 26.9520299677, -18.739952740100001 ], [ 26.9527572955, -18.7412751542 ], [ 26.953402219400001, -18.7430878682 ], [ 26.953429663600001, -18.744477077199999 ], [ 26.9535449137, -18.74457975 ], [ 26.953964862900001, -18.744924026 ], [ 26.954242640699999, -18.745201803800001 ], [ 26.955321866, -18.7466735705 ], [ 26.955908696800002, -18.748401706599999 ], [ 26.955948837800001, -18.750226319799999 ], [ 26.955438575, -18.7519785916 ], [ 26.954425119500002, -18.753496396700001 ], [ 26.953002239100002, -18.754639303499999 ], [ 26.951301582700001, -18.7553015668 ], [ 26.949951737500001, -18.7556015324 ], [ 26.9505564866, -18.7566249417 ], [ 26.9509739099, -18.758329960899999 ], [ 26.950880010900001, -18.760082820200001 ], [ 26.950282826599999, -18.761733487800001 ], [ 26.949644895300001, -18.762918217399999 ], [ 26.9500445181, -18.7639572366 ], [ 26.950384083399999, -18.7654539157 ], [ 26.9505259174, -18.7656666667 ], [ 26.951855555600002, -18.7656666667 ], [ 26.954081196600001, -18.7647393162 ], [ 26.9560396121, -18.7642879526 ], [ 26.958037215699999, -18.7645086341 ], [ 26.96118971, -18.765409346799999 ], [ 26.970205318800001, -18.765629239599999 ], [ 26.971849109400001, -18.764732626600001 ], [ 26.973543401200001, -18.764116941200001 ], [ 26.9753441043, -18.7640323151 ], [ 26.977088670600001, -18.764486387600002 ], [ 26.978619619300002, -18.765438169700001 ], [ 26.979798752899999, -18.766801744799999 ], [ 26.980519631899998, -18.768454024099999 ], [ 26.981630743, -18.7726206908 ], [ 26.981832031100002, -18.774291667899998 ], [ 26.981561308100002, -18.775952809300001 ], [ 26.975566154300001, -18.795178647099998 ], [ 26.977198371699998, -18.795441908 ], [ 26.982051478, -18.795981142 ], [ 26.983793801899999, -18.796447500399999 ], [ 26.992682690799999, -18.8003363893 ], [ 26.9932193452, -18.800603880099999 ], [ 26.997663789699999, -18.8031038801 ], [ 26.999315718399998, -18.804473308399999 ], [ 27.000380164199999, -18.8063364126 ], [ 27.001957064, -18.810804295200001 ], [ 27.003157719299999, -18.811988301700001 ], [ 27.003818136100001, -18.8132537127 ] ], [ [ 26.945823779400001, -18.777008437399999 ], [ 26.946743494900002, -18.780818687299998 ], [ 26.949820070600001, -18.7817653259 ], [ 26.951599509600001, -18.782658472400001 ], [ 26.952528034499998, -18.783611773499999 ], [ 26.9537138775, -18.783096288799999 ], [ 26.955451918600001, -18.7828914165 ], [ 26.957175144400001, -18.7831967891 ], [ 26.964675144400001, -18.785696789100001 ], [ 26.9657660353, -18.786296285 ], [ 26.968480666400001, -18.777590743699999 ], [ 26.960131479800001, -18.777387105 ], [ 26.958629451, -18.777158032599999 ], [ 26.956758924300001, -18.7766235964 ], [ 26.955363247899999, -18.777205128199999 ], [ 26.953055555599999, -18.7776666667 ], [ 26.949444444400001, -18.7776666667 ], [ 26.948142861699999, -18.777523789 ], [ 26.945823779400001, -18.777008437399999 ] ], [ [ 26.902703790899999, -18.783517799599998 ], [ 26.902424028799999, -18.782291150599999 ], [ 26.899313206599999, -18.777200714300001 ], [ 26.8992574052, -18.777268052299998 ], [ 26.898721359100001, -18.777612814699999 ], [ 26.902703790899999, -18.783517799599998 ] ], [ [ 26.8055356112, -18.7485862618 ], [ 26.805346096699999, -18.7482546114 ], [ 26.804987178299999, -18.747361348599998 ], [ 26.803114847300002, -18.745489017600001 ], [ 26.8011527673, -18.7437623872 ], [ 26.801404209299999, -18.744041767199999 ], [ 26.801629657300001, -18.744307385300001 ], [ 26.8027407684, -18.7456962742 ], [ 26.8032850088, -18.746502877 ], [ 26.8043517688, -18.748399339300001 ], [ 26.8055356112, -18.7485862618 ] ], [ [ 26.817816090800001, -18.745890327800002 ], [ 26.8193218983, -18.748525491 ], [ 26.819603175600001, -18.748669121900001 ], [ 26.819759231599999, -18.748474051900001 ], [ 26.8217611629, -18.7468556591 ], [ 26.823472481100001, -18.746 ], [ 26.818611111100001, -18.746 ], [ 26.817816090800001, -18.745890327800002 ] ], [ [ 26.7879249627, -18.731452595299999 ], [ 26.7886280144, -18.730170559899999 ], [ 26.789951816599999, -18.728527922400001 ], [ 26.7932017704, -18.725701875599999 ], [ 26.793228096699998, -18.725530754600001 ], [ 26.792601175400002, -18.7254320698 ], [ 26.790936182700001, -18.724589675299999 ], [ 26.7896105003, -18.7232765131 ], [ 26.788752344700001, -18.721619588799999 ], [ 26.7884745669, -18.720786255499998 ], [ 26.788174634299999, -18.719197996799998 ], [ 26.788309544299999, -18.7175873061 ], [ 26.7884430085, -18.716986717299999 ], [ 26.787298196199998, -18.718131529600001 ], [ 26.7870563247, -18.7183603368 ], [ 26.7851728716, -18.7200455316 ], [ 26.785231899599999, -18.720118341399999 ], [ 26.785911270500002, -18.722027508499998 ], [ 26.786967788, -18.728102483800001 ], [ 26.7879249627, -18.731452595299999 ] ], [ [ 26.809055555600001, -18.723518588200001 ], [ 26.815326409299999, -18.7316897006 ], [ 26.824829124899999, -18.7323094429 ], [ 26.832640333400001, -18.7313529684 ], [ 26.832846203, -18.729294272099999 ], [ 26.832788090800001, -18.7288874871 ], [ 26.828500663700002, -18.726207845099999 ], [ 26.8216785778, -18.724843427900002 ], [ 26.818428709900001, -18.724593438 ], [ 26.816065359500001, -18.7239052288 ], [ 26.8118986928, -18.721683006500001 ], [ 26.811849109400001, -18.721656262300002 ], [ 26.809878276799999, -18.720581262700001 ], [ 26.808824521799998, -18.7206770586 ], [ 26.809055555600001, -18.722222222199999 ], [ 26.809055555600001, -18.723518588200001 ] ], [ [ 26.8518467922, -18.724116237600001 ], [ 26.851931430600001, -18.723373065200001 ], [ 26.852764763900002, -18.719761954100001 ], [ 26.8527902561, -18.719655897399999 ], [ 26.853132329800001, -18.7182876028 ], [ 26.852665666699998, -18.718240936499999 ], [ 26.8500829233, -18.718402358 ], [ 26.849798196199998, -18.718687085100001 ], [ 26.849723563800001, -18.718738342599998 ], [ 26.849366401400001, -18.719660453300001 ], [ 26.847774808800001, -18.722424798300001 ], [ 26.8518467922, -18.724116237600001 ] ], [ [ 26.900311737199999, -18.739701277799998 ], [ 26.902527243400002, -18.7391843264 ], [ 26.9028979737, -18.7379662126 ], [ 26.900277195200001, -18.735852681600001 ], [ 26.899994199199998, -18.735700299099999 ], [ 26.900311737199999, -18.739701277799998 ] ], [ [ 26.801740987100001, -18.673063440500002 ], [ 26.802623177699999, -18.6748866344 ], [ 26.803197581500001, -18.6769567855 ], [ 26.8035630549, -18.6809769933 ], [ 26.8054006835, -18.684265381300001 ], [ 26.8066115566, -18.682700621599999 ], [ 26.808626061, -18.681540932699999 ], [ 26.815721559, -18.679131140900001 ], [ 26.8167546289, -18.678655861500001 ], [ 26.818614630399999, -18.678148588399999 ], [ 26.823348283200001, -18.6765409327 ], [ 26.825141562300001, -18.6762237686 ], [ 26.825500646399998, -18.676270584 ], [ 26.832032406700002, -18.674489194900001 ], [ 26.833766048400001, -18.674279778599999 ], [ 26.8354865662, -18.674578421 ], [ 26.8370482242, -18.675359825600001 ], [ 26.8383187425, -18.676557803800002 ], [ 26.839190502499999, -18.678070881299998 ], [ 26.8392453592, -18.678304514899999 ], [ 26.840493555399998, -18.678170547899999 ], [ 26.842175144399999, -18.6784745669 ], [ 26.842540998400001, -18.678596518199999 ], [ 26.8431702307, -18.660348781900002 ], [ 26.843745655599999, -18.657984050300001 ], [ 26.850124498, -18.644536760800001 ], [ 26.8305113863, -18.648298179400001 ], [ 26.821147560699998, -18.651782393600001 ], [ 26.8187005841, -18.656299888700001 ], [ 26.815447756299999, -18.663347682400001 ], [ 26.8150470709, -18.664077878899999 ], [ 26.812547070899999, -18.667966767799999 ], [ 26.811454732200001, -18.6692344382 ], [ 26.810054782200002, -18.670151134400001 ], [ 26.80533256, -18.6723733567 ], [ 26.803320992300002, -18.672919803700001 ], [ 26.801740987100001, -18.673063440500002 ] ], [ [ 26.8509468275, -18.691974053100001 ], [ 26.849015896800001, -18.695150745599999 ], [ 26.850726326899998, -18.695496321499999 ], [ 26.8507495986, -18.695509683200001 ], [ 26.851154805, -18.695214695600001 ], [ 26.852927795399999, -18.694633030799999 ], [ 26.854793740400002, -18.6946241777 ], [ 26.854986587799999, -18.694685424399999 ], [ 26.854338417699999, -18.6937131693 ], [ 26.8538373785, -18.69327476 ], [ 26.853111111099999, -18.692973930200001 ], [ 26.852159137600001, -18.692243455300002 ], [ 26.8509468275, -18.691974053100001 ] ], [ [ 26.8692565365, -18.6794084846 ], [ 26.8698935816, -18.6810648019 ], [ 26.8705042723, -18.6821640452 ], [ 26.871302758799999, -18.682931614 ], [ 26.871037327100002, -18.6815159784 ], [ 26.870672188299999, -18.680824136399998 ], [ 26.8692565365, -18.6794084846 ] ], [ [ 27.135146628899999, -18.771 ], [ 27.132714638700001, -18.771 ], [ 27.132466421299998, -18.771844755 ], [ 27.133322983599999, -18.77236657 ], [ 27.1345392765, -18.773775424699998 ], [ 27.134723429099999, -18.7742101242 ], [ 27.138022000399999, -18.7745766321 ], [ 27.140424084599999, -18.773607370099999 ], [ 27.140389247800002, -18.7733989589 ], [ 27.140654096900001, -18.7715692015 ], [ 27.140660741200001, -18.771555555599999 ], [ 27.1375, -18.771555555599999 ], [ 27.135146628899999, -18.771 ] ], [ [ 27.224369226499999, -18.8006072632 ], [ 27.223947594199998, -18.802799751 ], [ 27.2233851254, -18.804422693700001 ], [ 27.222385881499999, -18.805819771199999 ], [ 27.2214406489, -18.806557400100001 ], [ 27.222338889, -18.806537775799999 ], [ 27.223895010700002, -18.806929139899999 ], [ 27.2245929115, -18.807208300199999 ], [ 27.224614163599998, -18.8071785773 ], [ 27.2261244414, -18.806063681800001 ], [ 27.227905322600002, -18.805470054800001 ], [ 27.229584548599998, -18.805457307 ], [ 27.229174258, -18.8047847522 ], [ 27.228739728400001, -18.802958004400001 ], [ 27.228886387700001, -18.801144923399999 ], [ 27.227902495, -18.8011961413 ], [ 27.224369226499999, -18.8006072632 ] ], [ [ 27.241954607499999, -18.81288509 ], [ 27.244915391500001, -18.817114781499999 ], [ 27.2449923018, -18.8172273544 ], [ 27.245661582299999, -18.8182312751 ], [ 27.247587958699999, -18.819916854500001 ], [ 27.2485973597, -18.819820721100001 ], [ 27.247057339, -18.8185633286 ], [ 27.245668450099998, -18.816896662 ], [ 27.244823841900001, -18.815556472099999 ], [ 27.244687944900001, -18.815113304899999 ], [ 27.244673172199999, -18.815102728199999 ], [ 27.243556703599999, -18.8135842969 ], [ 27.243271314, -18.812719014500001 ], [ 27.242460064900001, -18.812922248 ], [ 27.241954607499999, -18.81288509 ] ], [ [ 27.266479477400001, -18.8127425365 ], [ 27.266215633600002, -18.812820007 ], [ 27.2608476829, -18.813930617499999 ], [ 27.259858766499999, -18.816897366599999 ], [ 27.258900446799998, -18.818686641500001 ], [ 27.2586047122, -18.818956216899998 ], [ 27.2613955932, -18.8188293587 ], [ 27.266862822299998, -18.813683731400001 ], [ 27.2665182679, -18.812781327 ], [ 27.266479477400001, -18.8127425365 ] ], [ [ 27.141820445299999, -18.841381262700001 ], [ 27.145526007, -18.8394194947 ], [ 27.1464359667, -18.839030122400001 ], [ 27.151933907899998, -18.837197475300002 ], [ 27.151664455799999, -18.8309102592 ], [ 27.1418699888, -18.822748203300002 ], [ 27.130429027400002, -18.825850837 ], [ 27.1293798176, -18.8264803629 ], [ 27.129181987100001, -18.826791566200001 ], [ 27.1266819871, -18.829569343900001 ], [ 27.125485289699999, -18.830590671300001 ], [ 27.124064238900001, -18.831265807299999 ], [ 27.121166701899998, -18.832200496599999 ], [ 27.140584474800001, -18.841225658700001 ], [ 27.140592868300001, -18.841229567799999 ], [ 27.1410094, -18.841423949300001 ], [ 27.141820445299999, -18.841381262700001 ] ], [ [ 27.122783783100001, -18.795985393500001 ], [ 27.126361836899999, -18.799288212499999 ], [ 27.12523902, -18.796200466 ], [ 27.125059820200001, -18.796246137099999 ], [ 27.1233061812, -18.796168818200002 ], [ 27.122783783100001, -18.795985393500001 ] ], [ [ 27.151760429799999, -18.807071154100001 ], [ 27.152411092, -18.8080825483 ], [ 27.1530990718, -18.809603345900001 ], [ 27.155666124900002, -18.8094545312 ], [ 27.160794991700001, -18.802236126099999 ], [ 27.160998986599999, -18.801318149299998 ], [ 27.1612429477, -18.798390616 ], [ 27.161656993, -18.796646518799999 ], [ 27.162567782699998, -18.795102572400001 ], [ 27.163894021, -18.793896587100001 ], [ 27.163899923700001, -18.793892652 ], [ 27.159968581, -18.7915338464 ], [ 27.1594837544, -18.7911229959 ], [ 27.1592126253, -18.791212998599999 ], [ 27.154683282200001, -18.791884012400001 ], [ 27.1552929902, -18.792539757 ], [ 27.156098340500002, -18.794376951099999 ], [ 27.156253102200001, -18.796376931200001 ], [ 27.1557399766, -18.798316151 ], [ 27.151760429799999, -18.807071154100001 ] ], [ [ 27.070571798300001, -18.759721478300001 ], [ 27.070023378399998, -18.7589071578 ], [ 27.069962945099999, -18.758776626100001 ], [ 27.069860269799999, -18.7586512257 ], [ 27.069788543200001, -18.758480689700001 ], [ 27.069690140100001, -18.758349368 ], [ 27.069668146400002, -18.758284231099999 ], [ 27.0696278064, -18.758227546699999 ], [ 27.069502248799999, -18.757828143400001 ], [ 27.069318488899999, -18.757484397700001 ], [ 27.069304279800001, -18.7573983441 ], [ 27.069265359199999, -18.757320178899999 ], [ 27.069260441800001, -18.757283988099999 ], [ 27.069244656599999, -18.757251439499999 ], [ 27.069240298299999, -18.757215760299999 ], [ 27.0692246196, -18.7571818955 ], [ 27.069217903, -18.7571239444 ], [ 27.069192746100001, -18.757064131900002 ], [ 27.069161837300001, -18.756784738 ], [ 27.069083387799999, -18.7565524006 ], [ 27.069082910900001, -18.7564942146 ], [ 27.069065254400002, -18.756438048700002 ], [ 27.069069564799999, -18.7559768558 ], [ 27.069, -18.755555555600001 ], [ 27.069, -18.754444444400001 ], [ 27.069008934500001, -18.754388023499999 ], [ 27.0690010179, -18.754333927499999 ], [ 27.069118509700001, -18.753696059 ], [ 27.069181455, -18.753298561400001 ], [ 27.068344139699999, -18.751728595300001 ], [ 27.0681821053, -18.751538204900001 ], [ 27.064703812299999, -18.769426569 ], [ 27.067218971, -18.766821583199999 ], [ 27.070571798300001, -18.759721478300001 ] ], [ [ 27.068340582600001, -18.733209286699999 ], [ 27.069497186500001, -18.734568296300001 ], [ 27.070514449, -18.7298888889 ], [ 27.067919687100002, -18.7298888889 ], [ 27.068340582600001, -18.733209286699999 ] ], [ [ 27.248421638300002, -18.831891755299999 ], [ 27.2485709123, -18.832033172799999 ], [ 27.2489359735, -18.832410677399999 ], [ 27.2554328292, -18.839745837 ], [ 27.264890643, -18.838241184800001 ], [ 27.266848350099998, -18.838274035 ], [ 27.272551907, -18.828163184 ], [ 27.272626530099998, -18.828063352400001 ], [ 27.271894689700002, -18.826862431599999 ], [ 27.2714914606, -18.825806355400001 ], [ 27.268001077099999, -18.829091422200001 ], [ 27.266226856900001, -18.8302479715 ], [ 27.264161334899999, -18.8307160335 ], [ 27.2580502237, -18.830993811199999 ], [ 27.257787352800001, -18.830999782500001 ], [ 27.248421638300002, -18.831891755299999 ] ], [ [ 27.286559809700002, -18.846369916099999 ], [ 27.290792366, -18.848021645399999 ], [ 27.290909201200002, -18.848068658399999 ], [ 27.299456124900001, -18.8516125049 ], [ 27.2980273503, -18.8414069721 ], [ 27.295438873199998, -18.833900388499998 ], [ 27.2951123854, -18.832068098899999 ], [ 27.2953630883, -18.830223911299999 ], [ 27.2961668596, -18.828545271500001 ], [ 27.297986508899999, -18.8258985089 ], [ 27.291510328200001, -18.8298161984 ], [ 27.292352191300001, -18.837392966399999 ], [ 27.2922831375, -18.839177087100001 ], [ 27.291692139, -18.840861894500001 ], [ 27.290631529599999, -18.842298196200002 ], [ 27.286559809700002, -18.846369916099999 ] ], [ [ 27.276441633299999, -18.800680527600001 ], [ 27.277685019100002, -18.8023513272 ], [ 27.279413482500001, -18.8002325657 ], [ 27.277505444199999, -18.798419929400001 ], [ 27.276441633299999, -18.800680527600001 ] ], [ [ 27.2871567631, -18.809724337700001 ], [ 27.2923139715, -18.8130719993 ], [ 27.292481191899999, -18.812363642400001 ], [ 27.292605996, -18.8115451478 ], [ 27.293399202500002, -18.8099194861 ], [ 27.294640860099999, -18.808604100699998 ], [ 27.296218117599999, -18.807718543699998 ], [ 27.2964593642, -18.807667384799998 ], [ 27.2965647537, -18.807168405100001 ], [ 27.297277970700002, -18.805767493699999 ], [ 27.299337576799999, -18.802771703 ], [ 27.299836452600001, -18.7873065522 ], [ 27.299953713400001, -18.786304145100001 ], [ 27.3032870467, -18.769915256200001 ], [ 27.303827761899999, -18.7683732112 ], [ 27.314938873, -18.746706544599999 ], [ 27.316106147500001, -18.745248090699999 ], [ 27.309769333599998, -18.742009274800001 ], [ 27.3087518297, -18.741351879500002 ], [ 27.2859350377, -18.7230984459 ], [ 27.2750345135, -18.732017056699998 ], [ 27.2721945925, -18.742903420299999 ], [ 27.271694513700002, -18.744190735699998 ], [ 27.259692849499999, -18.7669172913 ], [ 27.260368053800001, -18.7676570006 ], [ 27.261165270700001, -18.769676861499999 ], [ 27.262162209500001, -18.774752186299999 ], [ 27.263116491800002, -18.775150646099998 ], [ 27.277071495600001, -18.783633099399999 ], [ 27.2824055038, -18.7863001035 ], [ 27.2839648629, -18.787424026 ], [ 27.285088785399999, -18.7889833851 ], [ 27.2851735295, -18.789152873399999 ], [ 27.289965830100002, -18.793705559 ], [ 27.290944571499999, -18.794913065300001 ], [ 27.291580291, -18.796331468199998 ], [ 27.292413624400002, -18.799109246 ], [ 27.292663240900001, -18.801036057099999 ], [ 27.292284065099999, -18.8029416109 ], [ 27.291315856800001, -18.804626093700001 ], [ 27.2871567631, -18.809724337700001 ] ], [ [ 27.2515254001, -18.794712308099999 ], [ 27.251464862900001, -18.794798196199999 ], [ 27.250909307400001, -18.7953537518 ], [ 27.250886673099998, -18.7953677406 ], [ 27.250456896300001, -18.796764515100001 ], [ 27.249570982800002, -18.798534051600001 ], [ 27.249477174399999, -18.798625984 ], [ 27.250097848399999, -18.798709770399999 ], [ 27.252215323200002, -18.799361301099999 ], [ 27.252703569800001, -18.799256676799999 ], [ 27.2515254001, -18.794712308099999 ] ], [ [ 27.176097630200001, -18.7741410201 ], [ 27.176923633200001, -18.774495021500002 ], [ 27.177089644399999, -18.773886313799999 ], [ 27.176097630200001, -18.7741410201 ] ], [ [ 27.1672092435, -18.764033941800001 ], [ 27.164963113799999, -18.763088203 ], [ 27.1618121586, -18.7634589036 ], [ 27.161654325600001, -18.763475359200001 ], [ 27.1615003032, -18.763489361200001 ], [ 27.1601667244, -18.764034389100001 ], [ 27.1586356828, -18.766235261399999 ], [ 27.1672092435, -18.764033941800001 ] ], [ [ 27.125619646899999, -18.746470958900002 ], [ 27.127118242600002, -18.743355457300002 ], [ 27.121504656799999, -18.739379167300001 ], [ 27.125619646899999, -18.746470958900002 ] ], [ [ 27.115929614300001, -18.728203516600001 ], [ 27.1163038587, -18.725958050500001 ], [ 27.117034637700002, -18.723929653100001 ], [ 27.118435254, -18.722290535199999 ], [ 27.1203248556, -18.721252344700002 ], [ 27.121158189, -18.720974566900001 ], [ 27.122696064, -18.720677445900002 ], [ 27.124258437799998, -18.7207884804 ], [ 27.125738837099998, -18.721300103499999 ], [ 27.126440215900001, -18.7216507929 ], [ 27.130791353100001, -18.721264025100002 ], [ 27.126027066300001, -18.719718851 ], [ 27.111814071, -18.717113135200002 ], [ 27.1109457666, -18.717577577099998 ], [ 27.115929614300001, -18.728203516600001 ] ], [ [ 27.1002923729, -18.7231230264 ], [ 27.099779159400001, -18.7233283118 ], [ 27.100532635, -18.7236352834 ], [ 27.1002923729, -18.7231230264 ] ], [ [ 27.0944922704, -18.710756770100001 ], [ 27.092888610500001, -18.7110840476 ], [ 27.091814771799999, -18.713589671299999 ], [ 27.095188103400002, -18.712240338600001 ], [ 27.0944922704, -18.710756770100001 ] ], [ [ 27.150769757399999, -18.683884991500001 ], [ 27.130711430600002, -18.695132651400002 ], [ 27.1400266747, -18.6956742353 ], [ 27.148200699699998, -18.6960296277 ], [ 27.150769757399999, -18.683884991500001 ] ], [ [ 27.196863432, -18.6569907851 ], [ 27.196778109299999, -18.656451957600002 ], [ 27.197015700400001, -18.654716027700001 ], [ 27.197579862600001, -18.652772802400001 ], [ 27.1964023978, -18.6526103934 ], [ 27.195597748800001, -18.6524425723 ], [ 27.179030796100001, -18.647783116900001 ], [ 27.178536851899999, -18.6490983162 ], [ 27.170219281800001, -18.6635869867 ], [ 27.169399539, -18.666017948 ], [ 27.187992001200001, -18.663169103 ], [ 27.196863432, -18.6569907851 ] ], [ [ 27.1769047192, -18.739919647200001 ], [ 27.172992725699999, -18.7406490019 ], [ 27.166651246200001, -18.745275490099999 ], [ 27.174589531300001, -18.742400205700001 ], [ 27.1769047192, -18.739919647200001 ] ], [ [ 27.180482364, -18.753673557399999 ], [ 27.184597505, -18.7543594142 ], [ 27.185810144200001, -18.7547292834 ], [ 27.186354073699999, -18.754584671 ], [ 27.1882775017, -18.754705516400001 ], [ 27.190063396, -18.755429919899999 ], [ 27.191527503, -18.7566831436 ], [ 27.192518768300001, -18.7583358905 ], [ 27.192686005300001, -18.7590920994 ], [ 27.192686590899999, -18.759093289 ], [ 27.193921990700002, -18.763170108400001 ], [ 27.195945413699999, -18.761882475499998 ], [ 27.1977299978, -18.761118984599999 ], [ 27.1996649395, -18.7609651699 ], [ 27.201865078400001, -18.761148514799999 ], [ 27.203553690500001, -18.760641931199999 ], [ 27.205617900299998, -18.760398536899999 ], [ 27.207641293599998, -18.760874018700001 ], [ 27.209585738, -18.761707352 ], [ 27.2111417136, -18.762679361 ], [ 27.212331231699999, -18.7640761101 ], [ 27.212491995299999, -18.7644579836 ], [ 27.213447949199999, -18.765266029599999 ], [ 27.214146835099999, -18.7664152109 ], [ 27.216204272599999, -18.763491484 ], [ 27.216386081100001, -18.7632465949 ], [ 27.230702583700001, -18.744953285899999 ], [ 27.233709770400001, -18.735179929400001 ], [ 27.234424235300001, -18.7336584894 ], [ 27.244424235299999, -18.718380711599998 ], [ 27.245817439700001, -18.7168870394 ], [ 27.247630981299999, -18.715947282799998 ], [ 27.252744917299999, -18.714325790899998 ], [ 27.251828187499999, -18.713134042099998 ], [ 27.239444369299999, -18.710244484499999 ], [ 27.225362240500001, -18.7177549532 ], [ 27.213240807199998, -18.728248134299999 ], [ 27.199679200199999, -18.745144562699998 ], [ 27.198490992, -18.7462687429 ], [ 27.197043323599999, -18.747030238800001 ], [ 27.181391612500001, -18.7526993625 ], [ 27.180482364, -18.753673557399999 ] ], [ [ 27.220774555799998, -18.777848543600001 ], [ 27.223666164299999, -18.778869111300001 ], [ 27.237314333699999, -18.780854299600001 ], [ 27.238709850300001, -18.780563567 ], [ 27.2374723183, -18.776923766900001 ], [ 27.2312888736, -18.769750971099999 ], [ 27.230271885699999, -18.768085066 ], [ 27.229843407699999, -18.766180883600001 ], [ 27.2299240362, -18.7654188725 ], [ 27.225930158499999, -18.770522160700001 ], [ 27.220774555799998, -18.777848543600001 ] ], [ [ 27.203453529800001, -18.720848973700001 ], [ 27.204563783200001, -18.719887858700002 ], [ 27.2072652443, -18.716522104 ], [ 27.207793012300002, -18.715945848499999 ], [ 27.210788840500001, -18.713074846400001 ], [ 27.2088402314, -18.7121005419 ], [ 27.2076412443, -18.712557298899998 ], [ 27.203453529800001, -18.720848973700001 ] ], [ [ 26.893729240599999, -18.678868058700001 ], [ 26.893817352900001, -18.678875107700001 ], [ 26.893770236, -18.6788633285 ], [ 26.893729240599999, -18.678868058700001 ] ], [ [ 26.9617522922, -18.680257067700001 ], [ 26.961158662799999, -18.6803595885 ], [ 26.961301975, -18.680601427799999 ], [ 26.9617522922, -18.680257067700001 ] ], [ [ 26.926552604200001, -18.632089832599998 ], [ 26.9271756214, -18.6325851263 ], [ 26.928190583100001, -18.634077933699999 ], [ 26.930586221599999, -18.639086996 ], [ 26.939105654799999, -18.64523992 ], [ 26.944386444900001, -18.6483101468 ], [ 26.945111111100001, -18.643444531 ], [ 26.945111111100001, -18.6272222222 ], [ 26.945393949500001, -18.625401765500001 ], [ 26.946215798699999, -18.623752940399999 ], [ 26.947499175299999, -18.622431197299999 ], [ 26.949123083300002, -18.621561149400002 ], [ 26.9509344214, -18.621224824399999 ], [ 26.952762417799999, -18.621453930800001 ], [ 26.954434729799999, -18.6222268685 ], [ 26.955793692899999, -18.623470765499999 ], [ 26.956711184700001, -18.625068347700001 ], [ 26.958528880799999, -18.629794357400002 ], [ 26.9585836089, -18.629785473599998 ], [ 26.958993336, -18.629634521500002 ], [ 26.959374558299999, -18.627537798500001 ], [ 26.959585678, -18.626713744500002 ], [ 26.960276861400001, -18.624640194200001 ], [ 26.9613109517, -18.618694175200002 ], [ 26.962383792200001, -18.616174040200001 ], [ 26.9654393478, -18.612007373600001 ], [ 26.9667242027, -18.610822772799999 ], [ 26.957123688599999, -18.606580685200001 ], [ 26.932873839100001, -18.607060880199999 ], [ 26.923918603899999, -18.620135523599998 ], [ 26.926552604200001, -18.632089832599998 ] ], [ [ 27.007607312299999, -18.651696092200002 ], [ 27.0076062069, -18.652238513299999 ], [ 27.007558578800001, -18.6524028292 ], [ 27.007675753099999, -18.652697376500001 ], [ 27.0115, -18.653089607 ], [ 27.0115, -18.652222222199999 ], [ 27.0115298634, -18.6520638314 ], [ 27.007607312299999, -18.651696092200002 ] ], [ [ 27.054777654, -18.620913271 ], [ 27.0542081334, -18.620970223099999 ], [ 27.052362884, -18.620868724699999 ], [ 27.050636051400001, -18.620210472099998 ], [ 27.049191456700001, -18.619057912700001 ], [ 27.0482604834, -18.617661853200001 ], [ 27.0408662197, -18.6163109781 ], [ 27.043328529299998, -18.619019518799998 ], [ 27.044356544399999, -18.620584777800001 ], [ 27.044851941400001, -18.622390721399999 ], [ 27.0447664625, -18.624261428299999 ], [ 27.044108434200002, -18.626014668 ], [ 27.042941957, -18.6274796531 ], [ 27.0413806601, -18.628513675800001 ], [ 27.039576633500001, -18.629016009200001 ], [ 27.0383072186, -18.6291624801 ], [ 27.0400445181, -18.633679458900001 ], [ 27.040265299400001, -18.634378119600001 ], [ 27.041098632800001, -18.6377114529 ], [ 27.041240972, -18.639830228400001 ], [ 27.040636343399999, -18.6418658841 ], [ 27.0393604844, -18.6435634276 ], [ 27.039359064700001, -18.643564745900001 ], [ 27.045754886899999, -18.6448582829 ], [ 27.045936774, -18.643775575100001 ], [ 27.046617571500001, -18.6423141611 ], [ 27.058310669400001, -18.624099912399998 ], [ 27.054777654, -18.620913271 ] ], [ [ 26.971314593399999, -18.632234141200001 ], [ 26.972900121599999, -18.632803004300001 ], [ 26.974405193799999, -18.633981949399999 ], [ 26.9748736347, -18.634687197400002 ], [ 26.9748440276, -18.634364148300001 ], [ 26.9748805264, -18.634193595199999 ], [ 26.973657284400002, -18.629096753300001 ], [ 26.972388202200001, -18.625035690200001 ], [ 26.972022381599999, -18.627139158199999 ], [ 26.971803210899999, -18.6280084777 ], [ 26.971104719300001, -18.630103952599999 ], [ 26.970948507199999, -18.6309631188 ], [ 26.971070425699999, -18.6312475953 ], [ 26.971314593399999, -18.632234141200001 ] ], [ [ 27.012132880399999, -18.633290490299999 ], [ 27.0218664414, -18.638814943900002 ], [ 27.023257359300001, -18.637424026 ], [ 27.0249942373, -18.6362149556 ], [ 27.0270428458, -18.6356841078 ], [ 27.027995710799999, -18.635780691800001 ], [ 27.026421912499998, -18.631688816299999 ], [ 27.0257875215, -18.630823116399998 ], [ 27.025201120799998, -18.629090937 ], [ 27.025184620699999, -18.628283808300001 ], [ 27.021974634100001, -18.626932235 ], [ 27.021780419100001, -18.626906666099998 ], [ 27.020333333300002, -18.626307263499999 ], [ 27.019272614599998, -18.625493345500001 ], [ 27.0161415908, -18.624079334699999 ], [ 27.014580758099999, -18.623055912 ], [ 27.0134099285, -18.621602381599999 ], [ 27.012811278699999, -18.620039248499999 ], [ 27.0100300105, -18.6205607363 ], [ 27.004793264500002, -18.6221317601 ], [ 27.006608788299999, -18.624552458499998 ], [ 27.008404349100001, -18.6266045279 ], [ 27.009348916899999, -18.6280679676 ], [ 27.009833346400001, -18.6297410464 ], [ 27.009829571099999, -18.630138741300001 ], [ 27.010156472799999, -18.630330384200001 ], [ 27.011359113699999, -18.631638919099998 ], [ 27.012125671500002, -18.633242352300002 ], [ 27.012132880399999, -18.633290490299999 ] ], [ [ 26.976414644799998, -18.610143191500001 ], [ 26.9768556591, -18.609261162900001 ], [ 26.978049216500001, -18.607633293500001 ], [ 26.979715081399998, -18.606493367100001 ], [ 26.981664708499999, -18.605970402400001 ], [ 26.983677436, -18.606123589399999 ], [ 26.984788547099999, -18.6064013672 ], [ 26.9866035545, -18.6071917497 ], [ 26.988062566, -18.608529749 ], [ 26.989006753599998, -18.610269710499999 ], [ 26.9891298177, -18.6110054697 ], [ 26.9899591882, -18.6123621654 ], [ 26.991857421100001, -18.614372059 ], [ 26.997861346099999, -18.611730332 ], [ 26.9985536905, -18.611475264500001 ], [ 27.003002734799999, -18.610140551200001 ], [ 26.996047218800001, -18.59449064 ], [ 26.9827658769, -18.602878855899998 ], [ 26.974988014899999, -18.609684485199999 ], [ 26.976184989499998, -18.610012278399999 ], [ 26.976414644799998, -18.610143191500001 ] ], [ [ 27.068513163399999, -18.605803067899998 ], [ 27.068484702500001, -18.605703454899999 ], [ 27.063515615699998, -18.599969893299999 ], [ 27.063212011400001, -18.599914692500001 ], [ 27.061238818, -18.600008654100002 ], [ 27.061277597, -18.600231199700001 ], [ 27.060969877600002, -18.6021751444 ], [ 27.060459224500001, -18.6037071037 ], [ 27.0612139457, -18.6044892092 ], [ 27.06164907, -18.605077906799998 ], [ 27.0626879402, -18.604844605699999 ], [ 27.064585807499999, -18.6050317535 ], [ 27.066329080100001, -18.605805009800001 ], [ 27.066893222499999, -18.6063167077 ], [ 27.068513163399999, -18.605803067899998 ] ], [ [ 26.9462175679, -18.580786400200001 ], [ 26.952405300399999, -18.582333333299999 ], [ 26.955, -18.582333333299999 ], [ 26.955460179, -18.5823510064 ], [ 26.958569301, -18.582590169700001 ], [ 26.959795354200001, -18.582478710299998 ], [ 26.965310107200001, -18.579261771 ], [ 26.966718429699998, -18.578665855899999 ], [ 26.968231653, -18.578445306100001 ], [ 26.979353991100002, -18.578256791899999 ], [ 26.957971912400001, -18.575965854900002 ], [ 26.9565923814, -18.575650197400002 ], [ 26.955325156099999, -18.5750202091 ], [ 26.9525113053, -18.573178415800001 ], [ 26.952048017100001, -18.574493556499998 ], [ 26.951393078100001, -18.575810300600001 ], [ 26.950437504100002, -18.576928172900001 ], [ 26.9462175679, -18.580786400200001 ] ], [ [ 26.980301299899999, -18.590242459300001 ], [ 26.970002448199999, -18.590417016100002 ], [ 26.964689892799999, -18.5935160067 ], [ 26.962209881100001, -18.594308692599999 ], [ 26.9591543256, -18.594586470300001 ], [ 26.958389136899999, -18.5945917839 ], [ 26.9607583164, -18.595067435899999 ], [ 26.9692047821, -18.598799595199999 ], [ 26.975215639, -18.593540095400002 ], [ 26.975962708699999, -18.592982622099999 ], [ 26.980301299899999, -18.590242459300001 ] ], [ [ 26.957784463, -18.5945652481 ], [ 26.954769571100002, -18.5943333333 ], [ 26.9516666667, -18.5943333333 ], [ 26.9502114529, -18.594154188299999 ], [ 26.939825810799999, -18.591557777799999 ], [ 26.938788895, -18.594941397900001 ], [ 26.957784463, -18.5945652481 ] ], [ [ 26.927479545699999, -18.839737943199999 ], [ 26.927561933300002, -18.839908210899999 ], [ 26.9276099862, -18.839853890299999 ], [ 26.927479545699999, -18.839737943199999 ] ] ] ] } },
{ "type": "Feature", "properties": { "begin": 1040.0, "end": 57277.0, "layer": "7948_path", "path": "C:\\DATA\\GIS\\Arnold\\ELE\\7948_path.shp" }, "geometry": { "type": "MultiPolygon", "coordinates": [ [ [ [ 26.833925926100001, -18.803551235800001 ], [ 26.833325912399999, -18.802525730799999 ], [ 26.832914993900001, -18.800836865200001 ], [ 26.833005404800002, -18.799101081 ], [ 26.833283182599999, -18.797712192100001 ], [ 26.8338691352, -18.796071769600001 ], [ 26.8349016001, -18.794668793300001 ], [ 26.836293553899999, -18.7936215155 ], [ 26.839349109400001, -18.7919548488 ], [ 26.839732191100001, -18.791763307899998 ], [ 26.842644293900001, -18.790434980299999 ], [ 26.8431666667, -18.789804590199999 ], [ 26.8431666667, -18.789722222200002 ], [ 26.8436282051, -18.787414529900001 ], [ 26.846405982899999, -18.780747863199998 ], [ 26.847333596, -18.7792162748 ], [ 26.8486718602, -18.77802662 ], [ 26.850301587, -18.777284852 ], [ 26.852077629899998, -18.7770570339 ], [ 26.852629175299999, -18.777152832199999 ], [ 26.850419908700001, -18.773706376300002 ], [ 26.849539821, -18.773760104699999 ], [ 26.845928709900001, -18.773482326900002 ], [ 26.844195696700002, -18.773084792599999 ], [ 26.842655280399999, -18.7721968253 ], [ 26.841442733899999, -18.770896402599998 ], [ 26.840664537799999, -18.769297722099999 ], [ 26.840389030200001, -18.7675411733 ], [ 26.840640404799998, -18.765781008800001 ], [ 26.8413965871, -18.7641717988 ], [ 26.841952142699999, -18.763338465499999 ], [ 26.8431962742, -18.761981453800001 ], [ 26.844585163, -18.760870342699999 ], [ 26.846092772, -18.759989597899999 ], [ 26.847790118900001, -18.7595801963 ], [ 26.850238739400002, -18.759357594400001 ], [ 26.853967044400001, -18.755886413900001 ], [ 26.855858760499999, -18.754694401399998 ], [ 26.857857446, -18.754315349399999 ], [ 26.857919011300002, -18.753935966699999 ], [ 26.8588111111, -18.752233333300001 ], [ 26.859644444400001, -18.751122222199999 ], [ 26.860982527800001, -18.7498216985 ], [ 26.862655439, -18.748995141 ], [ 26.864501378300002, -18.748722492300001 ], [ 26.866341811, -18.749030122400001 ], [ 26.880508477700001, -18.753752344700001 ], [ 26.881730792799999, -18.7543192531 ], [ 26.888119681700001, -18.758208142 ], [ 26.888951027600001, -18.758817873200002 ], [ 26.8930996771, -18.7624479415 ], [ 26.895272645599999, -18.7638965871 ], [ 26.896442513499998, -18.764918073499999 ], [ 26.897311007599999, -18.766205607300002 ], [ 26.897597092800002, -18.766777777800002 ], [ 26.897637445200001, -18.766777777800002 ], [ 26.900498152899999, -18.7658242085 ], [ 26.902269300099999, -18.7648634558 ], [ 26.9031026334, -18.764585678 ], [ 26.905046578099999, -18.764277958600001 ], [ 26.9069855109, -18.764615821700001 ], [ 26.9087108021, -18.7655629132 ], [ 26.910036809800001, -18.767017325800001 ], [ 26.910820855, -18.768822564 ], [ 26.911098632800002, -18.769933675099999 ], [ 26.911203952099999, -18.771484169400001 ], [ 26.9120847772, -18.771777777800001 ], [ 26.9122222222, -18.771777777800001 ], [ 26.912820625799998, -18.771874885300001 ], [ 26.913185777, -18.771792872500001 ], [ 26.914973256500001, -18.771934443100001 ], [ 26.916639084100002, -18.772597876300001 ], [ 26.916815560100002, -18.772740286800001 ], [ 26.918267747600002, -18.772449849299999 ], [ 26.918700236, -18.772379666100001 ], [ 26.920922458300002, -18.7721018883 ], [ 26.9213940333, -18.772133819699999 ], [ 26.921611781199999, -18.771916880500001 ], [ 26.922914262, -18.7711517965 ], [ 26.9268031509, -18.7694851298 ], [ 26.928352168499998, -18.769055541 ], [ 26.929959649, -18.769052632600001 ], [ 26.934126315699999, -18.769608188199999 ], [ 26.935811448199999, -18.7700912215 ], [ 26.9372850466, -18.7710406954 ], [ 26.9384213232, -18.772375561899999 ], [ 26.9411991009, -18.776820006400001 ], [ 26.941855080700002, -18.778265983499999 ], [ 26.9421087976, -18.779833397600001 ], [ 26.942361908599999, -18.788945393199999 ], [ 26.942371916399999, -18.788975416700001 ], [ 26.9463413442, -18.790519083100001 ], [ 26.948180455100001, -18.791651346199998 ], [ 26.953066213700001, -18.796048529 ], [ 26.958164152799998, -18.7984154293 ], [ 26.96232039, -18.795413702400001 ], [ 26.964031311799999, -18.7945547787 ], [ 26.965925689599999, -18.7942784886 ], [ 26.967810665, -18.7946129601 ], [ 26.9691935329, -18.795361350699999 ], [ 26.9700104936, -18.795542001699999 ], [ 26.971682526, -18.796555571500001 ], [ 26.975571414899999, -18.7998889048 ], [ 26.975909307399998, -18.8002018038 ], [ 26.9851052448, -18.809397741200002 ], [ 26.9903815272, -18.810277121599999 ], [ 26.9975531971, -18.8086577123 ], [ 26.9989359667, -18.808196789099998 ], [ 27.000603074200001, -18.807893308800001 ], [ 27.002288547100001, -18.8080680339 ], [ 27.003399658199999, -18.808345811700001 ], [ 27.0034454649, -18.808364799900001 ], [ 27.0041633845, -18.808192748300002 ], [ 27.005858965800002, -18.808275332800001 ], [ 27.007463550200001, -18.808829521300002 ], [ 27.008848690099999, -18.809810950599999 ], [ 27.014126467899999, -18.814810950599998 ], [ 27.014580317699998, -18.8152910132 ], [ 27.018261777799999, -18.819641829799998 ], [ 27.018966016899999, -18.818937590699999 ], [ 27.021595626700002, -18.815979279699999 ], [ 27.020347725499999, -18.8116683485 ], [ 27.0201275101, -18.8095566955 ], [ 27.020656503600001, -18.8075005488 ], [ 27.021868470400001, -18.805757359299999 ], [ 27.025479581500001, -18.8021462482 ], [ 27.027426121600001, -18.800845611700002 ], [ 27.0276279102, -18.800805473499999 ], [ 27.028815010500001, -18.800012278400001 ], [ 27.029177518499999, -18.799940171100001 ], [ 27.030717125599999, -18.797840706900001 ], [ 27.032068126399999, -18.7965064881 ], [ 27.034012570800002, -18.795117599200001 ], [ 27.035663944900001, -18.794287828600002 ], [ 27.038866720400001, -18.793258365100002 ], [ 27.0404742156, -18.790698280099999 ], [ 27.041694854900001, -18.789295960600001 ], [ 27.0432861707, -18.788334620899999 ], [ 27.045095376599999, -18.787906562 ], [ 27.052317598799998, -18.787351006400002 ], [ 27.053683930199998, -18.787402154 ], [ 27.0721682621, -18.790226149199999 ], [ 27.076433731200002, -18.788675069500002 ], [ 27.072594496200001, -18.786755452 ], [ 27.0707623176, -18.7853399165 ], [ 27.0688178732, -18.7831176943 ], [ 27.067702019, -18.7812374875 ], [ 27.067333926500002, -18.779082303900001 ], [ 27.067762473199998, -18.7769383226 ], [ 27.0681981424, -18.775849149599999 ], [ 27.069954176700001, -18.7695775983 ], [ 27.071263195499998, -18.7607884723 ], [ 27.071017093599998, -18.7603538095 ], [ 27.070847218200001, -18.7593743491 ], [ 27.070648987399998, -18.7591314682 ], [ 27.070613554600001, -18.7590402555 ], [ 27.0687632773, -18.757431318799998 ], [ 27.065454772199999, -18.755611641 ], [ 27.0638510904, -18.755903219499999 ], [ 27.06210765, -18.75596246 ], [ 27.060451727, -18.755525831500002 ], [ 27.059119588800002, -18.755969877599998 ], [ 27.058810041499999, -18.756020110200001 ], [ 27.0582086161, -18.756196141299998 ], [ 27.057541927599999, -18.756307256100001 ], [ 27.057069768200002, -18.756970487899999 ], [ 27.0555858968, -18.7580800856 ], [ 27.053834233700002, -18.7586840373 ], [ 27.051981823399998, -18.758724748100001 ], [ 27.050205318, -18.758198335900001 ], [ 27.049734696400002, -18.7578776593 ], [ 27.043150932100001, -18.757371215799999 ], [ 27.042668420799998, -18.757314370700001 ], [ 27.0304461986, -18.755369926299998 ], [ 27.028872528200001, -18.7548912719 ], [ 27.027487972700001, -18.7540032659 ], [ 27.0267952978, -18.753222222200002 ], [ 27.026666666699999, -18.753222222200002 ], [ 27.024860004800001, -18.752943758099999 ], [ 27.023221039700001, -18.7521342131 ], [ 27.021901902500002, -18.750868730400001 ], [ 27.021025037200001, -18.7492647738 ], [ 27.0206718357, -18.7474712247 ], [ 27.020701841, -18.7472030313 ], [ 27.019134255400001, -18.7466900999 ], [ 27.017517437199999, -18.745438778699999 ], [ 27.0164146322, -18.7437172309 ], [ 27.015747907800002, -18.742133760400002 ], [ 27.014089354500001, -18.742341079599999 ], [ 27.005490050199999, -18.743450667200001 ], [ 27.0037461107, -18.743420068100001 ], [ 27.002084659600001, -18.742889180199999 ], [ 27.000646101800001, -18.741902867499999 ], [ 26.9995520057, -18.740544480499999 ], [ 26.998894830499999, -18.738928812800001 ], [ 26.998730112200001, -18.7371924 ], [ 26.9989455525, -18.736113858300001 ], [ 26.997876629, -18.735484743200001 ], [ 26.990376629, -18.7293736321 ], [ 26.989987128799999, -18.728910043300001 ], [ 26.978393162300002, -18.730655371600001 ], [ 26.977239376699998, -18.730716559200001 ], [ 26.95807271, -18.729883225799998 ], [ 26.955917353899999, -18.729380978 ], [ 26.954090692600001, -18.728131529599999 ], [ 26.953535137100001, -18.727575974 ], [ 26.952354513100001, -18.725900082199999 ], [ 26.9518069778, -18.723924559 ], [ 26.951956448299999, -18.721880018699999 ], [ 26.952785476, -18.720005132200001 ], [ 26.953341031600001, -18.719171798800001 ], [ 26.954278985599998, -18.7180770752 ], [ 26.957612318900001, -18.7150215196 ], [ 26.958579692099999, -18.7142994869 ], [ 26.961357469900001, -18.7126328202 ], [ 26.9632677476, -18.711894293699999 ], [ 26.9682831282, -18.7108912176 ], [ 26.968859907300001, -18.710660506 ], [ 26.976555599099999, -18.706572169699999 ], [ 26.976674364899999, -18.706394021 ], [ 26.977424026, -18.705479581500001 ], [ 26.978812914900001, -18.704090692600001 ], [ 26.979727354400001, -18.703341031600001 ], [ 26.981394021, -18.702229920499999 ], [ 26.983073895499999, -18.701453078499998 ], [ 26.986214539799999, -18.7005557516 ], [ 26.9867828225, -18.6997336612 ], [ 26.988311356699999, -18.698582159600001 ], [ 26.988318739299999, -18.698579669499999 ], [ 26.988978554700001, -18.6979198541 ], [ 26.989527513300001, -18.697641643800001 ], [ 26.990621614799998, -18.696634279600001 ], [ 26.992467055399999, -18.6958375681 ], [ 26.993687576, -18.695750828400001 ], [ 26.993916304700001, -18.695253521800002 ], [ 26.9952517378, -18.693839200399999 ], [ 26.996969444200001, -18.692926418300001 ], [ 26.998888888900002, -18.6926111111 ], [ 27.001111111099998, -18.6926111111 ], [ 27.003418803399999, -18.693072649600001 ], [ 27.006511787600001, -18.694361393 ], [ 27.0123747775, -18.696226889799998 ], [ 27.012919071300001, -18.696429574300002 ], [ 27.014863515799998, -18.697262907599999 ], [ 27.0156743965, -18.697696877799999 ], [ 27.0187404865, -18.695760399899999 ], [ 27.0204463231, -18.695023373600002 ], [ 27.022295858100001, -18.6948436331 ], [ 27.024111685899999, -18.695238419199999 ], [ 27.025719633800001, -18.6961698641 ], [ 27.025740850599998, -18.696187039600002 ], [ 27.026235828299999, -18.696026080900001 ], [ 27.027902495, -18.6957483031 ], [ 27.029844258400001, -18.695743215899999 ], [ 27.031685960899999, -18.696358523099999 ], [ 27.033234711199999, -18.697529780299998 ], [ 27.0343283005, -18.699134315599999 ], [ 27.034852191300001, -18.701004077499999 ], [ 27.0351089053, -18.703314503600001 ], [ 27.036322564, -18.702790256099998 ], [ 27.037433675100001, -18.702512478300001 ], [ 27.03928263, -18.702346266599999 ], [ 27.041093892300001, -18.7027531936 ], [ 27.0426940708, -18.703694304300001 ], [ 27.0439299813, -18.705079506699999 ], [ 27.044683310700002, -18.7067761962 ], [ 27.044702580900001, -18.706955260499999 ], [ 27.0447622318, -18.706982533800002 ], [ 27.0462112851, -18.7083745013 ], [ 27.047119516199999, -18.710166830799999 ], [ 27.047385068800001, -18.712158516199999 ], [ 27.046978161599998, -18.7141261939 ], [ 27.046553905100001, -18.7148333333 ], [ 27.049444444399999, -18.7148333333 ], [ 27.051137389200001, -18.715077124699999 ], [ 27.052692758900001, -18.7157886874 ], [ 27.0539841583, -18.716910197099999 ], [ 27.054906643300001, -18.718350515699999 ], [ 27.056094763800001, -18.720964380800002 ], [ 27.056532786199998, -18.721621414299999 ], [ 27.059382531800001, -18.722898886500001 ], [ 27.0598492132, -18.721333368100002 ], [ 27.06084903, -18.719840902600001 ], [ 27.062245845500001, -18.718711303799999 ], [ 27.0639144475, -18.718045830600001 ], [ 27.0657052601, -18.7179041367 ], [ 27.069594149, -18.718181914500001 ], [ 27.070132712300001, -18.718289022 ], [ 27.069935658399999, -18.715727321700001 ], [ 27.068834613300002, -18.714803411199998 ], [ 27.067864300299998, -18.713301060500001 ], [ 27.067379905500001, -18.711579454599999 ], [ 27.067424467, -18.709791556599999 ], [ 27.067994025600001, -18.708096219400002 ], [ 27.069037976499999, -18.706644072100001 ], [ 27.070463565699999, -18.705564136700001 ], [ 27.0721441309, -18.7049523642 ], [ 27.073930355600002, -18.704863110200002 ], [ 27.0767081334, -18.705140888 ], [ 27.077845680199999, -18.705469767299999 ], [ 27.078648490500001, -18.7049674913 ], [ 27.079666128100001, -18.7047756234 ], [ 27.079655897399999, -18.7047347006 ], [ 27.084100341799999, -18.703623589399999 ], [ 27.0858519232, -18.703451768400001 ], [ 27.087578004099999, -18.703795577200001 ], [ 27.089130066900001, -18.704625433299999 ], [ 27.0903745667, -18.705869933100001 ], [ 27.091204422800001, -18.707421995899999 ], [ 27.091548231600001, -18.709148076799998 ], [ 27.091376410599999, -18.710899658199999 ], [ 27.0906098349, -18.7139659612 ], [ 27.0909092799, -18.714174760399999 ], [ 27.092216765700002, -18.713492348599999 ], [ 27.0939812158, -18.713169533399999 ], [ 27.095762240700001, -18.713382711 ], [ 27.103817796200001, -18.715604933200002 ], [ 27.1058222222, -18.716588888899999 ], [ 27.109155555600001, -18.7190888889 ], [ 27.1093037258, -18.719203676 ], [ 27.112634780299999, -18.721868519600001 ], [ 27.1132862555, -18.722085678 ], [ 27.114643597699999, -18.722924561599999 ], [ 27.1225620146, -18.725734322400001 ], [ 27.124383334899999, -18.726768487899999 ], [ 27.125738229, -18.7283656627 ], [ 27.127682673399999, -18.7316989961 ], [ 27.1283672104, -18.733466896700001 ], [ 27.128465993900001, -18.7353601228 ], [ 27.128307314899999, -18.735944444400001 ], [ 27.130555555600001, -18.735944444400001 ], [ 27.132665915600001, -18.736327828 ], [ 27.1332929117, -18.736702920500001 ], [ 27.133460327600002, -18.735645898 ], [ 27.1343125647, -18.7339732885 ], [ 27.135639955199998, -18.732645898 ], [ 27.136239892700001, -18.732340214600001 ], [ 27.136257009099999, -18.732306621799999 ], [ 27.137584399600001, -18.730979231399999 ], [ 27.138212887800002, -18.730659000599999 ], [ 27.138613137099998, -18.729920078900001 ], [ 27.139970736900001, -18.728233761399999 ], [ 27.141838430499998, -18.727139017199999 ], [ 27.144893986100001, -18.726027906100001 ], [ 27.1465296063, -18.725681024699998 ], [ 27.148197440800001, -18.725798958399999 ], [ 27.149767973900001, -18.726372549 ], [ 27.152255374399999, -18.727699162699999 ], [ 27.152528538599999, -18.7276650172 ], [ 27.151118809300002, -18.725550423400001 ], [ 27.150368559, -18.723960927099998 ], [ 27.150111111099999, -18.722222222199999 ], [ 27.150368559, -18.7204835173 ], [ 27.151118809300002, -18.718894021 ], [ 27.1516743649, -18.7180606877 ], [ 27.152182210799999, -18.7174027059 ], [ 27.161071099600001, -18.707402705900002 ], [ 27.1632043832, -18.705868745 ], [ 27.178204383200001, -18.699479856100002 ], [ 27.179800711399999, -18.699047671900001 ], [ 27.181454387799999, -18.699067707 ], [ 27.191581300900001, -18.700602087699998 ], [ 27.1975608035, -18.6989411148 ], [ 27.197711452899998, -18.698901367200001 ], [ 27.203267008499999, -18.697512478299998 ], [ 27.205220495100001, -18.697354058799998 ], [ 27.208553828399999, -18.697631836599999 ], [ 27.210380428699999, -18.698079839599998 ], [ 27.211978598799998, -18.6990713169 ], [ 27.213191310900001, -18.7005088511 ], [ 27.213713027299999, -18.7017925848 ], [ 27.213831468199999, -18.701753042299998 ], [ 27.221592534199999, -18.699424722500002 ], [ 27.225232026099999, -18.697483660100001 ], [ 27.226966341699999, -18.696877471600001 ], [ 27.228802780599999, -18.696824488400001 ], [ 27.230569160600002, -18.697329678100001 ], [ 27.232099868199999, -18.698345674900001 ], [ 27.233251386, -18.699777220200001 ], [ 27.233915749299999, -18.701490093899999 ], [ 27.234002455799999, -18.702873553300002 ], [ 27.234167531099999, -18.7025154058 ], [ 27.235409118500002, -18.701155638199999 ], [ 27.237004594599998, -18.700236419500001 ], [ 27.2388036963, -18.699844322400001 ], [ 27.2404382229, -18.6997452602 ], [ 27.241636227099999, -18.698642707699999 ], [ 27.2432407985, -18.697874804800001 ], [ 27.245, -18.697611111099999 ], [ 27.247222222200001, -18.697611111099999 ], [ 27.248479396800001, -18.6977442966 ], [ 27.252368285599999, -18.69857763 ], [ 27.254105467700001, -18.699245037899999 ], [ 27.255554589799999, -18.700412633799999 ], [ 27.2565762449, -18.7019680937 ], [ 27.257072148799999, -18.703761781099999 ], [ 27.256994595199998, -18.7056211413 ], [ 27.256864175099999, -18.7062732415 ], [ 27.256913025500001, -18.706243931300001 ], [ 27.2585860939, -18.705557862399999 ], [ 27.260387586299998, -18.705401420600001 ], [ 27.262153874500001, -18.7057888153 ], [ 27.264029866, -18.7065103505 ], [ 27.2680547213, -18.705552051600002 ], [ 27.2700124188, -18.705415832300002 ], [ 27.271909356799998, -18.705918586599999 ], [ 27.273063864699999, -18.706687630099999 ], [ 27.274002877, -18.706159435699998 ], [ 27.275828714199999, -18.705493539399999 ], [ 27.277771613100001, -18.705446179700001 ], [ 27.279627726, -18.706022325700001 ], [ 27.284072128599998, -18.708244527 ], [ 27.288749182, -18.7094753306 ], [ 27.289524804300001, -18.7097371897 ], [ 27.3109136932, -18.7186260786 ], [ 27.311761755100001, -18.719060450600001 ], [ 27.3248173106, -18.727116006100001 ], [ 27.326130688300001, -18.7282131686 ], [ 27.327080902100001, -18.7296364816 ], [ 27.327590648899999, -18.731270153600001 ], [ 27.330033519099999, -18.7464702348 ], [ 27.330305501600002, -18.746618262 ], [ 27.331574957800001, -18.747937993600001 ], [ 27.3323872325, -18.7495791578 ], [ 27.3326666667, -18.751388888899999 ], [ 27.3326666667, -18.765122038600001 ], [ 27.333720730300001, -18.7854127632 ], [ 27.336891118899999, -18.793735033400001 ], [ 27.338131529599998, -18.794646248199999 ], [ 27.3392426407, -18.795757359300001 ], [ 27.340346039100002, -18.797276057 ], [ 27.34092613, -18.799061393199999 ], [ 27.34092613, -18.800938606799999 ], [ 27.340346039100002, -18.802723943 ], [ 27.3392426407, -18.8042426407 ], [ 27.338964862899999, -18.804520418500001 ], [ 27.3376440093, -18.805518308300002 ], [ 27.336100739700001, -18.8061172717 ], [ 27.3360962215, -18.806117695099999 ], [ 27.335550792, -18.807882319899999 ], [ 27.335154262900001, -18.8105787175 ], [ 27.336341811, -18.810974566900001 ], [ 27.338151373799999, -18.8119487566 ], [ 27.338352796399999, -18.812107017199999 ], [ 27.3385696444, -18.812085332399999 ], [ 27.340252586, -18.812154642100001 ], [ 27.3418499482, -18.812688992399998 ], [ 27.3429610594, -18.813244548 ], [ 27.3431442758, -18.8133704428 ], [ 27.343180935, -18.813333783600001 ], [ 27.343142734899999, -18.8132873771 ], [ 27.342977160499998, -18.8128503929 ], [ 27.341855659099998, -18.811294392699999 ], [ 27.341577881300001, -18.810738837100001 ], [ 27.341022325699999, -18.809627726 ], [ 27.340403983600002, -18.807369778599998 ], [ 27.340696789100001, -18.805047077800001 ], [ 27.340974566900002, -18.8042137445 ], [ 27.3413001035, -18.803427829499999 ], [ 27.341577881300001, -18.802872274 ], [ 27.3424552269, -18.801574735799999 ], [ 27.343638505200001, -18.800548484 ], [ 27.3450470778, -18.799863455800001 ], [ 27.345951469399999, -18.799561991899999 ], [ 27.3469495766, -18.7988965871 ], [ 27.349086405400001, -18.798008359 ], [ 27.3510126999, -18.7979971199 ], [ 27.352597430900001, -18.7976286265 ], [ 27.3544096846, -18.797765913500001 ], [ 27.356097692799999, -18.7984395155 ], [ 27.356675661800001, -18.798910507900001 ], [ 27.3569976436, -18.7989373397 ], [ 27.357205647800001, -18.7985420312 ], [ 27.358764450799999, -18.797134232400001 ], [ 27.360986673, -18.795745343499998 ], [ 27.3625125716, -18.795065840900001 ], [ 27.363910503, -18.7948693409 ], [ 27.364222514600002, -18.794652935599999 ], [ 27.365753737199999, -18.794119335400001 ], [ 27.367371926699999, -18.794015247800001 ], [ 27.371260815599999, -18.794293025599998 ], [ 27.371495922499999, -18.7943144754 ], [ 27.373995922500001, -18.794592253099999 ], [ 27.374981660100001, -18.794786411899999 ], [ 27.378870549, -18.795897523 ], [ 27.380946439900001, -18.796962391699999 ], [ 27.3876131066, -18.802240169499999 ], [ 27.3888533798, -18.8035749 ], [ 27.389635846600001, -18.805220357100001 ], [ 27.3907907613, -18.809070072699999 ], [ 27.395675365100001, -18.813203199 ], [ 27.396413371600001, -18.813172015599999 ], [ 27.3968332691, -18.813168980099999 ], [ 27.406833269100002, -18.8134467579 ], [ 27.407104520499999, -18.813460442099998 ], [ 27.4184934094, -18.814293775399999 ], [ 27.420997123, -18.815048324599999 ], [ 27.4254415674, -18.817548324600001 ], [ 27.426765072799999, -18.8185576885 ], [ 27.427760347500001, -18.819891821300001 ], [ 27.428218767600001, -18.821100065 ], [ 27.429414636499999, -18.821378174100001 ], [ 27.431745746299999, -18.822491208399999 ], [ 27.443688185799999, -18.831806311200001 ], [ 27.444194360600001, -18.8314774798 ], [ 27.445937270600002, -18.830988944400001 ], [ 27.447746563799999, -18.831042426 ], [ 27.4494575742, -18.831633057200001 ], [ 27.450914581, -18.832707083900001 ], [ 27.45198498, -18.834166757799998 ], [ 27.452435206200001, -18.8354816214 ], [ 27.4529610594, -18.835744548 ], [ 27.454676489, -18.837030505800001 ], [ 27.455830302599999, -18.838837464699999 ], [ 27.456275184300001, -18.8409347168 ], [ 27.456281167699998, -18.841138151100001 ], [ 27.457217770700002, -18.841500356200001 ], [ 27.458126827, -18.842262811299999 ], [ 27.4607901784, -18.841471004100001 ], [ 27.460838771, -18.8414567805 ], [ 27.477227659899999, -18.836734558300002 ], [ 27.478669815899998, -18.8365040007 ], [ 27.480124951800001, -18.8366287013 ], [ 27.490680507299999, -18.838850923500001 ], [ 27.492440536299998, -18.8395238154 ], [ 27.493905076899999, -18.840709398 ], [ 27.494929689399999, -18.8422907438 ], [ 27.495413321899999, -18.844111893099999 ], [ 27.495308276300001, -18.8459932359 ], [ 27.494624912700001, -18.847749225499999 ], [ 27.4934306275, -18.8492066781 ], [ 27.492064552199999, -18.8504209673 ], [ 27.492106554700001, -18.8507893411 ], [ 27.491759620900002, -18.852579002500001 ], [ 27.4908912587, -18.854181874399998 ], [ 27.486163468400001, -18.860413961599999 ], [ 27.487334894300002, -18.863049669799999 ], [ 27.488718144700002, -18.863203364299999 ], [ 27.4907388371, -18.863800103500001 ], [ 27.4914282662, -18.864144818100002 ], [ 27.491948756599999, -18.8632375151 ], [ 27.495004312199999, -18.859348626199999 ], [ 27.496221849699999, -18.858182425900001 ], [ 27.497715763199999, -18.8574009891 ], [ 27.506326874300001, -18.854345433500001 ], [ 27.508045443, -18.854006910700001 ], [ 27.509788547100001, -18.854179145 ], [ 27.5153441026, -18.855568033899999 ], [ 27.516079414099998, -18.8558030497 ], [ 27.5302460807, -18.861358605300001 ], [ 27.531979278, -18.862405237200001 ], [ 27.533265671, -18.863968760199999 ], [ 27.533958775, -18.865871131799999 ], [ 27.534043206700002, -18.866335506199999 ], [ 27.546749547499999, -18.865573125699999 ], [ 27.549749687799999, -18.861293513900002 ], [ 27.549867478399999, -18.8601941346 ], [ 27.5502876752, -18.8585429894 ], [ 27.5511550439, -18.857076525099998 ], [ 27.5633649858, -18.841871691800002 ], [ 27.563975878099999, -18.8410002719 ], [ 27.5643333493, -18.8405396962 ], [ 27.566000015899998, -18.838595251800001 ], [ 27.567413220500001, -18.837388666500001 ], [ 27.569127827, -18.8366723426 ], [ 27.5709793762, -18.836514987400001 ], [ 27.572790274, -18.836931693899999 ], [ 27.574386825400001, -18.8378824929 ], [ 27.5756158947, -18.839276187300001 ], [ 27.576359593700001, -18.840979098599998 ], [ 27.576546589599999, -18.842827889500001 ], [ 27.5761589462, -18.844645230400001 ], [ 27.575233845, -18.8462568082 ], [ 27.572966475899999, -18.849080324500001 ], [ 27.561351779500001, -18.865648347200001 ], [ 27.5601325216, -18.877028087599999 ], [ 27.5595825694, -18.878971135600001 ], [ 27.558419133299999, -18.880621680800001 ], [ 27.556774001099999, -18.881792758500001 ], [ 27.554833524399999, -18.8823517155 ], [ 27.552817509600001, -18.882235236100001 ], [ 27.550329094399999, -18.8816609864 ], [ 27.5463612223, -18.882271428300001 ], [ 27.537891668099999, -18.891682044 ], [ 27.531873632100002, -18.8990678155 ], [ 27.5301503393, -18.900514774099999 ], [ 27.528015204500001, -18.901225145200002 ], [ 27.523848537900001, -18.901780700700002 ], [ 27.5223113471, -18.901787000599999 ], [ 27.5178669027, -18.901231445 ], [ 27.516134460899998, -18.900742775800001 ], [ 27.514624928100002, -18.899762233699999 ], [ 27.512543693, -18.897912247 ], [ 27.512402806200001, -18.8978277149 ], [ 27.5114732885, -18.897354102 ], [ 27.511195510699999, -18.8970763242 ], [ 27.5106595052, -18.896540318700001 ], [ 27.510659504900001, -18.8965403184 ], [ 27.510153448, -18.896111477 ], [ 27.510036142899999, -18.895916956299999 ], [ 27.509868120299998, -18.895748933699998 ], [ 27.509504739600001, -18.895035759 ], [ 27.509150420299999, -18.894448210499998 ], [ 27.509108329699998, -18.894257760799999 ], [ 27.509015883099998, -18.8940763242 ], [ 27.508883484399998, -18.893240391700001 ], [ 27.508731274100001, -18.8925516778 ], [ 27.508748765, -18.892389806499999 ], [ 27.508722222199999, -18.892222222200001 ], [ 27.508862734, -18.891335065500002 ], [ 27.508939932699999, -18.890620620699998 ], [ 27.508994649400002, -18.890502184700001 ], [ 27.509015883099998, -18.8903681203 ], [ 27.509452208900001, -18.889511782700001 ], [ 27.5097545301, -18.888857399 ], [ 27.5098219007, -18.888786221699998 ], [ 27.509868120299998, -18.8886955107 ], [ 27.510609317, -18.887954314 ], [ 27.511089703100001, -18.887446784600002 ], [ 27.511147511699999, -18.887416119299999 ], [ 27.511195510699999, -18.8873681203 ], [ 27.5122719172, -18.886819663800001 ], [ 27.512743625599999, -18.886569439900001 ], [ 27.5118594142, -18.8812641717 ], [ 27.511858750199998, -18.8811555174 ], [ 27.511832364100002, -18.88117308 ], [ 27.505721253, -18.885061968900001 ], [ 27.505183281600001, -18.8853665631 ], [ 27.500183281599998, -18.887866563100001 ], [ 27.498398785100001, -18.888382907899999 ], [ 27.498173420299999, -18.889730289500001 ], [ 27.497229232599999, -18.891470251 ], [ 27.495770221200001, -18.8928082503 ], [ 27.4939552138, -18.8935986328 ], [ 27.492844102599999, -18.893876410600001 ], [ 27.490716139700002, -18.894017720299999 ], [ 27.4886731711, -18.8934057777 ], [ 27.486973302799999, -18.8921178947 ], [ 27.482542611100001, -18.887301925500001 ], [ 27.473760815599999, -18.887929196599998 ], [ 27.473144029, -18.887888182200001 ], [ 27.4731392982, -18.8884940883 ], [ 27.472813962099998, -18.8894593397 ], [ 27.4734213232, -18.8904311175 ], [ 27.474151038700001, -18.892143356199998 ], [ 27.474299348700001, -18.893761464800001 ], [ 27.474828976800001, -18.894179592299999 ], [ 27.476150363199999, -18.895632213 ], [ 27.4769319661, -18.8974336751 ], [ 27.479431966100002, -18.907433675099998 ], [ 27.479598285400002, -18.909280990399999 ], [ 27.4791924578, -18.9110908356 ], [ 27.478253264900001, -18.912690258200001 ], [ 27.476870458, -18.913926413900001 ], [ 27.475176181, -18.9146811731 ], [ 27.473332342700001, -18.914882409400001 ], [ 27.462660403800001, -18.914386040099998 ], [ 27.4626972057, -18.914402664600001 ], [ 27.468804916700002, -18.918343123300001 ], [ 27.472116208300001, -18.9171390172 ], [ 27.4738338465, -18.916787015699999 ], [ 27.478793833699999, -18.916511460799999 ], [ 27.4867857196, -18.9159602963 ], [ 27.490373154299999, -18.915684339799999 ], [ 27.492557420600001, -18.915919709 ], [ 27.4948329401, -18.916602364799999 ], [ 27.499034380800001, -18.9170966519 ], [ 27.5009498965, -18.917656148399999 ], [ 27.5019307331, -18.9183539004 ], [ 27.501939312299999, -18.918341031600001 ], [ 27.5047191727, -18.9201942718 ], [ 27.507366852699999, -18.9212126103 ], [ 27.5090674036, -18.921637748 ], [ 27.513856909, -18.920240808900001 ], [ 27.513956884799999, -18.9201884406 ], [ 27.513813520900001, -18.919376045300002 ], [ 27.513772925600001, -18.9175549568 ], [ 27.514280659099999, -18.9158056088 ], [ 27.515289925099999, -18.9142892337 ], [ 27.5167077025, -18.913145591 ], [ 27.518403319200001, -18.912480086799999 ], [ 27.520220495099998, -18.912354058799998 ], [ 27.523553828400001, -18.912631836599999 ], [ 27.525580043600002, -18.913168045799999 ], [ 27.5272981962, -18.914368470399999 ], [ 27.527575974, -18.9146462482 ], [ 27.528715494699998, -18.916237033200002 ], [ 27.529282547200001, -18.918109880199999 ], [ 27.529216817399998, -18.920065585700002 ], [ 27.528939039600001, -18.921454474600001 ], [ 27.528538424800001, -18.9227146086 ], [ 27.527858359500001, -18.9242447556 ], [ 27.534439195200001, -18.937406427 ], [ 27.537423781400001, -18.942457265200002 ], [ 27.541012100100001, -18.945479007300001 ], [ 27.542506034199999, -18.945992547100001 ], [ 27.543339597500001, -18.946351677500001 ], [ 27.560839597499999, -18.9555183441 ], [ 27.562294404799999, -18.956586904600002 ], [ 27.563365562600001, -18.9580398005 ], [ 27.5639561226, -18.9597455334 ], [ 27.564012634499999, -18.961549720699999 ], [ 27.563529983399999, -18.963289069399998 ], [ 27.562551853199999, -18.964806154400002 ], [ 27.5611667724, -18.965963667600001 ], [ 27.559500101800001, -18.966656844799999 ], [ 27.557702688300001, -18.966822948099999 ], [ 27.555937212, -18.966446943600001 ], [ 27.5412149898, -18.960891388099999 ], [ 27.539468518900001, -18.959867245 ], [ 27.5349945006, -18.956099650700001 ], [ 27.5215439304, -18.951476017099999 ], [ 27.515787003900002, -18.951015463 ], [ 27.507608515899999, -18.951543107399999 ], [ 27.506809409700001, -18.9515413375 ], [ 27.498753854099999, -18.950985782 ], [ 27.496827558, -18.9505252666 ], [ 27.495156139700001, -18.949462698 ], [ 27.493921723, -18.9479138576 ], [ 27.493377594199998, -18.9469344257 ], [ 27.493054190799999, -18.946758023899999 ], [ 27.492127135200001, -18.947163610699999 ], [ 27.490499316499999, -18.947616130899998 ], [ 27.4888098791, -18.947596896899999 ], [ 27.4854870582, -18.947085693599998 ], [ 27.480778291, -18.946824095499998 ], [ 27.478860131200001, -18.946395085700001 ], [ 27.4771835381, -18.945369209300001 ], [ 27.475928437699999, -18.943856559499999 ], [ 27.473983993299999, -18.9405232262 ], [ 27.4738681788, -18.940218120800001 ], [ 27.470514861200002, -18.9373119123 ], [ 27.470201803799998, -18.937020418500001 ], [ 27.4677563248, -18.934574939499999 ], [ 27.461637646300002, -18.9333906791 ], [ 27.460549433699999, -18.933070860099999 ], [ 27.4480494337, -18.9280708601 ], [ 27.445891446200001, -18.926593909499999 ], [ 27.445385574100001, -18.926051903699999 ], [ 27.444826127100001, -18.927321053299998 ], [ 27.443769875800001, -18.9285957186 ], [ 27.4424055038, -18.929533229800001 ], [ 27.439072170500001, -18.931199896500001 ], [ 27.437281064800001, -18.9317666311 ], [ 27.435402495, -18.931751696900001 ], [ 27.433735828300001, -18.9314739191 ], [ 27.4319985146, -18.930901714600001 ], [ 27.43051433, -18.929832662399999 ], [ 27.429421207699999, -18.928366115199999 ], [ 27.428820737799999, -18.926638367300001 ], [ 27.428768725, -18.924809987900002 ], [ 27.429270003300001, -18.923050898100001 ], [ 27.430277986099998, -18.9215245798 ], [ 27.4316989961, -18.920372882199999 ], [ 27.4318364477, -18.920292702099999 ], [ 27.431789462299999, -18.919540936400001 ], [ 27.4317798543, -18.919008826599999 ], [ 27.431789510400002, -18.9186418956 ], [ 27.427633394699999, -18.922526960199999 ], [ 27.425595567, -18.924819516399999 ], [ 27.424204087, -18.925974685300002 ], [ 27.422531607300002, -18.926662757900001 ], [ 27.4207300743, -18.926821222 ], [ 27.4189631588, -18.926435681200001 ], [ 27.417391386799999, -18.925541162 ], [ 27.4161575549, -18.924218932399999 ], [ 27.415373758099999, -18.922589118099999 ], [ 27.415111204900001, -18.920799789299998 ], [ 27.415393748500001, -18.919013507900001 ], [ 27.416195719600001, -18.917392559300001 ], [ 27.420084608500002, -18.911837003700001 ], [ 27.421124346599999, -18.9106974601 ], [ 27.424735457699999, -18.9076419045 ], [ 27.425531142, -18.907179227699999 ], [ 27.422072781499999, -18.9043975029 ], [ 27.421590692599999, -18.903964862900001 ], [ 27.419777866800001, -18.902152037 ], [ 27.417371573800001, -18.900530404800001 ], [ 27.4079401668, -18.9069834728 ], [ 27.408069446599999, -18.907149689699999 ], [ 27.408923481199999, -18.908653827199998 ], [ 27.409312942700002, -18.910339094200001 ], [ 27.409205464599999, -18.912065435199999 ], [ 27.4086099789, -18.913689381499999 ], [ 27.407575974, -18.915075974 ], [ 27.406742640699999, -18.9159093074 ], [ 27.405290856699999, -18.916978080700002 ], [ 27.403587124, -18.917567358300001 ], [ 27.4017852496, -18.917623942199999 ], [ 27.400047900400001, -18.9171427243 ], [ 27.398531918, -18.916167147300001 ], [ 27.398230102, -18.915806908899999 ], [ 27.3932088645, -18.918426684899998 ], [ 27.390266666700001, -18.9206333333 ], [ 27.388519520799999, -18.921540077700001 ], [ 27.386572951, -18.921832601399998 ], [ 27.3846364678, -18.921479419800001 ], [ 27.382918496399999, -18.9205185462 ], [ 27.381529607499999, -18.919407435099998 ], [ 27.380135661099999, -18.917683141200001 ], [ 27.379590342499998, -18.917137822600001 ], [ 27.378738105299998, -18.915465213099999 ], [ 27.378633624, -18.914805544099998 ], [ 27.378121880399998, -18.914987521699999 ], [ 27.377234318100001, -18.915209412199999 ], [ 27.374952922199999, -18.915969877599998 ], [ 27.373055555600001, -18.916277777800001 ], [ 27.371666666700001, -18.916277777800001 ], [ 27.369680625, -18.915939547699999 ], [ 27.367918496400002, -18.914962990599999 ], [ 27.3671668072, -18.914361639199999 ], [ 27.3644915223, -18.913469877600001 ], [ 27.363060149, -18.912769720299998 ], [ 27.361863548900001, -18.911717485600001 ], [ 27.341307993299999, -18.888106374500001 ], [ 27.341016870200001, -18.8877446107 ], [ 27.336596525299999, -18.881794146400001 ], [ 27.335658283800001, -18.8831046056 ], [ 27.3341398524, -18.884221074100001 ], [ 27.333848561100002, -18.884317148499999 ], [ 27.333658936199999, -18.884459677900001 ], [ 27.3319190148, -18.885067623800001 ], [ 27.330076649599999, -18.885118761200001 ], [ 27.328305684299998, -18.884608264800001 ], [ 27.326773225499998, -18.883584304500001 ], [ 27.3256238745, -18.8821435003 ], [ 27.324512763400001, -18.8801990559 ], [ 27.3240301224, -18.879119588799998 ], [ 27.3234261825, -18.877307769 ], [ 27.313947690100001, -18.878436160900002 ], [ 27.3049622015, -18.880069886099999 ], [ 27.303888888900001, -18.880166666699999 ], [ 27.300555555599999, -18.880166666699999 ], [ 27.299253972799999, -18.880023789 ], [ 27.2942539728, -18.878912677900001 ], [ 27.292668300599999, -18.878315190399999 ], [ 27.291312914900001, -18.877298196200002 ], [ 27.2910351371, -18.877020418499999 ], [ 27.289986250199998, -18.8756061582 ], [ 27.289393066100001, -18.873948319699998 ], [ 27.289306669399998, -18.8721896749 ], [ 27.289734500600002, -18.870481677200001 ], [ 27.290639715099999, -18.868971418099999 ], [ 27.291944356399998, -18.8677889601 ], [ 27.2931912142, -18.8671992403 ], [ 27.293857469900001, -18.8667994869 ], [ 27.294616102399999, -18.866414632200001 ], [ 27.299893880199999, -18.86419241 ], [ 27.3003248556, -18.864030122399999 ], [ 27.301158189, -18.8637523447 ], [ 27.3012195005, -18.863732273099998 ], [ 27.308997278300001, -18.861232273100001 ], [ 27.310470363, -18.860955433499999 ], [ 27.3179079274, -18.860504672 ], [ 27.325848147799999, -18.8548040009 ], [ 27.3256904301, -18.8541445872 ], [ 27.325789200300001, -18.852404715900001 ], [ 27.326383785099999, -18.850766614299999 ], [ 27.327424026, -18.849368470400002 ], [ 27.3277018038, -18.849090692600001 ], [ 27.328764450800001, -18.8482453435 ], [ 27.3301005647, -18.847410272299999 ], [ 27.329704982300001, -18.846188962700001 ], [ 27.329183842900001, -18.845363445099999 ], [ 27.328732403299998, -18.843404939 ], [ 27.3289530785, -18.841407228800001 ], [ 27.329328121300001, -18.840094579199999 ], [ 27.3292795616, -18.8395759243 ], [ 27.329308925399999, -18.8383720064 ], [ 27.329096654400001, -18.838322654799999 ], [ 27.3274364854, -18.837292033699999 ], [ 27.326195528100001, -18.835782607799999 ], [ 27.3261759924, -18.8357308579 ], [ 27.319596476400001, -18.835072906400001 ], [ 27.319586118099998, -18.8350742744 ], [ 27.3118085268, -18.842388913800001 ], [ 27.314271871900001, -18.849399972899999 ], [ 27.314605203500001, -18.851122701200001 ], [ 27.314425889900001, -18.852868195199999 ], [ 27.3137492669, -18.854487171399999 ], [ 27.312633202800001, -18.855841166800001 ], [ 27.3111731489, -18.856814380799999 ], [ 27.301173148899998, -18.861536603 ], [ 27.2998293787, -18.861986128 ], [ 27.2984176633, -18.862107991799999 ], [ 27.290945173400001, -18.861866943700001 ], [ 27.2881291295, -18.8628726737 ], [ 27.286216019200001, -18.863221305 ], [ 27.284291889199999, -18.862939776899999 ], [ 27.278180778100001, -18.8609953325 ], [ 27.2781026334, -18.860969877599999 ], [ 27.277688648600002, -18.860831882599999 ], [ 27.273707380299999, -18.860129305899999 ], [ 27.2701280733, -18.859873641099998 ], [ 27.268063317500001, -18.859346796 ], [ 27.266312914899999, -18.858131529600001 ], [ 27.266035137100001, -18.8578537518 ], [ 27.2656529691, -18.857327742700001 ], [ 27.265151937900001, -18.856729727099999 ], [ 27.265061869899998, -18.856514164499998 ], [ 27.264931738600001, -18.856335054100001 ], [ 27.264738362500001, -18.855739903700002 ], [ 27.2645378717, -18.855260062599999 ], [ 27.2577266284, -18.856831888 ], [ 27.253793801899999, -18.858552499599998 ], [ 27.253781245599999, -18.858557975899998 ], [ 27.248037347, -18.8610553231 ], [ 27.246377777799999, -18.8623 ], [ 27.2463255047, -18.862327372799999 ], [ 27.246279834100001, -18.862371919699999 ], [ 27.244687148699999, -18.863188084299999 ], [ 27.2446791375, -18.863189493899998 ], [ 27.244672442300001, -18.863192999799999 ], [ 27.244510800400001, -18.8632191126 ], [ 27.242924594400002, -18.863498203500001 ], [ 27.242845116600002, -18.863488198799999 ], [ 27.242772081799998, -18.8634999973 ], [ 27.2422139984, -18.863408753 ], [ 27.2411489785, -18.863274687299999 ], [ 27.241010177300002, -18.863211933300001 ], [ 27.2408723076, -18.863189392199999 ], [ 27.2403342763, -18.862906348900001 ], [ 27.2395182701, -18.862537420900001 ], [ 27.234796047900002, -18.859481865399999 ], [ 27.234032317499999, -18.858895686499999 ], [ 27.2204157239, -18.846588380699998 ], [ 27.217846125499999, -18.8456000736 ], [ 27.216182232800001, -18.844628677300001 ], [ 27.214912010199999, -18.8431799936 ], [ 27.210745343500001, -18.836513327 ], [ 27.210203274600001, -18.835407565499999 ], [ 27.206314385700001, -18.824852009899999 ], [ 27.205958471900001, -18.823187817400001 ], [ 27.206084131400001, -18.821490637099998 ], [ 27.206681255, -18.8198970077 ], [ 27.207701803799999, -18.8185351371 ], [ 27.208207951799999, -18.818028989 ], [ 27.208478922699999, -18.817195026099999 ], [ 27.2077881821, -18.8159286683 ], [ 27.2075257433, -18.8153838976 ], [ 27.2068834176, -18.813858374100001 ], [ 27.206193732599999, -18.813082478399998 ], [ 27.206037232700002, -18.813043277199998 ], [ 27.2045269736, -18.812138062700001 ], [ 27.203681723599999, -18.811205473 ], [ 27.202858278800001, -18.8105650159 ], [ 27.201773700299999, -18.8106855246 ], [ 27.199692632200001, -18.810552138 ], [ 27.1985080639, -18.810032580200001 ], [ 27.1980881028, -18.810137775 ], [ 27.196329458099999, -18.810051378299999 ], [ 27.195462804799998, -18.809741284899999 ], [ 27.1946435003, -18.810209458900001 ], [ 27.194216584900001, -18.810384625099999 ], [ 27.1938204426, -18.811195346800002 ], [ 27.193430627400001, -18.8116075292 ], [ 27.193089036700002, -18.813201619 ], [ 27.192659321099999, -18.814481757199999 ], [ 27.186825987700001, -18.826981757199999 ], [ 27.185841767900001, -18.828465870599999 ], [ 27.184465288799998, -18.829595732 ], [ 27.182817806199999, -18.830271810500001 ], [ 27.1810444485, -18.830434549700001 ], [ 27.179301433100001, -18.830069613599999 ], [ 27.177742304, -18.829209149899999 ], [ 27.1770044662, -18.828446102699999 ], [ 27.168817776800001, -18.837960363299999 ], [ 27.1651234353, -18.8427412757 ], [ 27.165722222199999, -18.8452777778 ], [ 27.165722222199999, -18.846666666699999 ], [ 27.165661919200002, -18.8475151948 ], [ 27.165384141400001, -18.849459639199999 ], [ 27.1647942761, -18.851327598 ], [ 27.1636341767, -18.8529060085 ], [ 27.162027497, -18.854026629500002 ], [ 27.1601454919, -18.854570014699998 ], [ 27.159024022200001, -18.854701952300001 ], [ 27.157536359400002, -18.855715321400002 ], [ 27.157365738900001, -18.855763446899999 ], [ 27.157208469099999, -18.8558809821 ], [ 27.155356787500001, -18.856485785699999 ], [ 27.148134565300001, -18.857596896899999 ], [ 27.145859975899999, -18.857509977799999 ], [ 27.143781448199999, -18.856582058200001 ], [ 27.1410036704, -18.8546376137 ], [ 27.1395112913, -18.853137482099999 ], [ 27.1391198026, -18.8525719985 ], [ 27.1388827671, -18.852515304600001 ], [ 27.137493878200001, -18.851959749 ], [ 27.136028089900002, -18.8511168257 ], [ 27.134855683, -18.849898418199999 ], [ 27.1340697678, -18.848401290200002 ], [ 27.133732760299999, -18.846744340899999 ], [ 27.133871425100001, -18.8450591623 ], [ 27.1363874593, -18.833988612 ], [ 27.1363548743, -18.833804612200002 ], [ 27.136197303500001, -18.8332531141 ], [ 27.1319140861, -18.829237597799999 ], [ 27.130340947, -18.828538424800001 ], [ 27.128799577900001, -18.827547094900002 ], [ 27.127629347700001, -18.8261367351 ], [ 27.126939430699998, -18.824438922399999 ], [ 27.126794191599998, -18.822612051 ], [ 27.126830938800001, -18.8224531798 ], [ 27.126352474699999, -18.821619271900001 ], [ 27.1259595392, -18.819869778600001 ], [ 27.1261011098, -18.818082299099999 ], [ 27.126764542899998, -18.816416471499998 ], [ 27.127890588100001, -18.8150210692 ], [ 27.129378679199998, -18.8140207143 ], [ 27.130763025, -18.813604769099999 ], [ 27.129715830399999, -18.811684912499999 ], [ 27.125588787, -18.8065868 ], [ 27.1208802588, -18.802139856699998 ], [ 27.119429139899999, -18.800006121799999 ], [ 27.118873584300001, -18.7986172329 ], [ 27.118813003100001, -18.7983639447 ], [ 27.118279621, -18.797777224299999 ], [ 27.117184266, -18.7979443244 ], [ 27.115324855600001, -18.7976365442 ], [ 27.1144915223, -18.7973587665 ], [ 27.114160544800001, -18.7972375268 ], [ 27.112771655900001, -18.7966819713 ], [ 27.1113475756, -18.795819471600002 ], [ 27.109730582099999, -18.7965947816 ], [ 27.107783272300001, -18.796827152 ], [ 27.1058650515, -18.796419180800001 ], [ 27.104180850300001, -18.795414453199999 ], [ 27.103661527900002, -18.794803595699999 ], [ 27.102852819199999, -18.795186086499999 ], [ 27.101940133100001, -18.795321470600001 ], [ 27.101849948200002, -18.7953665631 ], [ 27.099821367299999, -18.795964173600002 ], [ 27.0977114529, -18.795820855 ], [ 27.094378119600002, -18.794987521700001 ], [ 27.093366914899999, -18.794583535699999 ], [ 27.091949038900001, -18.795178128900002 ], [ 27.0876832816, -18.797311007600001 ], [ 27.0870504584, -18.797583205 ], [ 27.074828236199998, -18.802027649399999 ], [ 27.073368316700002, -18.802359756800001 ], [ 27.0718716254, -18.8023200682 ], [ 27.052551858099999, -18.7993684371 ], [ 27.0521115325, -18.799402308299999 ], [ 27.060987287700002, -18.811781651099999 ], [ 27.061837991, -18.813488127799999 ], [ 27.066004657600001, -18.826821461200002 ], [ 27.0662773964, -18.8286787561 ], [ 27.065962850799998, -18.830529429399999 ], [ 27.065624275699999, -18.8311758 ], [ 27.066498642900001, -18.831927021 ], [ 27.067459314600001, -18.833469817499999 ], [ 27.068292648, -18.835414262 ], [ 27.068760635099999, -18.8373245473 ], [ 27.068585764, -18.839283532300001 ], [ 27.068542938499998, -18.8393798669 ], [ 27.0689067946, -18.840441113800001 ], [ 27.069134614599999, -18.8403145471 ], [ 27.0770174765, -18.830651684100001 ], [ 27.078577337500001, -18.8293009004 ], [ 27.080502578899999, -18.828558452599999 ], [ 27.082565498899999, -18.828512151399998 ], [ 27.089516349699998, -18.8295653106 ], [ 27.095155671400001, -18.825993740200001 ], [ 27.095802860799999, -18.8245075566 ], [ 27.097140860100001, -18.823048545100001 ], [ 27.098880821600002, -18.822104357499999 ], [ 27.100833333299999, -18.821777777800001 ], [ 27.101388888900001, -18.821777777800001 ], [ 27.101666666700002, -18.821777777800001 ], [ 27.103520768599999, -18.8220714387 ], [ 27.105193378199999, -18.822923675799998 ], [ 27.1052874873, -18.823017784899999 ], [ 27.1067741074, -18.8236957196 ], [ 27.109551885199998, -18.825640164 ], [ 27.110237579, -18.826199839499999 ], [ 27.1155153568, -18.831199839500002 ], [ 27.116755452, -18.832872274 ], [ 27.1184221187, -18.836205607299998 ], [ 27.119055555599999, -18.838888888900001 ], [ 27.119055555599999, -18.84 ], [ 27.1184221187, -18.842683281599999 ], [ 27.118144340899999, -18.843238837099999 ], [ 27.117810748099998, -18.843733385099998 ], [ 27.1298921544, -18.8508836052 ], [ 27.141170239600001, -18.8569352606 ], [ 27.142848620799999, -18.858270997200002 ], [ 27.143949903700001, -18.860111739400001 ], [ 27.144333333300001, -18.8622222222 ], [ 27.144333333300001, -18.866944444400001 ], [ 27.144246094, -18.8679638859 ], [ 27.1428572051, -18.876019441499999 ], [ 27.142180432699998, -18.877929919300001 ], [ 27.1409061837, -18.879506065099999 ], [ 27.139179862100001, -18.880568025500001 ], [ 27.137198457899999, -18.880994620700001 ], [ 27.1351880683, -18.880737172 ], [ 27.1333780981, -18.879825056800001 ], [ 27.121082000299999, -18.8707366368 ], [ 27.106638054099999, -18.863980597400001 ], [ 27.105326526100001, -18.864449000299999 ], [ 27.105432753599999, -18.864675619 ], [ 27.1059292435, -18.8663034888 ], [ 27.105948682600001, -18.868005277400002 ], [ 27.105489506800001, -18.869644063500001 ], [ 27.1013228401, -18.879088507900001 ], [ 27.100075974, -18.8809093074 ], [ 27.0945204185, -18.886464862899999 ], [ 27.093325687899998, -18.887390417599999 ], [ 27.082661867500001, -18.8936793373 ], [ 27.0771106889, -18.897464231899999 ], [ 27.0735316138, -18.900854934600002 ], [ 27.0733682495, -18.9016231196 ], [ 27.072383268199999, -18.9032901508 ], [ 27.070918653100001, -18.9045566751 ], [ 27.0691269348, -18.905290791599999 ], [ 27.062600317499999, -18.906796934100001 ], [ 27.058794392700001, -18.9086998965 ], [ 27.058217851799998, -18.908951308399999 ], [ 27.0559956295, -18.9097846417 ], [ 27.054324875100001, -18.910150805400001 ], [ 27.052618690700001, -18.910030675200002 ], [ 27.052237774200002, -18.909888888899999 ], [ 27.050704184600001, -18.909888888899999 ], [ 27.047237417, -18.910384141400002 ], [ 27.045791866599998, -18.910414667600001 ], [ 27.043311857399999, -18.9101666667 ], [ 27.041977064499999, -18.9101666667 ], [ 27.039660475800002, -18.910719247500001 ], [ 27.0391829207, -18.910922208399999 ], [ 27.039416814700001, -18.911818802 ], [ 27.0396048568, -18.913607217599999 ], [ 27.039254495600002, -18.915371030900001 ], [ 27.038397203300001, -18.916951802900002 ], [ 27.037109988200001, -18.918207536800001 ], [ 27.035508477699999, -18.9190254331 ], [ 27.034675144400001, -18.919303210900001 ], [ 27.033611375900001, -18.9194859509 ], [ 27.033260515799999, -18.9200797142 ], [ 27.034663332400001, -18.924025136 ], [ 27.037612402499999, -18.922827076299999 ], [ 27.0483189843, -18.917885577 ], [ 27.050102016699999, -18.917378068800002 ], [ 27.051227114300001, -18.917415119200001 ], [ 27.052791212599999, -18.916495061399999 ], [ 27.0544510022, -18.915828074299998 ], [ 27.056233657100002, -18.9156800365 ], [ 27.057980730099999, -18.916064105899999 ], [ 27.058419119300002, -18.916312579700001 ], [ 27.0594914785, -18.915996189800001 ], [ 27.0613491121, -18.916040865599999 ], [ 27.0631039929, -18.91665176 ], [ 27.064587808300001, -18.917770281500001 ], [ 27.065658244200002, -18.919289151299999 ], [ 27.066212633700001, -18.9210626932 ], [ 27.0661978049, -18.922920804699999 ], [ 27.0656151799, -18.924685272600001 ], [ 27.0603374021, -18.934963050299999 ], [ 27.058930205500001, -18.9367558173 ], [ 27.0569559441, -18.937894460100001 ], [ 27.048900388500002, -18.940672237899999 ], [ 27.048677615700001, -18.940744224700001 ], [ 27.016455393499999, -18.950466446899998 ], [ 27.014636727100001, -18.950721613100001 ], [ 27.012826070300001, -18.9504147267 ], [ 27.011193054300001, -18.9495745386 ], [ 27.009890668200001, -18.9482797615 ], [ 27.009040925800001, -18.9466516966 ], [ 27.008723435299999, -18.9448428691 ], [ 27.0089679407, -18.943022738700002 ], [ 27.009751535500001, -18.941361824400001 ], [ 27.0110008087, -18.940015728700001 ], [ 27.019776245599999, -18.933077011200002 ], [ 27.019357880499999, -18.931810480199999 ], [ 27.0193427691, -18.929952610699999 ], [ 27.019896743899999, -18.928179190400002 ], [ 27.020403395900001, -18.927459931 ], [ 27.011389340499999, -18.9187621582 ], [ 27.010218583899999, -18.917186110599999 ], [ 27.009619268200002, -18.9153165068 ], [ 27.009655563599999, -18.9133535295 ], [ 27.0103235839, -18.9115073587 ], [ 27.0115518026, -18.9099756681 ], [ 27.013208711699999, -18.908922458900001 ], [ 27.0261280255, -18.903431750500001 ], [ 27.026300103499999, -18.902872274 ], [ 27.026855659100001, -18.901761162900002 ], [ 27.027895390800001, -18.9002876994 ], [ 27.029325996, -18.899189744299999 ], [ 27.031018238, -18.898566483700002 ], [ 27.032819244500001, -18.898474221299999 ], [ 27.036647313500001, -18.898857028199998 ], [ 27.0367611629, -18.898800103500001 ], [ 27.039442455500001, -18.898167136200001 ], [ 27.0377634287, -18.897392200799999 ], [ 27.036094588299999, -18.896245714700001 ], [ 27.0349021038, -18.894609426399999 ], [ 27.0343217679, -18.8926696664 ], [ 27.0344196659, -18.890647322500001 ], [ 27.035184649600001, -18.888772686900001 ], [ 27.0360377031, -18.887812762199999 ], [ 27.035944558200001, -18.8871852754 ], [ 27.0362363361, -18.885373574300001 ], [ 27.037062043399999, -18.883734793399999 ], [ 27.0383444444, -18.882422222199999 ], [ 27.0394555556, -18.881588888900001 ], [ 27.041228572400001, -18.880673809499999 ], [ 27.043203621, -18.880390716099999 ], [ 27.045162296200001, -18.880770913799999 ], [ 27.0463669771, -18.8812226692 ], [ 27.046547894100001, -18.8810779356 ], [ 27.0485351371, -18.879090692599998 ], [ 27.048826750100002, -18.878817873199999 ], [ 27.0510489724, -18.876873428700002 ], [ 27.052480580299999, -18.875943475700002 ], [ 27.0541161433, -18.875454346200002 ], [ 27.055823257299998, -18.875445636599999 ], [ 27.056823555, -18.875733698299999 ], [ 27.056678352300001, -18.875414252399999 ], [ 27.047564038200001, -18.8616316311 ], [ 27.038330755899999, -18.8597849746 ], [ 27.036931209, -18.8609692066 ], [ 27.0354200777, -18.861903327699999 ], [ 27.0345293773, -18.862136922 ], [ 27.033555257900002, -18.862847067099999 ], [ 27.031746082, -18.863430167800001 ], [ 27.0298452985, -18.8634180898 ], [ 27.0280436786, -18.862812045399998 ], [ 27.026828551099999, -18.861902330900001 ], [ 27.025093282099999, -18.8640714171 ], [ 27.025089929500002, -18.865400978699999 ], [ 27.024501672500001, -18.867189933900001 ], [ 27.023387857199999, -18.868708427400001 ], [ 27.021858206899999, -18.8698068703 ], [ 27.020063409500001, -18.8703770537 ], [ 27.018906427499999, -18.870368301300001 ], [ 27.018384460499998, -18.870634256700001 ], [ 27.018140585800001, -18.872097505 ], [ 27.0174023591, -18.874138681400002 ], [ 27.0159861994, -18.875783634600001 ], [ 27.009646116799999, -18.880890923399999 ], [ 27.009094505099998, -18.882787088400001 ], [ 27.008226038099998, -18.884584069500001 ], [ 27.006816196500001, -18.8859967701 ], [ 27.006355747899999, -18.886220453100002 ], [ 27.006312887299998, -18.886296397500001 ], [ 27.004767833599999, -18.887636415399999 ], [ 27.002862455399999, -18.8883796334 ], [ 27.000818138500001, -18.888439697 ], [ 27.000279854799999, -18.888362799300001 ], [ 26.999360995, -18.889676444100001 ], [ 26.997982576199998, -18.890761728699999 ], [ 26.996349157, -18.8914019027 ], [ 26.993386618300001, -18.8920855655 ], [ 26.9931743281, -18.892255397700001 ], [ 26.993131529599999, -18.892298196199999 ], [ 26.991612831899999, -18.893401594699998 ], [ 26.9915983647, -18.893406295399998 ], [ 26.991832568100001, -18.895095822399998 ], [ 26.9915222978, -18.896906746900001 ], [ 26.990830599799999, -18.898244791900002 ], [ 26.991220797499999, -18.899025187199999 ], [ 26.991587944700001, -18.8992349856 ], [ 26.9930734828, -18.900433554300001 ], [ 26.994107405200001, -18.902038046400001 ], [ 26.9945850736, -18.903886078599999 ], [ 26.994458145399999, -18.905790620400001 ], [ 26.993739466499999, -18.907558922100002 ], [ 26.992501770899999, -18.909012022199999 ], [ 26.99087032, -18.9100028593 ], [ 26.989010225200001, -18.910431155400001 ], [ 26.985724501499998, -18.910650203599999 ], [ 26.984328962900001, -18.911173530599999 ], [ 26.9826582084, -18.9115396943 ], [ 26.980952024, -18.911419564100001 ], [ 26.979349060800001, -18.910822902500001 ], [ 26.977979581500001, -18.909798196200001 ], [ 26.976312914899999, -18.908131529599999 ], [ 26.974863455800001, -18.905786255500001 ], [ 26.974585678, -18.9049529222 ], [ 26.974279537400001, -18.903200858600002 ], [ 26.9745004838, -18.901436026700001 ], [ 26.9752291016, -18.899813508600001 ], [ 26.9759688997, -18.898969351200002 ], [ 26.975999673600001, -18.898506808099999 ], [ 26.975822133899999, -18.898419162700002 ], [ 26.970762998200001, -18.899798927 ], [ 26.965697035, -18.902331908600001 ], [ 26.965487236600001, -18.902699055900001 ], [ 26.964509209599999, -18.9039760422 ], [ 26.963227080100001, -18.904947317 ], [ 26.9620360449, -18.9054222362 ], [ 26.9609072117, -18.906098832800001 ], [ 26.959199214, -18.906526663899999 ], [ 26.957440569199999, -18.906440267200001 ], [ 26.955782730700001, -18.905847083099999 ], [ 26.954368470399999, -18.904798196200002 ], [ 26.954090692600001, -18.904520418499999 ], [ 26.953812914899999, -18.904242640700001 ], [ 26.9525122784, -18.902296100600001 ], [ 26.952055555600001, -18.9 ], [ 26.952055555600001, -18.899166666700001 ], [ 26.9523476546, -18.897317378499999 ], [ 26.953195511099999, -18.895648148799999 ], [ 26.954516572399999, -18.894321504299999 ], [ 26.955584618100001, -18.893773330199998 ], [ 26.9565861526, -18.892770105299999 ], [ 26.9668373682, -18.884769156600001 ], [ 26.966777997200001, -18.884393134300002 ], [ 26.967118960699999, -18.882450004799999 ], [ 26.9680717066, -18.880722496800001 ], [ 26.968188848400001, -18.880616287700001 ], [ 26.967679968399999, -18.878961947600001 ], [ 26.967676490799999, -18.8782485208 ], [ 26.966790432700002, -18.877299172800001 ], [ 26.965960087700001, -18.876666239599999 ], [ 26.964911214600001, -18.875183281599998 ], [ 26.964633436900002, -18.874627726 ], [ 26.964064273399998, -18.872820315 ], [ 26.964087146099999, -18.870925543599999 ], [ 26.9646997738, -18.869132398600001 ], [ 26.9658410521, -18.8676197303 ], [ 26.967397148700002, -18.866538414 ], [ 26.969212856799999, -18.865996301399999 ], [ 26.971107075399999, -18.866047463499999 ], [ 26.972890873, -18.866686797300002 ], [ 26.974386331600002, -18.867850534900001 ], [ 26.974492741, -18.867964545 ], [ 26.976206446100001, -18.868899293199998 ], [ 26.977238081599999, -18.869611127100001 ], [ 26.977333333299999, -18.8696927714 ], [ 26.977333333299999, -18.866944444400001 ], [ 26.9776496092, -18.8650221334 ], [ 26.978565093299999, -18.8633024825 ], [ 26.979330057199999, -18.862582008899999 ], [ 26.979318666800001, -18.86245293 ], [ 26.976281207300001, -18.860398178 ], [ 26.974853917600001, -18.8604032786 ], [ 26.973448814899999, -18.8600624195 ], [ 26.973260932, -18.859991963399999 ], [ 26.9714461716, -18.860145941199999 ], [ 26.9681128382, -18.859868163400002 ], [ 26.966224674700001, -18.859393879399999 ], [ 26.964587756899999, -18.858340025899999 ], [ 26.963374420899999, -18.856817553399999 ], [ 26.963358831, -18.856774439399999 ], [ 26.9629700855, -18.856649572599999 ], [ 26.960896719499999, -18.855785670100001 ], [ 26.9517042419, -18.856269484799999 ], [ 26.950961406600001, -18.85626253 ], [ 26.927628073299999, -18.854595863299998 ], [ 26.9258763391, -18.8542013719 ], [ 26.924319777800001, -18.853306211100001 ], [ 26.9230977964, -18.851990552499998 ], [ 26.922802308800001, -18.851375874199999 ], [ 26.919706362900001, -18.8487222063 ], [ 26.918601361899999, -18.847468546799998 ], [ 26.9105458063, -18.8352463246 ], [ 26.9104358646, -18.835073144500001 ], [ 26.908369800199999, -18.831692311899999 ], [ 26.908058823099999, -18.832066302499999 ], [ 26.906298981599999, -18.833108318200001 ], [ 26.904291386400001, -18.8334987036 ], [ 26.902269300099999, -18.833192099800002 ], [ 26.900602633399998, -18.8326365442 ], [ 26.898863001199999, -18.8317164712 ], [ 26.897514634699998, -18.830283027 ], [ 26.8967025904, -18.8284904203 ], [ 26.895715687199999, -18.824789533299999 ], [ 26.8924948678, -18.826936746200001 ], [ 26.8908225098, -18.827711435299999 ], [ 26.888993908, -18.8279419568 ], [ 26.887181607599999, -18.827606558900001 ], [ 26.885556615300001, -18.826736889500001 ], [ 26.884272264, -18.8254150096 ], [ 26.883691607700001, -18.8242506484 ], [ 26.880771056699999, -18.823048068599999 ], [ 26.879104698399999, -18.822015609299999 ], [ 26.8778600636, -18.820501143600001 ], [ 26.8771700074, -18.818666328900001 ], [ 26.877108188200001, -18.816707017700001 ], [ 26.877992556599999, -18.810074254900002 ], [ 26.877566324899998, -18.810265299400001 ], [ 26.875629685100002, -18.8107494594 ], [ 26.873922547399999, -18.8113591515 ], [ 26.873337756200002, -18.8117844541 ], [ 26.8728394392, -18.8129439583 ], [ 26.871560444499998, -18.814379628400001 ], [ 26.869892993499999, -18.815337011800001 ], [ 26.8688787301, -18.815541933900001 ], [ 26.868236254100001, -18.816053239199999 ], [ 26.866484398699999, -18.816710753300001 ], [ 26.864615188599998, -18.816796635700001 ], [ 26.863964516199999, -18.8167243388 ], [ 26.863646781300002, -18.8168041333 ], [ 26.861887065499999, -18.8167184528 ], [ 26.860228097699999, -18.816125353899999 ], [ 26.859309830200001, -18.815444444400001 ], [ 26.856111111099999, -18.815444444400001 ], [ 26.854462784300001, -18.815213588100001 ], [ 26.852518339900001, -18.814658032600001 ], [ 26.8507197331, -18.813799963 ], [ 26.849301368100001, -18.812400137899999 ], [ 26.848419709, -18.810612976200002 ], [ 26.8476998151, -18.808213330099999 ], [ 26.846830692, -18.8085733327 ], [ 26.846385288699999, -18.808631971200001 ], [ 26.8458282012, -18.809158968399998 ], [ 26.844994867800001, -18.809714524 ], [ 26.843405371599999, -18.8104647744 ], [ 26.8416666667, -18.810722222199999 ], [ 26.84, -18.810722222199999 ], [ 26.839837014800001, -18.810697793599999 ], [ 26.8397800559, -18.810701542699999 ], [ 26.839637501199999, -18.8106678901 ], [ 26.8382409307, -18.8104585691 ], [ 26.836636456099999, -18.8096907806 ], [ 26.8353275845, -18.808486333400001 ], [ 26.8344293452, -18.806951079600001 ], [ 26.834020679599998, -18.805219944099999 ], [ 26.8340946227, -18.804096537500001 ], [ 26.833925926100001, -18.803551235800001 ] ], [ [ 26.925262182299999, -18.835768861199998 ], [ 26.9254503503, -18.835233306300001 ], [ 26.925519083099999, -18.8350475447 ], [ 26.9257599154, -18.834428261500001 ], [ 26.925151875600001, -18.833887406900001 ], [ 26.924260595500002, -18.832484076 ], [ 26.9237886041, -18.830890042699998 ], [ 26.923780643499999, -18.830836972 ], [ 26.922195666099999, -18.830365762500001 ], [ 26.9216695241, -18.8303179314 ], [ 26.925262182299999, -18.835768861199998 ] ], [ [ 26.892499259800001, -18.812858002 ], [ 26.8913635131, -18.809980777 ], [ 26.891175300800001, -18.809426104500002 ], [ 26.890500213900001, -18.807063300300001 ], [ 26.889613761500001, -18.813711693199998 ], [ 26.890062276599998, -18.813896375900001 ], [ 26.890250532900001, -18.814010764399999 ], [ 26.8908384655, -18.813618809299999 ], [ 26.892427961799999, -18.812868559 ], [ 26.892499259800001, -18.812858002 ] ], [ [ 26.860458338800001, -18.783259402 ], [ 26.860551204699998, -18.783290575100001 ], [ 26.860834628799999, -18.783500354899999 ], [ 26.8615581896, -18.783379761399999 ], [ 26.861322564, -18.783320855 ], [ 26.860339919200001, -18.783075193799998 ], [ 26.860458338800001, -18.783259402 ] ], [ [ 26.918574894500001, -18.808770672600001 ], [ 26.919219461200001, -18.809818093499999 ], [ 26.919431141600001, -18.8101356142 ], [ 26.920063105, -18.810215053099999 ], [ 26.918624441599999, -18.808776389599998 ], [ 26.918574894500001, -18.808770672600001 ] ], [ [ 26.933222222200001, -18.814699059700001 ], [ 26.948176177299999, -18.8070084541 ], [ 26.9471955544, -18.806553164899999 ], [ 26.9457084338, -18.805570876 ], [ 26.940968852299999, -18.801305252599999 ], [ 26.937820331099999, -18.8000808277 ], [ 26.936553206599999, -18.799983356599999 ], [ 26.936216384600002, -18.8000927967 ], [ 26.934339171, -18.8000927967 ], [ 26.9325538348, -18.799512705800002 ], [ 26.9310351371, -18.7984093074 ], [ 26.930479581499998, -18.797853751800002 ], [ 26.929455629300001, -18.7964856543 ], [ 26.928858880899998, -18.794884386 ], [ 26.928737742199999, -18.793179835 ], [ 26.9291020394, -18.7915102672 ], [ 26.929922222199998, -18.7900111111 ], [ 26.930370288199999, -18.789413689900002 ], [ 26.930158711699999, -18.781796938300001 ], [ 26.929816453600001, -18.781249325400001 ], [ 26.9290637589, -18.7815719088 ], [ 26.928988508500002, -18.781668659299999 ], [ 26.9284562735, -18.7827056498 ], [ 26.927129629, -18.784026711100001 ], [ 26.9254603993, -18.784874567599999 ], [ 26.923611111100001, -18.7851666667 ], [ 26.9233333333, -18.7851666667 ], [ 26.921452574900002, -18.7848642756 ], [ 26.9209523737, -18.784604976200001 ], [ 26.920880411199999, -18.7845809887 ], [ 26.920628026300001, -18.784448750900001 ], [ 26.9201491084, -18.7863644225 ], [ 26.920011087, -18.792161321599998 ], [ 26.920088785400001, -18.792316718399999 ], [ 26.920675726599999, -18.79425449 ], [ 26.920584719400001, -18.796277155599999 ], [ 26.920335375699999, -18.7968941876 ], [ 26.922076633500001, -18.797095101899998 ], [ 26.9239994243, -18.7976532315 ], [ 26.9256315296, -18.798812914900001 ], [ 26.929520418500001, -18.802701803800002 ], [ 26.930507231, -18.804002877 ], [ 26.933007231, -18.808447321500001 ], [ 26.933724226199999, -18.8105890446 ], [ 26.933598632799999, -18.8128441026 ], [ 26.933222222200001, -18.814349744899999 ], [ 26.933222222200001, -18.814699059700001 ] ], [ [ 26.941020272199999, -18.830912849600001 ], [ 26.940969877600001, -18.831064033299999 ], [ 26.940792648, -18.8315301825 ], [ 26.938309529400001, -18.8373241259 ], [ 26.936481666799999, -18.841763220600001 ], [ 26.936043182900001, -18.8431663693 ], [ 26.951445169199999, -18.844266511200001 ], [ 26.961629091399999, -18.843730515200001 ], [ 26.964252136799999, -18.844183760699998 ], [ 26.967119163500001, -18.845378355200001 ], [ 26.9702380459, -18.846098097300001 ], [ 26.9718908579, -18.846749429300001 ], [ 26.9729727729, -18.847611111100001 ], [ 26.973333333300001, -18.847611111100001 ], [ 26.975440074, -18.847993136 ], [ 26.976278174600001, -18.848307423800001 ], [ 26.9770335694, -18.848212999400001 ], [ 26.979176015099998, -18.8483318631 ], [ 26.981139634, -18.849196966200001 ], [ 26.983215009199998, -18.850600896500001 ], [ 26.985630124299998, -18.847129168599999 ], [ 26.987050227299999, -18.8456859894 ], [ 26.988869495599999, -18.8447973265 ], [ 26.990880761900002, -18.844564375299999 ], [ 26.992854995799998, -18.845013662900001 ], [ 26.9945673836, -18.846094027100001 ], [ 26.995822929, -18.8476824428 ], [ 26.996765889100001, -18.849411203 ], [ 26.997052607099999, -18.848942356799999 ], [ 26.998338465500002, -18.847785476 ], [ 27.000838465499999, -18.846118809299998 ], [ 27.001079692099999, -18.845966153599999 ], [ 27.0016605874, -18.845617616399998 ], [ 27.002725719200001, -18.8444003229 ], [ 27.003063253800001, -18.843894021 ], [ 27.004410161599999, -18.842456605500001 ], [ 27.005779713799999, -18.841729457 ], [ 27.005838465499998, -18.841674364900001 ], [ 27.007505132199999, -18.840563253799999 ], [ 27.0090946284, -18.8398130034 ], [ 27.010833333299999, -18.839555555600001 ], [ 27.011944444400001, -18.839555555600001 ], [ 27.012020551700001, -18.8395676098 ], [ 27.0120956132, -18.839557460200002 ], [ 27.0128676601, -18.839701778599999 ], [ 27.0137985464, -18.839849216499999 ], [ 27.013880916600002, -18.839891186199999 ], [ 27.013970214899999, -18.8399078787 ], [ 27.014174036499998, -18.8400202867 ], [ 27.014616162, -18.840088306 ], [ 27.016102380900001, -18.838304843300001 ], [ 27.015204545700001, -18.833276966100001 ], [ 27.015193158900001, -18.832915228699999 ], [ 27.014679900699999, -18.832588279300001 ], [ 27.014275403799999, -18.8321168037 ], [ 27.0138827671, -18.831959749 ], [ 27.0126028494, -18.831256342 ], [ 27.011530793399999, -18.8302645423 ], [ 27.0056333727, -18.823294863299999 ], [ 27.0040425312, -18.8217877503 ], [ 27.0026054617, -18.8220988592 ], [ 27.000827227399999, -18.821946690699999 ], [ 26.999172422, -18.821278191400001 ], [ 26.998513857799999, -18.820742916899999 ], [ 26.991877120800002, -18.822241534900002 ], [ 26.989569161599999, -18.822307252400002 ], [ 26.981235828300001, -18.820918363499999 ], [ 26.9794767327, -18.820335005899999 ], [ 26.977979581500001, -18.819242640700001 ], [ 26.967586963799999, -18.8088500229 ], [ 26.9673698599, -18.8086639339 ], [ 26.9671298184, -18.8088284068 ], [ 26.968322929, -18.8110157761 ], [ 26.968935525500001, -18.812694755900001 ], [ 26.969026397499999, -18.814479690100001 ], [ 26.968587482099998, -18.816212203 ], [ 26.9676577239, -18.817738570300001 ], [ 26.966319619299998, -18.818923358799999 ], [ 26.9646918973, -18.819661443400001 ], [ 26.962918984200002, -18.819887334400001 ], [ 26.962540003800001, -18.819821398799998 ], [ 26.962116049700001, -18.820542120799999 ], [ 26.960781785399998, -18.822112463 ], [ 26.958994902800001, -18.823138760500001 ], [ 26.955939347299999, -18.824249871700001 ], [ 26.954107919, -18.824607111900001 ], [ 26.952715417299999, -18.824439747700001 ], [ 26.952584677600001, -18.8244907445 ], [ 26.950540360800002, -18.8245508081 ], [ 26.949474356300001, -18.824398521700001 ], [ 26.944347458399999, -18.829131042899999 ], [ 26.942585470099999, -18.830260683799999 ], [ 26.941020272199999, -18.830912849600001 ] ], [ [ 27.061438860399999, -18.860857847 ], [ 27.06694913, -18.8691904499 ], [ 27.0674066433, -18.8700171823 ], [ 27.072962198900001, -18.8822394046 ], [ 27.0735, -18.884722222200001 ], [ 27.0735, -18.885 ], [ 27.073438099, -18.885444422900001 ], [ 27.0760644235, -18.883653747099999 ], [ 27.076396534299999, -18.883442915700002 ], [ 27.0865737516, -18.8774409671 ], [ 27.0907969318, -18.873217786800002 ], [ 27.093408818, -18.867297511499999 ], [ 27.090930861499999, -18.8620112043 ], [ 27.090338417400002, -18.861296687799999 ], [ 27.089637192, -18.859319727300001 ], [ 27.0893594142, -18.857653060600001 ], [ 27.089340656800001, -18.8558002979 ], [ 27.0898880833, -18.854030155099998 ], [ 27.090949489100002, -18.852511439 ], [ 27.092423655200001, -18.851388979300001 ], [ 27.09417, -18.850769817700002 ], [ 27.0960219862, -18.850712999399999 ], [ 27.098244208400001, -18.8509907772 ], [ 27.099482102500001, -18.851281294300001 ], [ 27.103035352700001, -18.8525249319 ], [ 27.1049264261, -18.851849548499999 ], [ 27.107227796499998, -18.851506694400001 ], [ 27.108735219500002, -18.851879384899998 ], [ 27.1086481205, -18.8518037258 ], [ 27.107537009400001, -18.850414837 ], [ 27.1064013672, -18.848121880400001 ], [ 27.1058458117, -18.8458996582 ], [ 27.1057831826, -18.845621141300001 ], [ 27.1052276271, -18.842843363499998 ], [ 27.105139696, -18.841081686900001 ], [ 27.1055678339, -18.839370566100001 ], [ 27.105975016599999, -18.838691625399999 ], [ 27.102564109799999, -18.835460239900002 ], [ 27.102376979199999, -18.83562447 ], [ 27.094043645799999, -18.840902247799999 ], [ 27.092067063799998, -18.841705122600001 ], [ 27.0899345011, -18.841765626400001 ], [ 27.084152134, -18.840889510099998 ], [ 27.0777047457, -18.848792760399999 ], [ 27.075969413100001, -18.850244943700002 ], [ 27.0714914781, -18.852732685399999 ], [ 27.071499775500001, -18.853038463200001 ], [ 27.0709221187, -18.854905503800001 ], [ 27.070644340899999, -18.8554610594 ], [ 27.069573756, -18.856966401800001 ], [ 27.068095982900001, -18.858074731599999 ], [ 27.066759799900002, -18.858538990500001 ], [ 27.0662725854, -18.8591487964 ], [ 27.064722183600001, -18.860176596 ], [ 27.062931499600001, -18.860680151899999 ], [ 27.061438860399999, -18.860857847 ] ], [ [ 27.066251001099999, -18.891222354100002 ], [ 27.066143073399999, -18.891224020700001 ], [ 27.064428138299998, -18.890724630400001 ], [ 27.063518361900002, -18.890125748599999 ], [ 27.063276050700001, -18.8901459412 ], [ 27.062777777800001, -18.890166666700001 ], [ 27.0594444444, -18.890166666700001 ], [ 27.0570076136, -18.889649536 ], [ 27.055580935599998, -18.889015456799999 ], [ 27.055118665799998, -18.889477726599999 ], [ 27.055005856200001, -18.8899191396 ], [ 27.064070235700001, -18.891918635100001 ], [ 27.064675144399999, -18.892085678 ], [ 27.065166744399999, -18.8922495447 ], [ 27.066251001099999, -18.891222354100002 ] ], [ [ 27.031607553299999, -18.8288897031 ], [ 27.032610411099999, -18.829085062600001 ], [ 27.034252554599998, -18.8299965267 ], [ 27.035532453599998, -18.831371030500001 ], [ 27.036324699200001, -18.8330738955 ], [ 27.0392087918, -18.843168219599999 ], [ 27.048353474799999, -18.838958762299999 ], [ 27.054827505, -18.834297460599998 ], [ 27.056171808799999, -18.833609710899999 ], [ 27.0564819037, -18.8332055873 ], [ 27.055384223600001, -18.832082872600001 ], [ 27.0545508979, -18.830400761100002 ], [ 27.050672261, -18.817989123 ], [ 27.043653969699999, -18.808200453600001 ], [ 27.0431692294, -18.808972447399999 ], [ 27.039867179800002, -18.814475863399998 ], [ 27.038877413200002, -18.815717212799999 ], [ 27.0349843515, -18.819454552 ], [ 27.035141874699999, -18.8211004311 ], [ 27.034533229800001, -18.8232388371 ], [ 27.0320332298, -18.828238837099999 ], [ 27.031607553299999, -18.8288897031 ] ], [ [ 26.865664263599999, -18.771149642899999 ], [ 26.864611127100002, -18.7702936371 ], [ 26.863525504, -18.769027076899999 ], [ 26.861223191499999, -18.767561968900001 ], [ 26.860104016299999, -18.766577613399999 ], [ 26.8632103429, -18.7714234828 ], [ 26.863701240299999, -18.7715462072 ], [ 26.865132087599999, -18.7713673513 ], [ 26.865664263599999, -18.771149642899999 ] ], [ [ 27.1511352815, -18.818638532600001 ], [ 27.151082233299999, -18.818970994099999 ], [ 27.151275084400002, -18.8200980202 ], [ 27.151123924699998, -18.821472375900001 ], [ 27.1524691766, -18.821721496599999 ], [ 27.1526533788, -18.820810719400001 ], [ 27.152206250799999, -18.819066920299999 ], [ 27.1511352815, -18.818638532600001 ] ], [ [ 27.225774648400002, -18.820635153800001 ], [ 27.225168908499999, -18.827782883899999 ], [ 27.232742143500001, -18.832765275300002 ], [ 27.233763510199999, -18.8336129644 ], [ 27.2411351294, -18.841257606399999 ], [ 27.242844294299999, -18.842824341 ], [ 27.2494941432, -18.834569356100001 ], [ 27.251136990199999, -18.833154428 ], [ 27.2531754597, -18.832415774 ], [ 27.2553433635, -18.832449849300001 ], [ 27.255898322099998, -18.832560841 ], [ 27.256312914900001, -18.832146248200001 ], [ 27.2577184678, -18.831133183 ], [ 27.257119144400001, -18.831 ], [ 27.253931622500001, -18.831 ], [ 27.247601471799999, -18.8316782305 ], [ 27.2465492378, -18.832028255299999 ], [ 27.244699712700001, -18.832049758499998 ], [ 27.242931521300001, -18.8315068914 ], [ 27.2414127011, -18.830451244399999 ], [ 27.23530159, -18.824617911 ], [ 27.2343089423, -18.823380456900001 ], [ 27.233675300800002, -18.821926104500001 ], [ 27.233520328299999, -18.821383700799998 ], [ 27.231169727899999, -18.818886188 ], [ 27.230140560700001, -18.818572963200001 ], [ 27.228696834899999, -18.819834204599999 ], [ 27.226847067, -18.820581573599998 ], [ 27.225774648400002, -18.820635153800001 ] ], [ [ 27.289169311399998, -18.8474571404 ], [ 27.287271133800001, -18.8470444931 ], [ 27.286633832500002, -18.848191635399999 ], [ 27.286122948, -18.848853843600001 ], [ 27.2862659237, -18.8489088342 ], [ 27.289169311399998, -18.8474571404 ] ], [ [ 27.2642777778, -18.8430047021 ], [ 27.2642777778, -18.842777777799999 ], [ 27.2642865318, -18.842714928100001 ], [ 27.2640852627, -18.843007611699999 ], [ 27.264009130600002, -18.843066697600001 ], [ 27.2642777778, -18.8430047021 ] ], [ [ 27.274412472200002, -18.835243458299999 ], [ 27.274457053900001, -18.8351988766 ], [ 27.275948814900001, -18.834382024899998 ], [ 27.278171037100002, -18.833548691600001 ], [ 27.2800549058, -18.833170807399998 ], [ 27.2801292035, -18.833180041799999 ], [ 27.2815841213, -18.832889456699998 ], [ 27.283740898800001, -18.833258830199998 ], [ 27.285785545900001, -18.834012121200001 ], [ 27.285818984300001, -18.833996688100001 ], [ 27.287238714899999, -18.8335451385 ], [ 27.288168015099998, -18.833490253600001 ], [ 27.291008459499999, -18.829977072399998 ], [ 27.290896502500001, -18.829927313700001 ], [ 27.288993200099998, -18.8285872989 ], [ 27.2884509495, -18.828019226799999 ], [ 27.285156529399998, -18.827949132800001 ], [ 27.266551099800001, -18.829317179099998 ], [ 27.2654636625, -18.829211395400002 ], [ 27.263974189799999, -18.8302871257 ], [ 27.267843363499999, -18.831060960399999 ], [ 27.270081926500001, -18.832011291299999 ], [ 27.273693037699999, -18.8345112913 ], [ 27.274412472200002, -18.835243458299999 ] ], [ [ 27.3932673495, -18.877375594299998 ], [ 27.390924384400002, -18.874373670200001 ], [ 27.378647036, -18.860267780499999 ], [ 27.373537143699998, -18.857367571299999 ], [ 27.3709650664, -18.860271529599999 ], [ 27.367434461799999, -18.864616889099999 ], [ 27.366422478400001, -18.865599480299998 ], [ 27.362169549099999, -18.868851720399999 ], [ 27.356448725500002, -18.875352656299999 ], [ 27.354381275200002, -18.8768717582 ], [ 27.349500164199998, -18.879041140799998 ], [ 27.350511239599999, -18.880402203900001 ], [ 27.369839306300001, -18.902603361600001 ], [ 27.372452922200001, -18.903474566900002 ], [ 27.3732505688, -18.903888218100001 ], [ 27.373658189, -18.903752344699999 ], [ 27.374100341799998, -18.903623589399999 ], [ 27.3746469389, -18.903486940200001 ], [ 27.383008952299999, -18.8995672464 ], [ 27.385355666599999, -18.899003330599999 ], [ 27.3936889999, -18.898725552799998 ], [ 27.395171617799999, -18.8988830449 ], [ 27.396111111100002, -18.8987222222 ], [ 27.397777777799998, -18.8987222222 ], [ 27.398414386700001, -18.898819962600001 ], [ 27.399841979200001, -18.897984298699999 ], [ 27.4067635621, -18.8932484788 ], [ 27.406417747300001, -18.892951228099999 ], [ 27.400028858399999, -18.886006783599999 ], [ 27.399714549700001, -18.8856360696 ], [ 27.399682880899999, -18.885595494 ], [ 27.3964, -18.883133333300002 ], [ 27.395180387100002, -18.881907033299999 ], [ 27.3943612395, -18.880383791700002 ], [ 27.3932673495, -18.877375594299998 ] ], [ [ 27.446712038499999, -18.9098860145 ], [ 27.450219097600002, -18.9136435779 ], [ 27.458708721499999, -18.913459020800001 ], [ 27.457725750600002, -18.912857621200001 ], [ 27.457108703300001, -18.912104905300001 ], [ 27.456857176100002, -18.912356184899998 ], [ 27.4551829392, -18.913207798 ], [ 27.453327424699999, -18.913499997100001 ], [ 27.4514724894, -18.9132041441 ], [ 27.4497999329, -18.912349235200001 ], [ 27.448473680599999, -18.911019058899999 ], [ 27.447356310100002, -18.9094760234 ], [ 27.446712038499999, -18.9098860145 ] ], [ [ 27.4787097866, -18.9285346343 ], [ 27.481969936599999, -18.931360097700001 ], [ 27.482405503799999, -18.931577881300001 ], [ 27.483860954, -18.9326003796 ], [ 27.484952674199999, -18.934004653300001 ], [ 27.485353778899999, -18.935059785 ], [ 27.4864439312, -18.935120349 ], [ 27.487023454199999, -18.935180880899999 ], [ 27.4889130468, -18.9354715875 ], [ 27.491761753700001, -18.9342252782 ], [ 27.493516951499998, -18.933757503399999 ], [ 27.495331698099999, -18.9338364171 ], [ 27.497039665300001, -18.934454786500002 ], [ 27.498484311599999, -18.9355559358 ], [ 27.499054241900001, -18.9363617273 ], [ 27.500650890599999, -18.9372326266 ], [ 27.502003942599998, -18.938240947200001 ], [ 27.502755460500001, -18.939233251200001 ], [ 27.507235540700002, -18.939542222299998 ], [ 27.5154470397, -18.939012448100002 ], [ 27.516311804699999, -18.939019108299998 ], [ 27.5220590164, -18.939478885300002 ], [ 27.518061705600001, -18.931484263600002 ], [ 27.517791111099999, -18.9315933333 ], [ 27.515574346, -18.932239889800002 ], [ 27.5148580004, -18.933019570700001 ], [ 27.513269530199999, -18.9339316569 ], [ 27.511479899, -18.934321988899999 ], [ 27.509655897399998, -18.934154188299999 ], [ 27.504100341800001, -18.9327652994 ], [ 27.503401681100001, -18.932544518099998 ], [ 27.49979057, -18.931155629199999 ], [ 27.498616243299999, -18.930547857299999 ], [ 27.496034116099999, -18.928826439200002 ], [ 27.4929100636, -18.928458903599999 ], [ 27.4918870238, -18.928246957700001 ], [ 27.490179463600001, -18.927734689600001 ], [ 27.487682401200001, -18.927926771399999 ], [ 27.4876350348, -18.927930226400001 ], [ 27.479579479200002, -18.928485782 ], [ 27.479499486800002, -18.928490762100001 ], [ 27.4787097866, -18.9285346343 ] ], [ [ 27.344119917299999, -18.868300551299999 ], [ 27.348307656399999, -18.866439333900001 ], [ 27.352674943, -18.861476508399999 ], [ 27.349587187499999, -18.861263559699999 ], [ 27.349394203799999, -18.861203369 ], [ 27.347325015199999, -18.8627280342 ], [ 27.347347624499999, -18.863202473800001 ], [ 27.346798645900002, -18.865095097200001 ], [ 27.345666104599999, -18.866707781599999 ], [ 27.3440830901, -18.8678586246 ], [ 27.344119917299999, -18.868300551299999 ] ], [ [ 27.355851182799999, -18.849667055800001 ], [ 27.356380752, -18.8497035778 ], [ 27.357581870299999, -18.848877809 ], [ 27.355955524300001, -18.848686474099999 ], [ 27.355980399, -18.849095701500001 ], [ 27.355851182799999, -18.849667055800001 ] ], [ [ 27.30521314, -18.832118486900001 ], [ 27.304638973, -18.8322046119 ], [ 27.303107537300001, -18.834098756100001 ], [ 27.30521314, -18.832118486900001 ] ], [ [ 27.4646894087, -18.901463577600001 ], [ 27.464812921499998, -18.901745892600001 ], [ 27.465239864, -18.902493042100001 ], [ 27.465834404199999, -18.902520695100002 ], [ 27.465786694399998, -18.902329855800001 ], [ 27.4646894087, -18.901463577600001 ] ], [ [ 27.437904700499999, -18.8902766848 ], [ 27.435356499699999, -18.88882057 ], [ 27.4337690029, -18.887505579900001 ], [ 27.432720267600001, -18.8857308971 ], [ 27.432398101099999, -18.884041665600002 ], [ 27.431896067899999, -18.884606452900002 ], [ 27.428140491699999, -18.889739073699999 ], [ 27.430527561, -18.889838534900001 ], [ 27.431167820500001, -18.889899715199999 ], [ 27.436723376100002, -18.8907330485 ], [ 27.437273095, -18.890908290300001 ], [ 27.437904700499999, -18.8902766848 ] ], [ [ 27.4081602561, -18.876953525400001 ], [ 27.417500627599999, -18.883958804100001 ], [ 27.422380040299998, -18.8772902734 ], [ 27.422737766299999, -18.876847150300001 ], [ 27.426459085299999, -18.872660666400002 ], [ 27.4036414865, -18.870790371399998 ], [ 27.4038957711, -18.871489653899999 ], [ 27.4081602561, -18.876953525400001 ] ], [ [ 27.525091150600002, -18.8883945977 ], [ 27.528681923400001, -18.8839877401 ], [ 27.5288735685, -18.883763989399998 ], [ 27.5337224606, -18.878376331599998 ], [ 27.531908705900001, -18.8784851568 ], [ 27.528548182, -18.880949541100001 ], [ 27.528440774100002, -18.881026502600001 ], [ 27.525662996299999, -18.882970947099999 ], [ 27.524905503799999, -18.8834221187 ], [ 27.5244246669, -18.883662537199999 ], [ 27.5250850302, -18.887624717200001 ], [ 27.525091150600002, -18.8883945977 ] ], [ [ 27.511305551700001, -18.866927713 ], [ 27.508634037299998, -18.866259834400001 ], [ 27.503366462300001, -18.868128973899999 ], [ 27.5025954157, -18.869110306 ], [ 27.5025103736, -18.8694628543 ], [ 27.501629657300001, -18.870970392499999 ], [ 27.500577097099999, -18.8722860928 ], [ 27.498966666699999, -18.874433333300001 ], [ 27.497590733500001, -18.875746429300001 ], [ 27.499539876299998, -18.874771857900001 ], [ 27.505285889, -18.8711153044 ], [ 27.511305551700001, -18.866927713 ] ], [ [ 27.4969387525, -18.8760724198 ], [ 27.4957453711, -18.8766219163 ], [ 27.4956086165, -18.876659213 ], [ 27.4958043036, -18.876639644299999 ], [ 27.4969387525, -18.8760724198 ] ], [ [ 27.491932052799999, -18.877530105600002 ], [ 27.490695524900001, -18.877652256699999 ], [ 27.489763609299999, -18.877427058 ], [ 27.4906690631, -18.878411246900001 ], [ 27.490911706799999, -18.8781431287 ], [ 27.491932052799999, -18.877530105600002 ] ], [ [ 27.482352512, -18.875284930700001 ], [ 27.480699963199999, -18.8746908926 ], [ 27.479185236199999, -18.873495571599999 ], [ 27.4781282418, -18.8718812752 ], [ 27.477546547, -18.8705724619 ], [ 27.473273056699998, -18.872946623099999 ], [ 27.4737461512, -18.873345584300001 ], [ 27.474767098600001, -18.875069279600002 ], [ 27.474917897800001, -18.875815974599998 ], [ 27.482352512, -18.875284930700001 ] ], [ [ 27.376521967199999, -18.839541148399999 ], [ 27.376982409299998, -18.8397589221 ], [ 27.378318811100002, -18.840666666699999 ], [ 27.379846254899999, -18.840666666699999 ], [ 27.401359378199999, -18.839563429599998 ], [ 27.401880815799998, -18.839559378400001 ], [ 27.4096585936, -18.839837156200002 ], [ 27.411341811, -18.840141233499999 ], [ 27.413841811, -18.840974566900002 ], [ 27.415544444399998, -18.8418666667 ], [ 27.416849644399999, -18.842845566699999 ], [ 27.413973548600001, -18.8394619245 ], [ 27.409932358, -18.836603521400001 ], [ 27.403308622099999, -18.834997767299999 ], [ 27.402864705900001, -18.834871895300001 ], [ 27.390994919499999, -18.831007313600001 ], [ 27.374728189599999, -18.826178128199999 ], [ 27.360849571900001, -18.829000897899999 ], [ 27.358394324799999, -18.830511819200002 ], [ 27.359699786299998, -18.836894075299998 ], [ 27.360463322299999, -18.837134043799999 ], [ 27.374312158599999, -18.838763318600002 ], [ 27.374802365499999, -18.838900194200001 ], [ 27.375309080699999, -18.838967493799998 ], [ 27.375691980300001, -18.839148592499999 ], [ 27.3760984856, -18.839262096900001 ], [ 27.376521967199999, -18.839541148399999 ] ], [ [ 27.394874111099998, -18.8519117761 ], [ 27.405120115599999, -18.858871326300001 ], [ 27.435484771, -18.861360232500001 ], [ 27.435456371400001, -18.860934238500001 ], [ 27.4239774819, -18.858794106600001 ], [ 27.415176394300001, -18.859052962100002 ], [ 27.413429578500001, -18.858846391099998 ], [ 27.411817733199999, -18.858142124 ], [ 27.410479389399999, -18.857000689300001 ], [ 27.409529571699998, -18.8555201882 ], [ 27.409049912499999, -18.853827863100001 ], [ 27.409081636500002, -18.852069161599999 ], [ 27.4090867221, -18.852038647800001 ], [ 27.408366791599999, -18.851798671 ], [ 27.401713324399999, -18.851561047200001 ], [ 27.394874111099998, -18.8519117761 ] ], [ [ 27.422211909400001, -18.846840846 ], [ 27.420414262, -18.846070425699999 ], [ 27.42032497, -18.846004553 ], [ 27.420764403300002, -18.846883419699999 ], [ 27.422211909400001, -18.846840846 ] ], [ [ 27.476388392200001, -18.853444444400001 ], [ 27.478627367800001, -18.850493067399999 ], [ 27.478550134500001, -18.850287876 ], [ 27.478527168799999, -18.848848325300001 ], [ 27.468224682500001, -18.851816838400001 ], [ 27.4677024862, -18.8528718701 ], [ 27.4671621705, -18.853444444400001 ], [ 27.476388392200001, -18.853444444400001 ] ], [ [ 27.269514324799999, -18.811483515 ], [ 27.2691352477, -18.811256068700001 ], [ 27.268773129, -18.8109294781 ], [ 27.269033503599999, -18.811830774699999 ], [ 27.269514324799999, -18.811483515 ] ], [ [ 27.301929725800001, -18.803222222199999 ], [ 27.3010955821, -18.804056366 ], [ 27.3013513137, -18.804008293 ], [ 27.312333090599999, -18.803430304799999 ], [ 27.3119169255, -18.803222222199999 ], [ 27.301929725800001, -18.803222222199999 ] ], [ [ 27.31835214, -18.793023421600001 ], [ 27.316436054, -18.780489026200001 ], [ 27.3124396513, -18.791222222199998 ], [ 27.313333333300001, -18.791222222199998 ], [ 27.316016614900001, -18.791855659100001 ], [ 27.31835214, -18.793023421600001 ] ], [ [ 27.371942272799998, -18.8092495874 ], [ 27.372017225699999, -18.809331354200001 ], [ 27.378011748399999, -18.813452588499999 ], [ 27.3789833851, -18.812966770199999 ], [ 27.379358974399999, -18.812794871800001 ], [ 27.3793775155, -18.8127871463 ], [ 27.3786844302, -18.8104768619 ], [ 27.374589078500001, -18.807234708500001 ], [ 27.372914837, -18.8085741017 ], [ 27.3724948678, -18.808881190699999 ], [ 27.371942272799998, -18.8092495874 ] ], [ [ 27.2972782587, -18.7909031266 ], [ 27.3012220691, -18.786959316200001 ], [ 27.310488234800001, -18.762073042499999 ], [ 27.311485340600001, -18.760345378 ], [ 27.317675404799999, -18.752852142399998 ], [ 27.318122601700001, -18.747982664799999 ], [ 27.316178518699999, -18.735886148599999 ], [ 27.3058671983, -18.729523844500001 ], [ 27.285298498500001, -18.720975813399999 ], [ 27.280417484600001, -18.719691336099999 ], [ 27.279261162899999, -18.719255452 ], [ 27.2771099795, -18.718179860300001 ], [ 27.2723826368, -18.720838990600001 ], [ 27.269867179799999, -18.725031419 ], [ 27.2689146594, -18.7262367015 ], [ 27.257657708, -18.737231863400002 ], [ 27.247379910900001, -18.756996857600001 ], [ 27.244588894900001, -18.7636255207 ], [ 27.259004534700001, -18.773510530799999 ], [ 27.262164216599999, -18.7752838217 ], [ 27.264221709, -18.775398126799999 ], [ 27.265801468100001, -18.7757018826 ], [ 27.2672437389, -18.776414456099999 ], [ 27.278865132100002, -18.784252139900001 ], [ 27.282961059400002, -18.7863001035 ], [ 27.284643209799999, -18.787550478699998 ], [ 27.285005508, -18.7881029138 ], [ 27.285220653700001, -18.7882236588 ], [ 27.2972782587, -18.7909031266 ] ], [ [ 27.2400191489, -18.804028026699999 ], [ 27.239796047900001, -18.803926309800001 ], [ 27.2266836465, -18.7954418148 ], [ 27.224608469700001, -18.7970437056 ], [ 27.2248117617, -18.797411490399998 ], [ 27.225164462599999, -18.7992818293 ], [ 27.224913624399999, -18.801168531799998 ], [ 27.224883868399999, -18.801267718399998 ], [ 27.224913624399999, -18.801331468200001 ], [ 27.2253226411, -18.802694857399999 ], [ 27.225623816900001, -18.803109390300001 ], [ 27.226203907799999, -18.804894726499999 ], [ 27.226203907799999, -18.805976819600001 ], [ 27.2263121901, -18.805925527700001 ], [ 27.228057439099999, -18.805666667 ], [ 27.229802525299998, -18.805926623400001 ], [ 27.236191414099999, -18.807871067800001 ], [ 27.2376089919, -18.8085135 ], [ 27.2388136444, -18.809498922900001 ], [ 27.243258088800001, -18.814221145099999 ], [ 27.244105607800002, -18.815369240900001 ], [ 27.2446580326, -18.8166850066 ], [ 27.244765951200002, -18.817062721700001 ], [ 27.247450951600001, -18.819625676600001 ], [ 27.252810975100001, -18.819051388399998 ], [ 27.249866988200001, -18.817613627299998 ], [ 27.2484834895, -18.816679535700001 ], [ 27.247410890499999, -18.815400423700002 ], [ 27.2467322163, -18.8138753016 ], [ 27.2465, -18.812222222199999 ], [ 27.2465, -18.810973895299998 ], [ 27.243873029500001, -18.808722206300001 ], [ 27.243071284199999, -18.807888080200001 ], [ 27.2400191489, -18.804028026699999 ] ], [ [ 27.085487014400002, -18.779855451700001 ], [ 27.0854861296, -18.779841240300001 ], [ 27.0854383179, -18.779825692700001 ], [ 27.085487014400002, -18.779855451700001 ] ], [ [ 27.247280563099999, -18.7938640928 ], [ 27.255628013500001, -18.796275578500001 ], [ 27.255155383400002, -18.795029553700001 ], [ 27.2546462482, -18.794520418499999 ], [ 27.2536909419, -18.793274667399999 ], [ 27.2530914793, -18.791823753700001 ], [ 27.252930709600001, -18.791220867300002 ], [ 27.2527442966, -18.790701619 ], [ 27.252548150900001, -18.789786272299999 ], [ 27.2520494151, -18.787916013099998 ], [ 27.249776364399999, -18.7889425521 ], [ 27.246119757100001, -18.7923960145 ], [ 27.247280563099999, -18.7938640928 ] ], [ [ 27.238357866, -18.781276214799998 ], [ 27.239879713899999, -18.781783497500001 ], [ 27.2422691477, -18.77952681 ], [ 27.2439193686, -18.778420665300001 ], [ 27.244538374, -18.778141114499999 ], [ 27.2414668945, -18.776034957099998 ], [ 27.238294274200001, -18.780000732600001 ], [ 27.238093483, -18.780870827600001 ], [ 27.238357866, -18.781276214799998 ] ], [ [ 27.209257386699999, -18.757405228900002 ], [ 27.209971383900001, -18.7562788117 ], [ 27.21150384, -18.755047783 ], [ 27.213351908900002, -18.754378085700001 ], [ 27.220851908899999, -18.7529891969 ], [ 27.222564720699999, -18.752921036899998 ], [ 27.2242269047, -18.753339981300002 ], [ 27.225702791100002, -18.754211835300001 ], [ 27.229892017499999, -18.757578178 ], [ 27.2309871834, -18.748451795299999 ], [ 27.2312812943, -18.747184564099999 ], [ 27.2388981671, -18.725422070400001 ], [ 27.2401389212, -18.718391130200001 ], [ 27.234998090200001, -18.714011903799999 ], [ 27.233766536499999, -18.7125687853 ], [ 27.2330471207, -18.710813292099999 ], [ 27.232911770600001, -18.708920940100001 ], [ 27.233370655400002, -18.707094316500001 ], [ 27.233179636700001, -18.706069731100001 ], [ 27.2313631456, -18.7103838976 ], [ 27.229784361, -18.7125710157 ], [ 27.212641241899998, -18.727571244899998 ], [ 27.212450622399999, -18.728262240700001 ], [ 27.211753675099999, -18.72984823 ], [ 27.210632655400001, -18.731168992 ], [ 27.2091810157, -18.732114423 ], [ 27.2003455067, -18.7361923502 ], [ 27.199950862400001, -18.737000648199999 ], [ 27.198764212299999, -18.7382834452 ], [ 27.1983269724, -18.738540822899999 ], [ 27.198489794699999, -18.740072021700001 ], [ 27.198056554200001, -18.741986003499999 ], [ 27.195697184699998, -18.7477771832 ], [ 27.195732059800001, -18.74789775 ], [ 27.1969270309, -18.7491572717 ], [ 27.197751126699998, -18.7509892249 ], [ 27.1979243601, -18.752990518600001 ], [ 27.1974273137, -18.754936830799998 ], [ 27.1968803796, -18.756167432600002 ], [ 27.204270969300001, -18.758299333499998 ], [ 27.204747384699999, -18.758027838899999 ], [ 27.206412639100002, -18.757634725700001 ], [ 27.208079881900002, -18.7577253836 ], [ 27.209076391899998, -18.7574048472 ], [ 27.209257386699999, -18.757405228900002 ] ], [ [ 27.0033399981, -18.714972104499999 ], [ 27.0036458756, -18.714996552399999 ], [ 27.003110076799999, -18.7142311257 ], [ 27.0033399981, -18.714972104499999 ] ], [ [ 27.165336805700001, -18.723401171 ], [ 27.165637071700001, -18.723251038 ], [ 27.1674452904, -18.7218044631 ], [ 27.167900371599998, -18.721258365600001 ], [ 27.169503056, -18.717595087 ], [ 27.1703717603, -18.716181702299998 ], [ 27.1707820791, -18.7156843462 ], [ 27.1691454853, -18.716381413899999 ], [ 27.164049760200001, -18.722114104599999 ], [ 27.164922009800001, -18.722829340899999 ], [ 27.165336805700001, -18.723401171 ] ] ] ] } },
{ "type": "Feature", "properties": { "begin": 134.0, "end": 57271.0, "layer": "7949_path", "path": "C:\\DATA\\GIS\\Arnold\\ELE\\7949_path.shp" }, "geometry": { "type": "MultiPolygon", "coordinates": [ [ [ [ 26.7897394431, -18.628662398500001 ], [ 26.790526271, -18.628819764100001 ], [ 26.792097505, -18.6290816365 ], [ 26.794499214599998, -18.630048156400001 ], [ 26.797492290899999, -18.6320960507 ], [ 26.7992089826, -18.632739810099999 ], [ 26.803285457699999, -18.633228987100001 ], [ 26.806282875, -18.6321390172 ], [ 26.8080608874, -18.631783966499999 ], [ 26.810582113799999, -18.631669365299999 ], [ 26.8151427502, -18.622133489199999 ], [ 26.816454328700001, -18.620342731600001 ], [ 26.818327211500002, -18.619151362099998 ], [ 26.8233731109, -18.617133002300001 ], [ 26.823945709099998, -18.616554944699999 ], [ 26.825602633399999, -18.615696789099999 ], [ 26.827443066200001, -18.615389159 ], [ 26.829289005500002, -18.6156618077 ], [ 26.8299908945, -18.616008599299999 ], [ 26.830965047700001, -18.615799852199999 ], [ 26.8326351149, -18.6156808902 ], [ 26.834273030599999, -18.616028033399999 ], [ 26.835751252400001, -18.616814250200001 ], [ 26.838806808, -18.619036472400001 ], [ 26.839025948100002, -18.619203676 ], [ 26.842693257400001, -18.622137523500001 ], [ 26.845773621300001, -18.620684521600001 ], [ 26.847484732400002, -18.620171424599999 ], [ 26.849271066499998, -18.620184842800001 ], [ 26.850816523300001, -18.620673687699998 ], [ 26.850593701699999, -18.620165397200001 ], [ 26.850393731600001, -18.618370094300001 ], [ 26.850737172700001, -18.616596637600001 ], [ 26.8515928948, -18.615005776099999 ], [ 26.852883333800001, -18.613741708300001 ], [ 26.854491522299998, -18.612919011300001 ], [ 26.866991522300001, -18.608752344700001 ], [ 26.8688698839, -18.608444474500001 ], [ 26.8707501582, -18.6087404391 ], [ 26.87242792, -18.609602644 ], [ 26.873792395300001, -18.608022725200001 ], [ 26.875246358799998, -18.606799486900002 ], [ 26.8835796921, -18.601799486899999 ], [ 26.8835945794, -18.6017935486 ], [ 26.8829190113, -18.6005084777 ], [ 26.882736679200001, -18.599961481299999 ], [ 26.878616243300002, -18.597214524 ], [ 26.878529184600001, -18.5971553754 ], [ 26.876451351899998, -18.595716875899999 ], [ 26.876164945900001, -18.595623816900002 ], [ 26.874646248200001, -18.5945204185 ], [ 26.874090692599999, -18.593964862899998 ], [ 26.872979581500001, -18.5928537518 ], [ 26.872422222200001, -18.592211111099999 ], [ 26.8699222222, -18.588877777800001 ], [ 26.869077703199999, -18.5873123304 ], [ 26.868729249200001, -18.5855680777 ], [ 26.868907483899999, -18.583798312100001 ], [ 26.869596743399999, -18.582158568400001 ], [ 26.870736452500001, -18.580792954500001 ], [ 26.872226448399999, -18.5798214866 ], [ 26.873935783899999, -18.579329541500002 ], [ 26.875714235099998, -18.5793603535 ], [ 26.877405503799999, -18.579911214599999 ], [ 26.877903974700001, -18.580160450099999 ], [ 26.8815755191, -18.581899602699998 ], [ 26.881794139699998, -18.581366399499998 ], [ 26.882930011199999, -18.57998526 ], [ 26.884422470499999, -18.579000213800001 ], [ 26.8860621213, -18.578521203200001 ], [ 26.887379609300002, -18.577883421700001 ], [ 26.889132943300002, -18.577611205899998 ], [ 26.890889226399999, -18.577863695400001 ], [ 26.8924948678, -18.5786188093 ], [ 26.893328201199999, -18.579174364899998 ], [ 26.894852416500001, -18.580637636500001 ], [ 26.8956226249, -18.581696673100002 ], [ 26.8960362716, -18.5815691297 ], [ 26.897795606500001, -18.581560679900001 ], [ 26.8994817572, -18.5820629012 ], [ 26.903648423900002, -18.5840073456 ], [ 26.903714600299999, -18.584052200799999 ], [ 26.904292014399999, -18.582127487099999 ], [ 26.902641233499999, -18.577175144400002 ], [ 26.9023333598, -18.5752599498 ], [ 26.9026526094, -18.573346618599999 ], [ 26.9035656141, -18.571635134099999 ], [ 26.904976945600001, -18.5703043824 ], [ 26.906739090199999, -18.569493455100002 ], [ 26.9086678667, -18.5692871111 ], [ 26.909506035300002, -18.569472910399998 ], [ 26.909096320900002, -18.5679979385 ], [ 26.9090778813, -18.567961059400002 ], [ 26.90851136, -18.566171371 ], [ 26.9085256103, -18.564294211499998 ], [ 26.909119237399999, -18.5625133303 ], [ 26.910234132799999, -18.561003052499998 ], [ 26.9117611629, -18.5599112146 ], [ 26.912856796900002, -18.559363397599999 ], [ 26.9130606877, -18.559174364899999 ], [ 26.913894021, -18.5586188093 ], [ 26.915376317500002, -18.557902115099999 ], [ 26.9169976132, -18.557615316700002 ], [ 26.918635822399999, -18.5577800105 ], [ 26.918770733199999, -18.557812716200001 ], [ 26.9213008991, -18.553764450799999 ], [ 26.922712476899999, -18.552202715300002 ], [ 26.924576618, -18.551224682699999 ], [ 26.926663848, -18.550950748 ], [ 26.928717230899998, -18.5514146322 ], [ 26.931286826899999, -18.552496567399999 ], [ 26.931427322499999, -18.552312623500001 ], [ 26.932092966599999, -18.551858167500001 ], [ 26.932980187, -18.550616059 ], [ 26.933005404799999, -18.550489969899999 ], [ 26.933734297600001, -18.5485958055 ], [ 26.935052982, -18.547053011 ], [ 26.936810573399999, -18.546038114 ], [ 26.938805966899999, -18.545667239699998 ], [ 26.9408108485, -18.545982823700001 ], [ 26.942012877, -18.546633299100002 ], [ 26.943260800800001, -18.545263886699999 ], [ 26.945793216199998, -18.543294230299999 ], [ 26.9474222222, -18.541122222199999 ], [ 26.9487603056, -18.539821698499999 ], [ 26.9504332168, -18.538995141 ], [ 26.952279156, -18.5387224923 ], [ 26.954119588800001, -18.5390301224 ], [ 26.955776513099998, -18.539888278 ], [ 26.955801274599999, -18.5399132756 ], [ 26.957055912800001, -18.540023950599998 ], [ 26.958855010099999, -18.540821986299999 ], [ 26.960299085, -18.542159244600001 ], [ 26.961232754499999, -18.543891836099998 ], [ 26.9615555556, -18.545833333299999 ], [ 26.9615555556, -18.5461111111 ], [ 26.961282892900002, -18.547899296600001 ], [ 26.960792726899999, -18.548903882499999 ], [ 26.965106013900002, -18.5504723506 ], [ 26.965738837100002, -18.550744548 ], [ 26.9668499482, -18.551300103500001 ], [ 26.968282938600002, -18.552301313899999 ], [ 26.968638353900001, -18.5527512554 ], [ 26.979060584199999, -18.5462894727 ], [ 26.981128056700001, -18.5454894989 ], [ 26.9833448949, -18.5454948575 ], [ 26.9891782282, -18.546605968600002 ], [ 26.991151369400001, -18.547360356399999 ], [ 26.992740768400001, -18.548751829699999 ], [ 26.9971852129, -18.5543073853 ], [ 26.997382400799999, -18.5545681264 ], [ 26.997834086, -18.5552004856 ], [ 26.9982011138, -18.555029349400002 ], [ 27.000343105300001, -18.554865544399998 ], [ 27.002405503799999, -18.555466770199999 ], [ 27.0029610594, -18.555744548 ], [ 27.003156261099999, -18.555878606 ], [ 27.0031966492, -18.5558286473 ], [ 27.004750983899999, -18.554810330399999 ], [ 27.006542346500002, -18.554316421500001 ], [ 27.008398919, -18.5543942937 ], [ 27.012565585699999, -18.555227627099999 ], [ 27.014351226100001, -18.5558933953 ], [ 27.0148341252, -18.556280594099999 ], [ 27.0162836473, -18.556886834 ], [ 27.0177998978, -18.558271405300001 ], [ 27.0190636805, -18.559903791299998 ], [ 27.0191534191, -18.559919162900002 ], [ 27.019665288399999, -18.5598336035 ], [ 27.0215112277, -18.560106252099999 ], [ 27.0231841389, -18.560932809600001 ], [ 27.024522222200002, -18.5622333333 ], [ 27.024882473400002, -18.562713668299999 ], [ 27.027757406799999, -18.564972544500002 ], [ 27.0303731128, -18.5663992932 ], [ 27.031975911100002, -18.567670891399999 ], [ 27.033058269800001, -18.569407101100001 ], [ 27.033494337, -18.571406043300001 ], [ 27.0337721147, -18.5777949322 ], [ 27.033657599400001, -18.579250418400001 ], [ 27.033333048599999, -18.580221800299999 ], [ 27.038373860099998, -18.583649552099999 ], [ 27.040251449199999, -18.585708994400001 ], [ 27.045276194500001, -18.594801390699999 ], [ 27.050121336299998, -18.5951244002 ], [ 27.052201519899999, -18.595647313600001 ], [ 27.053964862899999, -18.5968684704 ], [ 27.054507807699999, -18.5974114152 ], [ 27.0565358789, -18.598570313100002 ], [ 27.056955555599998, -18.598255555600002 ], [ 27.057304032400001, -18.598076790299999 ], [ 27.0579548985, -18.596562586499999 ], [ 27.059104149500001, -18.595207093199999 ], [ 27.060600042, -18.5942476946 ], [ 27.0623113471, -18.593768555 ], [ 27.064221081700001, -18.5935298381 ], [ 27.066535250699999, -18.592989865300002 ], [ 27.066101018800001, -18.591917310500001 ], [ 27.065964857099999, -18.590061050799999 ], [ 27.066404104499998, -18.588252376700002 ], [ 27.067376492600001, -18.586665335 ], [ 27.068788449700001, -18.585452644899998 ], [ 27.070504104699999, -18.584731002200002 ], [ 27.070520756099999, -18.584729555 ], [ 27.0708384655, -18.584452142699998 ], [ 27.071671798800001, -18.5838965871 ], [ 27.073344156899999, -18.583121898 ], [ 27.075172758699999, -18.582891376500001 ], [ 27.0769850591, -18.5832267744 ], [ 27.0786100513, -18.584096443899998 ], [ 27.079894402699999, -18.585418323700001 ], [ 27.080341350200001, -18.5863145653 ], [ 27.082921131, -18.589886569600001 ], [ 27.088264815300001, -18.587355350700001 ], [ 27.0882785511, -18.587348865599999 ], [ 27.093000773299998, -18.585126643300001 ], [ 27.094732348200001, -18.5846122964 ], [ 27.096538535499999, -18.584636624 ], [ 27.097962558700001, -18.585101705500001 ], [ 27.099794979399999, -18.5833914462 ], [ 27.101688660499999, -18.582195753499999 ], [ 27.103888888899998, -18.581777777799999 ], [ 27.104166666699999, -18.581777777799999 ], [ 27.106152869900001, -18.582116064499999 ], [ 27.107915104300002, -18.583092778800001 ], [ 27.109254656499999, -18.584597784100001 ], [ 27.109748804100001, -18.585388420400001 ], [ 27.111016614899999, -18.5860223257 ], [ 27.112525419299999, -18.5870962889 ], [ 27.113634824199998, -18.588579228 ], [ 27.114239131400002, -18.5903298566 ], [ 27.114280765699998, -18.592181384100002 ], [ 27.1141761176, -18.592535394599999 ], [ 27.114287000600001, -18.593422458300001 ], [ 27.114253768499999, -18.595140549 ], [ 27.113734906200001, -18.596778756 ], [ 27.112772973799999, -18.598202703399998 ], [ 27.109995196, -18.601258259 ], [ 27.108480981, -18.6024607226 ], [ 27.106860126299999, -18.6030477332 ], [ 27.1019758634, -18.605978290900001 ], [ 27.101895106499999, -18.606025891 ], [ 27.098415052099998, -18.6080406594 ], [ 27.098084662600002, -18.608433039800001 ], [ 27.0964627673, -18.6094321661 ], [ 27.0961664497, -18.6095025728 ], [ 27.0897947548, -18.6144583355 ], [ 27.088905589700001, -18.615031731599998 ], [ 27.088115610599999, -18.615447510100001 ], [ 27.087245143299999, -18.616390516300001 ], [ 27.089510769299999, -18.6169569228 ], [ 27.091354632600002, -18.6177661822 ], [ 27.092826916100002, -18.619139905 ], [ 27.093761794199999, -18.620923366700001 ], [ 27.0940416125, -18.622831426600001 ], [ 27.094361643100001, -18.6229197109 ], [ 27.095874888899999, -18.622615763 ], [ 27.097759437899999, -18.622841967399999 ], [ 27.099703882299998, -18.623397523 ], [ 27.1012246594, -18.624071886900001 ], [ 27.102501809, -18.6251379162 ], [ 27.103437149200001, -18.626513659099999 ], [ 27.103958775, -18.628093354 ], [ 27.104654938500001, -18.631922253100001 ], [ 27.1105858556, -18.632304893 ], [ 27.1262502877, -18.629993747299999 ], [ 27.135079397399998, -18.6266179112 ], [ 27.135171763799999, -18.626583461700001 ], [ 27.1443384305, -18.6232501283 ], [ 27.146342309200001, -18.622889069700001 ], [ 27.148351552299999, -18.6232189724 ], [ 27.1515361724, -18.624321341 ], [ 27.156371951699999, -18.622037778500001 ], [ 27.158970969799999, -18.6201475835 ], [ 27.159278747, -18.619938031099998 ], [ 27.162334302600001, -18.617993586600001 ], [ 27.164163607, -18.617219248600001 ], [ 27.166145482600001, -18.617084627099999 ], [ 27.1680626964, -18.617604478200001 ], [ 27.1697051029, -18.618721820899999 ], [ 27.1708926783, -18.6203141835 ], [ 27.171495252500002, -18.622207027399998 ], [ 27.171773030299999, -18.624151471899999 ], [ 27.1717509934, -18.6259906057 ], [ 27.1711728774, -18.627736653 ], [ 27.1700930075, -18.629225538499998 ], [ 27.1686128586, -18.630317352700001 ], [ 27.156390636400001, -18.636706241599999 ], [ 27.154862033, -18.6372570397 ], [ 27.1532416951, -18.637377505700002 ], [ 27.152362765199999, -18.637201691600001 ], [ 27.142006482300001, -18.642092158499999 ], [ 27.140640299400001, -18.642546286599998 ], [ 27.133415166199999, -18.644015805199999 ], [ 27.133414697399999, -18.644063699899998 ], [ 27.1328027275, -18.645862881900001 ], [ 27.130302727499998, -18.650585104099999 ], [ 27.129223181899999, -18.6520397884 ], [ 27.127758678500001, -18.653105975700001 ], [ 27.126042712, -18.653686479099999 ], [ 27.111876045300001, -18.6561864791 ], [ 27.111819727299999, -18.656196141300001 ], [ 27.110430686499999, -18.656427648099999 ], [ 27.1097981962, -18.657298196199999 ], [ 27.109520418500001, -18.657575974 ], [ 27.108016304700001, -18.658671916500001 ], [ 27.1062487258, -18.659254250499998 ], [ 27.105841698, -18.659257028399999 ], [ 27.105685524599998, -18.660662589200001 ], [ 27.1052422946, -18.662351340099999 ], [ 27.1047133225, -18.66321664 ], [ 27.103716675499999, -18.669196522099998 ], [ 27.1044776122, -18.668697229900001 ], [ 27.1062873895, -18.668202751900001 ], [ 27.108161408699999, -18.668291379599999 ], [ 27.109916442399999, -18.668954447499999 ], [ 27.111380897099998, -18.670127126099999 ], [ 27.112411589600001, -18.671694759800001 ], [ 27.112907746899999, -18.673504077499999 ], [ 27.1132399908, -18.676494273 ], [ 27.120430838400001, -18.677692747599998 ], [ 27.122224516799999, -18.678294044400001 ], [ 27.123741822, -18.6794239227 ], [ 27.1334316272, -18.689368722800001 ], [ 27.1359091733, -18.690388888899999 ], [ 27.14, -18.690388888899999 ], [ 27.141654253199999, -18.690621441800001 ], [ 27.143180272599999, -18.691301073399998 ], [ 27.144459764899999, -18.692375100500001 ], [ 27.149459764900001, -18.697930656099999 ], [ 27.1504317648, -18.699395732700001 ], [ 27.150593955200002, -18.699935930199999 ], [ 27.151931145399999, -18.6995825827 ], [ 27.175264478799999, -18.697360360499999 ], [ 27.176273322, -18.6973494876 ], [ 27.195162210900001, -18.6987383765 ], [ 27.196370549, -18.698953078500001 ], [ 27.198820363300001, -18.699653025500002 ], [ 27.204522469899999, -18.699597665199999 ], [ 27.2054306038, -18.699406479099999 ], [ 27.207292992500001, -18.699310557699999 ], [ 27.207627456499999, -18.6993997527 ], [ 27.208899260300001, -18.698882728299999 ], [ 27.210737956799999, -18.698739895300001 ], [ 27.214349067899999, -18.699017673099998 ], [ 27.2150655857, -18.699116515899998 ], [ 27.215388919399999, -18.699181182699999 ], [ 27.222458533200001, -18.6984742213 ], [ 27.2244492542, -18.698608555100002 ], [ 27.2262858548, -18.699388243600001 ], [ 27.226428438199999, -18.699517279799998 ], [ 27.228447321499999, -18.698381657900001 ], [ 27.229868480899999, -18.697806943700002 ], [ 27.2313888889, -18.697611111099999 ], [ 27.236111111100001, -18.697611111099999 ], [ 27.238143925399999, -18.697965965800002 ], [ 27.239936288500001, -18.6989885558 ], [ 27.241276190899999, -18.700557924200002 ], [ 27.242005142499998, -18.702488438500001 ], [ 27.2431162536, -18.708321771800001 ], [ 27.243065269500001, -18.710807822100001 ], [ 27.241967169399999, -18.7155139654 ], [ 27.243814243500001, -18.717035085300001 ], [ 27.245175271499999, -18.718630787 ], [ 27.245903958700001, -18.7205974279 ], [ 27.245911270499999, -18.722694713700001 ], [ 27.2448001594, -18.729083602599999 ], [ 27.2437036629, -18.731635772200001 ], [ 27.228140512, -18.7525655269 ], [ 27.224276312200001, -18.763642899600001 ], [ 27.223095567, -18.7656528497 ], [ 27.221597614299998, -18.767338046500001 ], [ 27.2206000736, -18.769931652299999 ], [ 27.2204477563, -18.770292126800001 ], [ 27.218911397700001, -18.773620903800001 ], [ 27.240050351, -18.779283123500001 ], [ 27.258309707599999, -18.772943069099998 ], [ 27.2607659498, -18.772631003400001 ], [ 27.272139097, -18.773559423599998 ], [ 27.275714959, -18.7686769966 ], [ 27.276146734899999, -18.768152541599999 ], [ 27.282813401599999, -18.7609303194 ], [ 27.284167396200001, -18.759835889400001 ], [ 27.3036214161, -18.7483278777 ], [ 27.319126244, -18.736832919099999 ], [ 27.319126244100001, -18.736832919 ], [ 27.321590692600001, -18.7343684704 ], [ 27.323109390300001, -18.733265072 ], [ 27.324894726499998, -18.7326849811 ], [ 27.326771940099999, -18.7326849811 ], [ 27.3285572763, -18.733265072 ], [ 27.330075974, -18.7343684704 ], [ 27.331179372499999, -18.7358871681 ], [ 27.331739515500001, -18.737611111100001 ], [ 27.333611111100002, -18.737611111100001 ], [ 27.335230510599999, -18.737833780799999 ], [ 27.336729713, -18.738485262699999 ], [ 27.337997442700001, -18.739517201599998 ], [ 27.341289247799999, -18.743044135600002 ], [ 27.347524806399999, -18.746699463 ], [ 27.359633097300001, -18.7482129994 ], [ 27.3622170901, -18.7491743649 ], [ 27.373567972, -18.756741619500001 ], [ 27.381752101099998, -18.757857637099999 ], [ 27.383595251799999, -18.756277793700001 ], [ 27.385118483700001, -18.755326212500002 ], [ 27.386855108900001, -18.754868091 ], [ 27.3971328867, -18.7537569799 ], [ 27.399223279499999, -18.7538989478 ], [ 27.4011374054, -18.754751014899998 ], [ 27.4026418531, -18.756209278899998 ], [ 27.406252964299998, -18.761209278900001 ], [ 27.407006864, -18.762615481600001 ], [ 27.407840197300001, -18.764837703800001 ], [ 27.4082205825, -18.766804179800001 ], [ 27.407932530299998, -18.768786286400001 ], [ 27.4070081403, -18.770563144299999 ], [ 27.406644788400001, -18.7709055296 ], [ 27.406828131800001, -18.775305772300001 ], [ 27.406644139099999, -18.776336933500001 ], [ 27.410338403, -18.771778054599999 ], [ 27.411788084800001, -18.770487656499999 ], [ 27.413573831400001, -18.7697275162 ], [ 27.415508799, -18.7695771675 ], [ 27.428564354500001, -18.770688278600002 ], [ 27.431154514599999, -18.771528918800001 ], [ 27.448654514600001, -18.782084474400001 ], [ 27.450190221, -18.783411726699999 ], [ 27.451195516599999, -18.785175068299999 ], [ 27.451555351100001, -18.787172695 ], [ 27.451228543500001, -18.789175989699999 ], [ 27.450252495099999, -18.790955687 ], [ 27.441641384, -18.801789020299999 ], [ 27.4409582328, -18.802515320400001 ], [ 27.438180455099999, -18.805015320399999 ], [ 27.437941856, -18.8052190248 ], [ 27.432108522699998, -18.809941247 ], [ 27.430057420600001, -18.811024735499998 ], [ 27.428097863, -18.8116126028 ], [ 27.424688699699999, -18.813818532 ], [ 27.422933474499999, -18.815661518500001 ], [ 27.428004619100001, -18.821935985500001 ], [ 27.4540442863, -18.839791757299999 ], [ 27.455282844300001, -18.839561756399998 ], [ 27.456928184300001, -18.8397146746 ], [ 27.458469413100001, -18.840310611900001 ], [ 27.4595309288, -18.840900342899999 ], [ 27.459909657499999, -18.840960327600001 ], [ 27.461582267099999, -18.8418125647 ], [ 27.462909657499999, -18.843139955200002 ], [ 27.463486346500002, -18.844271770900001 ], [ 27.4706392366, -18.845879162 ], [ 27.471965683, -18.84510159 ], [ 27.472728202900001, -18.844724496 ], [ 27.483138364399998, -18.8404657936 ], [ 27.484334494500001, -18.838522082099999 ], [ 27.485766490900001, -18.836926133199999 ], [ 27.487668209599999, -18.8359356118 ], [ 27.489796776599999, -18.835677020399999 ], [ 27.499241221, -18.836232576 ], [ 27.5008194045, -18.8365412795 ], [ 27.502258914599999, -18.837258058 ], [ 27.503456348299999, -18.838331423500001 ], [ 27.50944663, -18.845363493299999 ], [ 27.527766260899998, -18.859612095199999 ], [ 27.55599536, -18.864360915599999 ], [ 27.557298090100002, -18.8647353251 ], [ 27.568225173, -18.869266066800002 ], [ 27.574960268200002, -18.870820319500002 ], [ 27.5750663249, -18.870845811700001 ], [ 27.578885764599999, -18.871800671599999 ], [ 27.583584431799999, -18.870166352599998 ], [ 27.5858219592, -18.8698392505 ], [ 27.5972597355, -18.8703475961 ], [ 27.623468196099999, -18.862057164700001 ], [ 27.625277777800001, -18.8617777778 ], [ 27.631666666699999, -18.8617777778 ], [ 27.6334441242, -18.862047102 ], [ 27.6350620109, -18.862830896199998 ], [ 27.636375081400001, -18.8640587953 ], [ 27.6372654553, -18.8656205652 ], [ 27.637653199300001, -18.8673759982 ], [ 27.637503504, -18.869167500900001 ], [ 27.6362777778, -18.8743155509 ], [ 27.6362777778, -18.878888888900001 ], [ 27.6361349001, -18.880190471599999 ], [ 27.6339126779, -18.8901904716 ], [ 27.633277817500002, -18.891843204299999 ], [ 27.6321882471, -18.893238700400001 ], [ 27.6318949528, -18.8934444444 ], [ 27.633294771799999, -18.8934444444 ], [ 27.6354899699, -18.8930054048 ], [ 27.638245371099998, -18.893100306 ], [ 27.638829414100002, -18.8932595904 ], [ 27.646124972700001, -18.892750598 ], [ 27.646266971700001, -18.892642408299999 ], [ 27.646774733099999, -18.891969865899998 ], [ 27.648604989300001, -18.8908180287 ], [ 27.6487238958, -18.890770466100001 ], [ 27.650530407400002, -18.8893940763 ], [ 27.6523268557, -18.8884557039 ], [ 27.654333235100001, -18.8881689792 ], [ 27.6563206083, -18.888566618900001 ], [ 27.657870043100001, -18.889488871 ], [ 27.658086974500002, -18.889577264700002 ], [ 27.665031419, -18.893743931300001 ], [ 27.666417664499999, -18.8948901013 ], [ 27.682806553399999, -18.913223434599999 ], [ 27.6830890773, -18.913563957699999 ], [ 27.691422410600001, -18.924397291 ], [ 27.692343365, -18.926112594799999 ], [ 27.692666622299999, -18.9280324721 ], [ 27.692358146899998, -18.929954779799999 ], [ 27.691450418100001, -18.931677119 ], [ 27.690039010300001, -18.9330181455 ], [ 27.688272529799999, -18.933836663 ], [ 27.6832725298, -18.9352255519 ], [ 27.681134389499999, -18.9354207879 ], [ 27.680188043699999, -18.935160184800001 ], [ 27.680366969200001, -18.9357055732 ], [ 27.6803758223, -18.937571518199999 ], [ 27.679811007600001, -18.9393499482 ], [ 27.679255452, -18.9404610594 ], [ 27.677951545799999, -18.9421930715 ], [ 27.676117232900001, -18.943348637900002 ], [ 27.675928638199998, -18.943424075799999 ], [ 27.6753073263, -18.9439138386 ], [ 27.671771999400001, -18.9457854823 ], [ 27.671744444400002, -18.9458222222 ], [ 27.670001405800001, -18.947385069 ], [ 27.668173519900002, -18.9480280559 ], [ 27.6681508906, -18.948045151199999 ], [ 27.665095335, -18.949711817899999 ], [ 27.663704747, -18.950258403500001 ], [ 27.6622222222, -18.950444444399999 ], [ 27.660844431699999, -18.950444444399999 ], [ 27.660272645599999, -18.950825635099999 ], [ 27.6586685318, -18.951580291 ], [ 27.655890754, -18.952413624399998 ], [ 27.654254681200001, -18.952666021100001 ], [ 27.652611908499999, -18.952461727199999 ], [ 27.651087489, -18.951816294299999 ], [ 27.649797466700001, -18.950778854900001 ], [ 27.6453530223, -18.946056632600001 ], [ 27.645095025900002, -18.945612477699999 ], [ 27.643964862899999, -18.946742640699998 ], [ 27.642410651900001, -18.947863986 ], [ 27.640582147300002, -18.948438057699999 ], [ 27.638665906699998, -18.948406284600001 ], [ 27.636857439300002, -18.947771908499998 ], [ 27.6353412584, -18.946599653100002 ], [ 27.634272055899999, -18.9450091207 ], [ 27.633758919800002, -18.9431625892 ], [ 27.633203364300002, -18.938162589200001 ], [ 27.633388091299999, -18.935885048900001 ], [ 27.634410922699999, -18.933841735400001 ], [ 27.637188700500001, -18.930230624299998 ], [ 27.6385541, -18.9289385794 ], [ 27.639345945399999, -18.92856269 ], [ 27.638814139, -18.926827321600001 ], [ 27.636739352900001, -18.922159053 ], [ 27.636222222200001, -18.919722222200001 ], [ 27.636222222200001, -18.9194444444 ], [ 27.6365726491, -18.9174239683 ], [ 27.637242081099998, -18.9162416239 ], [ 27.637108188199999, -18.915237426800001 ], [ 27.6371169793, -18.913588108199999 ], [ 27.637574517099999, -18.912003498499999 ], [ 27.638446227900001, -18.910603338 ], [ 27.641848063099999, -18.9065211357 ], [ 27.6376349204, -18.905372096800001 ], [ 27.6373527698, -18.905391781700001 ], [ 27.6314224455, -18.906916722199998 ], [ 27.6313778472, -18.907040947599999 ], [ 27.6302509454, -18.908509680800002 ], [ 27.6287299446, -18.909564973 ], [ 27.6277610052, -18.909861291799999 ], [ 27.6263753685, -18.910880861300001 ], [ 27.624612392, -18.9114714187 ], [ 27.6227532692, -18.911493914499999 ], [ 27.620976519300001, -18.910946188699999 ], [ 27.619452751899999, -18.909880835700001 ], [ 27.618328284499999, -18.908400154500001 ], [ 27.617371675099999, -18.906623594199999 ], [ 27.607169844200001, -18.905100932900002 ], [ 27.6060902963, -18.9048356839 ], [ 27.585560270199998, -18.897718608200002 ], [ 27.564833801799999, -18.892935577 ], [ 27.5440887512, -18.892666160699999 ], [ 27.543814334499999, -18.892656312900002 ], [ 27.534369890099999, -18.892100757400001 ], [ 27.5317160046, -18.891303668799999 ], [ 27.5216894297, -18.8854988097 ], [ 27.5097693001, -18.881525433099998 ], [ 27.507424026, -18.880075974 ], [ 27.4971462482, -18.869798196200001 ], [ 27.496861255799999, -18.8694926278 ], [ 27.493800135499999, -18.865972339599999 ], [ 27.491904093399999, -18.866225145200001 ], [ 27.4902320588, -18.866213034 ], [ 27.488628293400001, -18.8657399766 ], [ 27.4855727379, -18.864351087799999 ], [ 27.4847273544, -18.863881190699999 ], [ 27.478987082900002, -18.860054343 ], [ 27.472625349099999, -18.858624739900002 ], [ 27.4699787614, -18.8601761878 ], [ 27.4685052518, -18.860793434200001 ], [ 27.466921088599999, -18.860999954499999 ], [ 27.465338581299999, -18.860781107499999 ], [ 27.4603385813, -18.8593922186 ], [ 27.4582807667, -18.8583626862 ], [ 27.456761771, -18.856634337300001 ], [ 27.455704788199998, -18.854822366699999 ], [ 27.455351158700001, -18.854742899400001 ], [ 27.455276943499999, -18.854725726200002 ], [ 27.426110276799999, -18.847781281700001 ], [ 27.425075016899999, -18.8474325641 ], [ 27.4012724627, -18.8369151564 ], [ 27.389693287899998, -18.832228347499999 ], [ 27.388979444699999, -18.831882869899999 ], [ 27.362590555800001, -18.816882869899999 ], [ 27.361945604799999, -18.816459187500001 ], [ 27.3524240926, -18.809287139399999 ], [ 27.351649901, -18.8104380445 ], [ 27.350269821099999, -18.811557267800001 ], [ 27.3486224599, -18.812223212700001 ], [ 27.341678015500001, -18.813889879400001 ], [ 27.340017154400002, -18.814049892500002 ], [ 27.338275872200001, -18.813974184599999 ], [ 27.338485626600001, -18.814862718400001 ], [ 27.338304536300001, -18.816796777 ], [ 27.337515037599999, -18.8185716202 ], [ 27.336528922300001, -18.819643544200002 ], [ 27.337526650499999, -18.821697690400001 ], [ 27.3405276493, -18.826905305899999 ], [ 27.340618188299999, -18.8269371425 ], [ 27.3420952132, -18.8280557187 ], [ 27.3431605448, -18.829571596 ], [ 27.343712597300001, -18.8313402263 ], [ 27.3436987294, -18.833192960200002 ], [ 27.343120263300001, -18.834953128399999 ], [ 27.342634283, -18.8356230899 ], [ 27.342359112, -18.838374800099999 ], [ 27.3419130027, -18.8401196075 ], [ 27.340969206600001, -18.841653431200001 ], [ 27.337913651, -18.845264542300001 ], [ 27.336599782, -18.846421811799999 ], [ 27.335007763499998, -18.847150510500001 ], [ 27.333273161499999, -18.847388587200001 ], [ 27.3315436834, -18.847115768799998 ], [ 27.323960097699999, -18.844745898199999 ], [ 27.313924350600001, -18.846214544199999 ], [ 27.3132776255, -18.846273666799998 ], [ 27.306622749, -18.846520143700001 ], [ 27.305910795900001, -18.8467638013 ], [ 27.303794335100001, -18.8467109495 ], [ 27.282127668499999, -18.8422665051 ], [ 27.280073825700001, -18.841426309799999 ], [ 27.275609196600001, -18.838537432199999 ], [ 27.2628268926, -18.832010298299998 ], [ 27.2614003646, -18.830994990600001 ], [ 27.254608586700002, -18.824474883800001 ], [ 27.2517322524, -18.825050150700001 ], [ 27.249653139399999, -18.825098415599999 ], [ 27.247682442799999, -18.824434040100002 ], [ 27.245371974499999, -18.823173784600002 ], [ 27.2451702977, -18.823138227200001 ], [ 27.243365816600001, -18.8220965352 ], [ 27.242026383199999, -18.8205005427 ], [ 27.2413135209, -18.818542712 ], [ 27.241185980800001, -18.8178199848 ], [ 27.239788185, -18.816879980300001 ], [ 27.23861595, -18.815362885799999 ], [ 27.2379820982, -18.8135534818 ], [ 27.2379601158, -18.812183096599998 ], [ 27.237277283200001, -18.811548401900001 ], [ 27.236405982899999, -18.810085470099999 ], [ 27.234151652200001, -18.804675076300001 ], [ 27.233239469499999, -18.803858912799999 ], [ 27.211977942899999, -18.8024414777 ], [ 27.193395785500002, -18.807396719700002 ], [ 27.189142592300001, -18.810978356100001 ], [ 27.187478252799998, -18.811970816 ], [ 27.185584391300001, -18.812381049399999 ], [ 27.1836585484, -18.8121662669 ], [ 27.1819016002, -18.8113488712 ], [ 27.180496806299999, -18.810014121599998 ], [ 27.1798883883, -18.808863989399999 ], [ 27.179236679, -18.808755248899999 ], [ 27.177612655899999, -18.8079300618 ], [ 27.176311111099999, -18.806655555599999 ], [ 27.175477777800001, -18.805544444399999 ], [ 27.175251673, -18.805112908 ], [ 27.174087934900001, -18.804453507400002 ], [ 27.172876339799998, -18.8031828445 ], [ 27.172084436799999, -18.801615861199998 ], [ 27.171780033499999, -18.799886732699999 ], [ 27.1719891949, -18.7981435178 ], [ 27.172326143399999, -18.7969080397 ], [ 27.172276864400001, -18.7967700584 ], [ 27.166002489499999, -18.7928756188 ], [ 27.164489438499999, -18.791535907099998 ], [ 27.1635070126, -18.7897698409 ], [ 27.1631666667, -18.787777777799999 ], [ 27.1631666667, -18.780339426299999 ], [ 27.151593092700001, -18.776206007 ], [ 27.149959904399999, -18.775316720300001 ], [ 27.148677448499999, -18.773970079400002 ], [ 27.148581480400001, -18.773771309400001 ], [ 27.141747377800002, -18.772244541799999 ], [ 27.1404122167, -18.771775238299998 ], [ 27.1392241207, -18.771006259100002 ], [ 27.1322229339, -18.765196763599999 ], [ 27.130430889300001, -18.770735810600002 ], [ 27.12950653, -18.772509717399998 ], [ 27.128050423400001, -18.773881190699999 ], [ 27.127368381699998, -18.774335885199999 ], [ 27.127094880600001, -18.774722403599998 ], [ 27.125650890599999, -18.775822929 ], [ 27.122595335, -18.777489595700001 ], [ 27.1208792469, -18.778109606499999 ], [ 27.119056154100001, -18.778185137099999 ], [ 27.117294661100001, -18.777709202 ], [ 27.115757675099999, -18.776725817 ], [ 27.114587340500002, -18.775325928 ], [ 27.1138918929, -18.773639000500001 ], [ 27.113781183699999, -18.772350857700001 ], [ 27.101206626, -18.765219019 ], [ 27.0993666667, -18.7636 ], [ 27.096866666699999, -18.760266666700002 ], [ 27.095936361900002, -18.758445319900002 ], [ 27.0956718503, -18.7564173148 ], [ 27.095917736200001, -18.755279542899999 ], [ 27.0878081623, -18.7590514378 ], [ 27.086103188, -18.7595540648 ], [ 27.0839534811, -18.759852635200001 ], [ 27.083238229, -18.7610787817 ], [ 27.082165743299999, -18.762426637400001 ], [ 27.080754516399999, -18.7634142504 ], [ 27.079120854700001, -18.763960226399998 ], [ 27.077399396299999, -18.7640195689 ], [ 27.076253403100001, -18.763722529799999 ], [ 27.0749761945, -18.763669463799999 ], [ 27.073298751199999, -18.763077837400001 ], [ 27.0721726913, -18.762245331599999 ], [ 27.065402215900001, -18.766476878700001 ], [ 27.063546819199999, -18.767240849499998 ], [ 27.061543283, -18.767350351899999 ], [ 27.0596156776, -18.766793139600001 ], [ 27.0579795815, -18.7656315296 ], [ 27.054924026, -18.762575974 ], [ 27.054418864399999, -18.761973860800001 ], [ 27.053354491499999, -18.761103010300001 ], [ 27.0524460661, -18.7618618825 ], [ 27.052133381200001, -18.761976688800001 ], [ 27.051940057, -18.762318136200001 ], [ 27.050625928500001, -18.763552242900001 ], [ 27.049004525400001, -18.764340281700001 ], [ 27.047222222199998, -18.764611111099999 ], [ 27.045833333299999, -18.764611111099999 ], [ 27.044280419100001, -18.764406666100001 ], [ 27.042833333299999, -18.763807263499999 ], [ 27.0415906926, -18.762853751800002 ], [ 27.039924026, -18.761187085100001 ], [ 27.039122555500001, -18.760083955700001 ], [ 27.038846656600001, -18.760106004200001 ], [ 27.0372629166, -18.7614785789 ], [ 27.035616943400001, -18.762492878900002 ], [ 27.033733853299999, -18.762931061500002 ], [ 27.031809175500001, -18.762747628300001 ], [ 27.030042757499999, -18.761961626 ], [ 27.029010793699999, -18.7610149765 ], [ 27.028185562499999, -18.7612384828 ], [ 27.026393613700002, -18.761174888 ], [ 27.024700475100001, -18.760584628099998 ], [ 27.023484203500001, -18.759687702200001 ], [ 27.023469817500001, -18.759681536799999 ], [ 27.021348877400001, -18.7581528497 ], [ 27.019126655200001, -18.755652849699999 ], [ 27.018980116200002, -18.755425549600002 ], [ 27.018246680600001, -18.754643218199998 ], [ 27.017537798500001, -18.754514330599999 ], [ 27.0157390701, -18.753879069 ], [ 27.014230655599999, -18.752711307399998 ], [ 27.0136151269, -18.751797382 ], [ 27.0100456646, -18.750197278200002 ], [ 27.008630662400002, -18.749307876700001 ], [ 27.008275261600001, -18.748910894200002 ], [ 27.006702168499999, -18.749500532 ], [ 27.0047160186, -18.749552085600001 ], [ 27.002821925, -18.7489522031 ], [ 27.001227577800002, -18.7477666626 ], [ 27.000107799199998, -18.746125460199998 ], [ 26.9978120068, -18.741151243299999 ], [ 26.995213651699999, -18.739569635799999 ], [ 26.993893692899999, -18.7384804812 ], [ 26.9925052641, -18.736953209500001 ], [ 26.988545525399999, -18.7361612618 ], [ 26.986038578500001, -18.735013891099999 ], [ 26.982592440400001, -18.732333561400001 ], [ 26.982214759600001, -18.732388884199999 ], [ 26.980479946399999, -18.732130358700001 ], [ 26.9802725188, -18.732032372900001 ], [ 26.979821076899999, -18.732352397300001 ], [ 26.977884403, -18.732907792199999 ], [ 26.975873065199998, -18.732790791599999 ], [ 26.974267203299998, -18.732420208099999 ], [ 26.972689954500002, -18.7328979489 ], [ 26.971600364299999, -18.732848924199999 ], [ 26.970676619799999, -18.733864630799999 ], [ 26.968993015799999, -18.734806113 ], [ 26.9670976743, -18.735164709700001 ], [ 26.965186495200001, -18.734903356899999 ], [ 26.9643572568, -18.734493748399998 ], [ 26.963964987099999, -18.7344657316 ], [ 26.9639147191, -18.734446242299999 ], [ 26.963555959899999, -18.734491087199999 ], [ 26.962452922200001, -18.7348587665 ], [ 26.960593511700001, -18.735166546599999 ], [ 26.9587303562, -18.734882316 ], [ 26.957862988900001, -18.734445197599999 ], [ 26.9578503103, -18.734458335500001 ], [ 26.955350310299998, -18.73640278 ], [ 26.9536800793, -18.737318760899999 ], [ 26.9518069023, -18.737665027599999 ], [ 26.94991959, -18.737406677399999 ], [ 26.949180492899998, -18.737045197 ], [ 26.948691155799999, -18.7370636363 ], [ 26.947854123, -18.736814379 ], [ 26.947988148699999, -18.737075879500001 ], [ 26.948079907299999, -18.737163178700001 ], [ 26.948961297499999, -18.7387534247 ], [ 26.949325894899999, -18.740534660200002 ], [ 26.9491402202, -18.7423433216 ], [ 26.948421323200002, -18.744013327 ], [ 26.947032434299999, -18.746235549200001 ], [ 26.945800738199999, -18.7476521846 ], [ 26.944191561299998, -18.748618869800001 ], [ 26.9423624209, -18.7490409792 ], [ 26.940492366099999, -18.7488771935 ], [ 26.938764450800001, -18.748143545400001 ], [ 26.9365422286, -18.746754656499999 ], [ 26.935283014700001, -18.7457031796 ], [ 26.9343556591, -18.7443499482 ], [ 26.934277241899999, -18.7441931139 ], [ 26.932819749099998, -18.742921031 ], [ 26.931807900199999, -18.741064033299999 ], [ 26.9314606228, -18.7400222011 ], [ 26.926430334599999, -18.7316383874 ], [ 26.914115487499998, -18.7205758976 ], [ 26.9093589744, -18.718594017099999 ], [ 26.907801400499999, -18.717644642300002 ], [ 26.9066010791, -18.716271115 ], [ 26.9058689515, -18.714600385299999 ], [ 26.905672685599999, -18.712786872599999 ], [ 26.906030421400001, -18.7109981933 ], [ 26.906909094900001, -18.7093996684 ], [ 26.9082274933, -18.708139043900001 ], [ 26.909863762099999, -18.707332834599999 ], [ 26.9116666667, -18.7070555556 ], [ 26.914722222200002, -18.7070555556 ], [ 26.916869179599999, -18.707452826400001 ], [ 26.9187318291, -18.7085920309 ], [ 26.920151344400001, -18.709867188699999 ], [ 26.918838877599999, -18.706586021900002 ], [ 26.9180009729, -18.705636396500001 ], [ 26.916996965900001, -18.704057611300001 ], [ 26.916528066800002, -18.7022463337 ], [ 26.916639870600001, -18.700378690099999 ], [ 26.917321505699999, -18.698636287700001 ], [ 26.918506690800001, -18.697188555299999 ], [ 26.918789675599999, -18.697006500200001 ], [ 26.9135314452, -18.689821987399998 ], [ 26.911959637900001, -18.690670962799999 ], [ 26.910046015199999, -18.6909998235 ], [ 26.9081275735, -18.690700352499999 ], [ 26.906405221699998, -18.689803911799999 ], [ 26.905059333200001, -18.6884043813 ], [ 26.9042308563, -18.6866483268 ], [ 26.904120220700001, -18.686261102300001 ], [ 26.9033718343, -18.684611164 ], [ 26.903179286099999, -18.682666616100001 ], [ 26.903621789599999, -18.680763321099999 ], [ 26.904364449100001, -18.6795670132 ], [ 26.904307900199999, -18.6793973666 ], [ 26.904008247499998, -18.677185513400001 ], [ 26.9040769934, -18.676904023599999 ], [ 26.893602227900001, -18.662591967699999 ], [ 26.893773837400001, -18.6638285252 ], [ 26.893339628300001, -18.665861848599999 ], [ 26.892237542699998, -18.667624899500002 ], [ 26.889737542700001, -18.6704026773 ], [ 26.888395133500001, -18.6715154953 ], [ 26.886789444200001, -18.672195339200002 ], [ 26.885056085, -18.672384791900001 ], [ 26.883341449300001, -18.6720678529 ], [ 26.881962957100001, -18.6713599323 ], [ 26.880786408500001, -18.671888345399999 ], [ 26.879021474200002, -18.672109354100002 ], [ 26.8772693001, -18.671803210899999 ], [ 26.876435966700001, -18.671525433100001 ], [ 26.875650051800001, -18.671199896499999 ], [ 26.875094496199999, -18.670922118699998 ], [ 26.873505919100001, -18.669768775600001 ], [ 26.8723746418, -18.66816441 ], [ 26.8718217668, -18.666280768099998 ], [ 26.871906479100002, -18.664319492699999 ], [ 26.8728888889, -18.659653046 ], [ 26.8728888889, -18.656653670099999 ], [ 26.869902151600002, -18.6557346741 ], [ 26.867888786399998, -18.6546612896 ], [ 26.866421723, -18.652913857600002 ], [ 26.865934276099999, -18.652036453099999 ], [ 26.859816718400001, -18.648977674299999 ], [ 26.858423302399999, -18.6480134442 ], [ 26.857355042399998, -18.646698085600001 ], [ 26.8540217091, -18.641142530100002 ], [ 26.853397900499999, -18.639633205500001 ], [ 26.845695883699999, -18.638737622099999 ], [ 26.844078654899999, -18.638315179599999 ], [ 26.842640718599998, -18.6374629906 ], [ 26.841042318, -18.636184270200001 ], [ 26.8361708232, -18.638482145099999 ], [ 26.833611111100002, -18.639055555599999 ], [ 26.823171972600001, -18.639055555599999 ], [ 26.8213412054, -18.641027151 ], [ 26.820082403800001, -18.6420584655 ], [ 26.819915549099999, -18.642131846200002 ], [ 26.819849465499999, -18.642282974800001 ], [ 26.818841963400001, -18.643528745600001 ], [ 26.813841963400002, -18.648250967799999 ], [ 26.8119389232, -18.649464392199999 ], [ 26.8098710274, -18.649860392800001 ], [ 26.809107747300001, -18.650475870899999 ], [ 26.8073715011, -18.651143902299999 ], [ 26.805514088799999, -18.651248000900001 ], [ 26.802736311, -18.6509702231 ], [ 26.8011653368, -18.6505946216 ], [ 26.7997514843, -18.649813559799998 ], [ 26.79859722, -18.6486836437 ], [ 26.7973062674, -18.6470238474 ], [ 26.793764450800001, -18.644810212 ], [ 26.792505236899999, -18.6437587351 ], [ 26.791844104500001, -18.642793986400001 ], [ 26.7867821482, -18.640895752799999 ], [ 26.785140718600001, -18.639962990600001 ], [ 26.783751829700002, -18.638851879499999 ], [ 26.7824500334, -18.6374067032 ], [ 26.7816789335, -18.635621034300001 ], [ 26.781519564500002, -18.633682527200001 ], [ 26.781988674099999, -18.631794897900001 ], [ 26.783036964099999, -18.630156515700001 ], [ 26.784554270699999, -18.628939556700001 ], [ 26.786381141300001, -18.6282719101 ], [ 26.7883255918, -18.628223738199999 ], [ 26.7897394431, -18.628662398500001 ] ], [ [ 27.181460694199998, -18.747324797099999 ], [ 27.190637482100001, -18.753677958 ], [ 27.191103066299998, -18.754035190500002 ], [ 27.208086614300001, -18.768438959 ], [ 27.209470204100001, -18.765441181100002 ], [ 27.210788815299999, -18.7620127922 ], [ 27.211904433, -18.760180483599999 ], [ 27.213337266100002, -18.758568546399999 ], [ 27.2171125767, -18.7477459893 ], [ 27.2179630037, -18.746142005599999 ], [ 27.233222233300001, -18.725620972800002 ], [ 27.233490471700001, -18.724078601799999 ], [ 27.231463534300001, -18.7224093592 ], [ 27.230339682099999, -18.721185887400001 ], [ 27.229594407299999, -18.719701134200001 ], [ 27.229284846, -18.718068927600001 ], [ 27.2294347305, -18.7164144001 ], [ 27.230729308099999, -18.710866210199999 ], [ 27.2298860119, -18.711340564299999 ], [ 27.229051185100001, -18.711729086199998 ], [ 27.222384518399998, -18.7142290862 ], [ 27.220664071400002, -18.714598663 ], [ 27.204430991300001, -18.715645958500001 ], [ 27.198688815699999, -18.718198036499999 ], [ 27.198238069799999, -18.718426773200001 ], [ 27.195865205899999, -18.720241316199999 ], [ 27.189503511400002, -18.730112911100001 ], [ 27.189861861699999, -18.733875589899998 ], [ 27.189606443599999, -18.736263666399999 ], [ 27.187661999100001, -18.7423747775 ], [ 27.187069833500001, -18.743674912500001 ], [ 27.186187085099998, -18.744798196200001 ], [ 27.185353751800001, -18.745631529600001 ], [ 27.184032898200002, -18.746629419400001 ], [ 27.182489628599999, -18.747228382799999 ], [ 27.181460694199998, -18.747324797099999 ] ], [ [ 27.285835112699999, -18.775348605 ], [ 27.287127726, -18.775744548 ], [ 27.291016614899998, -18.777688992400002 ], [ 27.292703366800001, -18.778944253199999 ], [ 27.293853477199999, -18.7807043832 ], [ 27.296580187, -18.7871062237 ], [ 27.297042079, -18.7874457976 ], [ 27.298134926199999, -18.788964637599999 ], [ 27.2987067625, -18.790746264199999 ], [ 27.298705937400001, -18.791068676599998 ], [ 27.2998445964, -18.789773966199999 ], [ 27.306757056399999, -18.7841994017 ], [ 27.309946443699999, -18.768007127800001 ], [ 27.3100022327, -18.767753066499999 ], [ 27.312726425099999, -18.7565157726 ], [ 27.310517796799999, -18.758153204 ], [ 27.309999270399999, -18.758497443900001 ], [ 27.2910342863, -18.7697161669 ], [ 27.285835112699999, -18.775348605 ] ], [ [ 27.319642224500001, -18.8081735327 ], [ 27.319664779299998, -18.808326173899999 ], [ 27.321248170299999, -18.809203676 ], [ 27.3216001646, -18.8094852714 ], [ 27.322250052400001, -18.809519476 ], [ 27.322612894500001, -18.808936671400001 ], [ 27.324478107800001, -18.8066984154 ], [ 27.320446915400002, -18.804470651100001 ], [ 27.319772372900001, -18.807843363500002 ], [ 27.319642224500001, -18.8081735327 ] ], [ [ 27.6175770945, -18.894521329900002 ], [ 27.619147354, -18.887567323700001 ], [ 27.619873820399999, -18.8857708313 ], [ 27.621134995599999, -18.884299581699999 ], [ 27.622799327, -18.8833070399 ], [ 27.62316732, -18.883227315599999 ], [ 27.6242777778, -18.8782302555 ], [ 27.6242777778, -18.874387136100001 ], [ 27.599865137199998, -18.882109502 ], [ 27.597789151899999, -18.8823829717 ], [ 27.586439297799998, -18.881878533799998 ], [ 27.5811377904, -18.883722536299999 ], [ 27.579576823099998, -18.8840224305 ], [ 27.588571379299999, -18.8860980973 ], [ 27.589187481500002, -18.886275427299999 ], [ 27.60949338, -18.893314805399999 ], [ 27.6175770945, -18.894521329900002 ] ], [ [ 27.669018893400001, -18.924888711400001 ], [ 27.669229311100001, -18.926572053400001 ], [ 27.6728234409, -18.928872296400002 ], [ 27.669018893400001, -18.924888711400001 ] ], [ [ 27.656842337200001, -18.936699161 ], [ 27.6568651147, -18.936277777800001 ], [ 27.656294189299999, -18.936277777800001 ], [ 27.656159310900001, -18.936311497399998 ], [ 27.656842337200001, -18.936699161 ] ], [ [ 27.650884903600002, -18.925260782300001 ], [ 27.6541003418, -18.924456922800001 ], [ 27.655555555599999, -18.9242777778 ], [ 27.65684914, -18.9242777778 ], [ 27.656632050199999, -18.922541059299999 ], [ 27.6527105236, -18.9119202581 ], [ 27.652467165899999, -18.912358302 ], [ 27.651831549899999, -18.913285550800001 ], [ 27.649351019600001, -18.916262187200001 ], [ 27.649558478500001, -18.9178181288 ], [ 27.6495362042, -18.919556241599999 ], [ 27.6491964473, -18.920640942 ], [ 27.649927313700001, -18.922285391399999 ], [ 27.650181115399999, -18.9229642102 ], [ 27.650884903600002, -18.925260782300001 ] ], [ [ 27.5654570859, -18.880942659700001 ], [ 27.565039731799999, -18.880846347199999 ], [ 27.564090798799999, -18.880542452699999 ], [ 27.553331992899999, -18.8760814844 ], [ 27.524282417799999, -18.87119464 ], [ 27.522864934899999, -18.8707712456 ], [ 27.521594134099999, -18.870013891100001 ], [ 27.501594134099999, -18.854458335499999 ], [ 27.500710318399999, -18.853613021 ], [ 27.4959812952, -18.848061559 ], [ 27.492673928599999, -18.847867008 ], [ 27.492332172099999, -18.848422362299999 ], [ 27.4911046187, -18.8498523813 ], [ 27.4894940193, -18.850831059499999 ], [ 27.487815478800002, -18.851517735200002 ], [ 27.490980063599999, -18.853627458399998 ], [ 27.492025677099999, -18.8541027373 ], [ 27.4925204163, -18.854036772099999 ], [ 27.4938138475, -18.853425024700002 ], [ 27.495555555599999, -18.853166666700002 ], [ 27.495833333299998, -18.853166666700002 ], [ 27.4959744075, -18.853186908200001 ], [ 27.496111111099999, -18.853166666700002 ], [ 27.4963888889, -18.853166666700002 ], [ 27.498147958200001, -18.853430319800001 ], [ 27.499752432800001, -18.8541981083 ], [ 27.5010613044, -18.8554025555 ], [ 27.5019595437, -18.8569378093 ], [ 27.502001716700001, -18.8571164572 ], [ 27.505779349, -18.8614607343 ], [ 27.514907755700001, -18.870589141 ], [ 27.526064033299999, -18.874307900200002 ], [ 27.527172884300001, -18.8748074423 ], [ 27.536496084100001, -18.880205084300002 ], [ 27.544381903200001, -18.880668956 ], [ 27.5654570859, -18.880942659700001 ] ], [ [ 27.4244023366, -18.834016085599998 ], [ 27.420495718800002, -18.831337262 ], [ 27.419222443799999, -18.830160399299999 ], [ 27.412992521300001, -18.8224521902 ], [ 27.410918803400001, -18.823316239299999 ], [ 27.409023923700001, -18.823763559700001 ], [ 27.40196635, -18.824250289 ], [ 27.405862267700002, -18.825827208 ], [ 27.406036094200001, -18.825900769299999 ], [ 27.4244023366, -18.834016085599998 ] ], [ [ 27.3682352591, -18.8061734403 ], [ 27.380336530800001, -18.791224810599999 ], [ 27.381976773800002, -18.789817326600001 ], [ 27.387678970100001, -18.786491045399998 ], [ 27.3912222222, -18.7820619803 ], [ 27.3912222222, -18.7813888889 ], [ 27.391613892, -18.779256605499999 ], [ 27.392737766300002, -18.777402705899998 ], [ 27.394292441299999, -18.775653696500001 ], [ 27.394783146, -18.7744760052 ], [ 27.394560757099999, -18.7691386722 ], [ 27.3945555556, -18.768888888900001 ], [ 27.3945555556, -18.7680555556 ], [ 27.394874647599998, -18.766124937899999 ], [ 27.3949052675, -18.766067724199999 ], [ 27.389993217400001, -18.766598756600001 ], [ 27.387515859400001, -18.768722206300001 ], [ 27.3860972827, -18.7696273398 ], [ 27.3844831531, -18.770102957 ], [ 27.382800431900002, -18.770111647699999 ], [ 27.3705782097, -18.768444981 ], [ 27.368060687700002, -18.767492301800001 ], [ 27.356739210299999, -18.759944650200001 ], [ 27.344811347099998, -18.7584536673 ], [ 27.3425212386, -18.757676187800001 ], [ 27.335608227800002, -18.753623733200001 ], [ 27.335680010800001, -18.7551549059 ], [ 27.335125532, -18.757052938800001 ], [ 27.323878394, -18.780350581899999 ], [ 27.322399411199999, -18.791590851599999 ], [ 27.343600779399999, -18.789582300900001 ], [ 27.345799184299999, -18.789781918399999 ], [ 27.347776617400001, -18.790763034699999 ], [ 27.3682352591, -18.8061734403 ] ], [ [ 27.396616611399999, -18.794528366600002 ], [ 27.396351879499999, -18.794859281400001 ], [ 27.394689892799999, -18.796293784500001 ], [ 27.388972207399998, -18.799629101 ], [ 27.380688471799999, -18.809861951 ], [ 27.386721439399999, -18.8121823231 ], [ 27.392638632699999, -18.812865076200001 ], [ 27.404578512, -18.8120416362 ], [ 27.402833554899999, -18.809882621500002 ], [ 27.401899926399999, -18.808264985600001 ], [ 27.396616611399999, -18.794528366600002 ] ], [ [ 27.415326212499998, -18.806249143500001 ], [ 27.416488505699999, -18.805028735600001 ], [ 27.4175738257, -18.8041292457 ], [ 27.422296047900002, -18.801073690199999 ], [ 27.4238314682, -18.8003641534 ], [ 27.425476958499999, -18.7998705063 ], [ 27.430269514100001, -18.795990818500002 ], [ 27.432558801, -18.793930460199999 ], [ 27.436610182100001, -18.788833561400001 ], [ 27.4261537382, -18.7825265 ], [ 27.417659608699999, -18.781803595300001 ], [ 27.4087894848, -18.792749705599999 ], [ 27.412760700100002, -18.803074865500001 ], [ 27.415326212499998, -18.806249143500001 ] ], [ [ 27.275139084399999, -18.824063524100001 ], [ 27.273547087499999, -18.824010457499998 ], [ 27.281339774100001, -18.827989701700002 ], [ 27.281870618799999, -18.828295912400002 ], [ 27.2856449678, -18.830738138299999 ], [ 27.2942585674, -18.832505030499998 ], [ 27.2903688253, -18.827764407299998 ], [ 27.290319419300001, -18.827719821399999 ], [ 27.289523166399999, -18.827431681099998 ], [ 27.285634277500002, -18.825209458900002 ], [ 27.285107946699998, -18.8247841325 ], [ 27.284119759900001, -18.824191220399999 ], [ 27.283572246599999, -18.824268259899998 ], [ 27.283233442299998, -18.824652257 ], [ 27.281528718200001, -18.825626349 ], [ 27.2796008067, -18.825997962199999 ], [ 27.277656151599999, -18.825727303800001 ], [ 27.275902989900001, -18.824843356199999 ], [ 27.275139084399999, -18.824063524100001 ] ], [ [ 27.262240220500001, -18.798768716800001 ], [ 27.262388904800002, -18.798595251799998 ], [ 27.263388141699998, -18.797729546199999 ], [ 27.247281703199999, -18.796323428600001 ], [ 27.251189473499998, -18.799853027600001 ], [ 27.251231734, -18.799838940699999 ], [ 27.251820266100001, -18.7995512715 ], [ 27.2536111111, -18.7992777778 ], [ 27.253888888900001, -18.7992777778 ], [ 27.254271070400002, -18.7993381442 ], [ 27.254273700300001, -18.799314475399999 ], [ 27.256081010900001, -18.7995152877 ], [ 27.262240220500001, -18.798768716800001 ] ], [ [ 27.271244713200002, -18.795089604899999 ], [ 27.281296191, -18.7923167834 ], [ 27.281290749699998, -18.791595768899999 ], [ 27.281869929100001, -18.789788366100002 ], [ 27.282984658, -18.788252288900001 ], [ 27.283780449, -18.7876776851 ], [ 27.283677426400001, -18.787435806 ], [ 27.282662549099999, -18.786928367400002 ], [ 27.277700170500001, -18.786275422799999 ], [ 27.271244713200002, -18.795089604899999 ] ], [ [ 27.2638185902, -18.7849201155 ], [ 27.2610506294, -18.784694159499999 ], [ 27.259242499199999, -18.785321982500001 ], [ 27.2632669453, -18.785673323 ], [ 27.2638185902, -18.7849201155 ] ], [ [ 27.212346093400001, -18.790439383900001 ], [ 27.208856661799999, -18.788981114 ], [ 27.2050482241, -18.787931850500001 ], [ 27.203180408800002, -18.7882479423 ], [ 27.2018493574, -18.788830277300001 ], [ 27.200541891899999, -18.789232113600001 ], [ 27.188597447500001, -18.791454335899999 ], [ 27.186528908100001, -18.791476449099999 ], [ 27.184575803, -18.790794741799999 ], [ 27.182125269699998, -18.7894270022 ], [ 27.1828726737, -18.7907597594 ], [ 27.1842615626, -18.794648648300001 ], [ 27.1842826048, -18.794757646400001 ], [ 27.185241657599999, -18.795796222 ], [ 27.1860129011, -18.7974036124 ], [ 27.186024868200001, -18.797483267200001 ], [ 27.186380174500002, -18.797616507099999 ], [ 27.186690741100001, -18.797354977299999 ], [ 27.189009579699999, -18.796147034800001 ], [ 27.209842913, -18.790591479300002 ], [ 27.211788003, -18.790402177899999 ], [ 27.212346093400001, -18.790439383900001 ] ], [ [ 27.142798765799999, -18.758379162099999 ], [ 27.141606870899999, -18.755756993399999 ], [ 27.140726776400001, -18.755021147800001 ], [ 27.139706917600002, -18.753339455199999 ], [ 27.1396416539, -18.753176296 ], [ 27.138973701800001, -18.753820042600001 ], [ 27.137913984, -18.754325832700001 ], [ 27.142798765799999, -18.758379162099999 ] ], [ [ 27.190451870099999, -18.778231381400001 ], [ 27.1876053965, -18.773250052800002 ], [ 27.186237900599998, -18.771721675 ], [ 27.185335730399999, -18.772852453 ], [ 27.184066982499999, -18.773610268599999 ], [ 27.189770101899999, -18.778346757600001 ], [ 27.190451870099999, -18.778231381400001 ] ], [ [ 27.172114863, -18.7650905902 ], [ 27.1773845112, -18.763114472200002 ], [ 27.177888995, -18.762177573700001 ], [ 27.178314262400001, -18.761114405099999 ], [ 27.1758460918, -18.759179893 ], [ 27.1634236662, -18.752873123099999 ], [ 27.1591448187, -18.7526591807 ], [ 27.157080928700001, -18.752181536799998 ], [ 27.152794053200001, -18.7503443045 ], [ 27.1523564765, -18.7504068155 ], [ 27.153872541599998, -18.753742158600001 ], [ 27.1570504711, -18.758509052899999 ], [ 27.164432927, -18.764968701800001 ], [ 27.16632212, -18.7643456773 ], [ 27.168327953399999, -18.7643805447 ], [ 27.172114863, -18.7650905902 ] ], [ [ 27.120002922499999, -18.757819701500001 ], [ 27.1193017722, -18.7585070208 ], [ 27.117596258300001, -18.759346274199999 ], [ 27.117475284099999, -18.759363217200001 ], [ 27.1169812511, -18.759743323 ], [ 27.1162843195, -18.759974850599999 ], [ 27.120522325300001, -18.762378495699998 ], [ 27.121418885899999, -18.7596073084 ], [ 27.121196838700001, -18.758741324300001 ], [ 27.120607785299999, -18.7584416766 ], [ 27.120002922499999, -18.757819701500001 ] ], [ [ 27.177370996099999, -18.7290323016 ], [ 27.1766578252, -18.729398270899999 ], [ 27.177534162800001, -18.731004889899999 ], [ 27.1773603605, -18.729179965699998 ], [ 27.177370996099999, -18.7290323016 ] ], [ [ 27.1296167727, -18.718904186500001 ], [ 27.133470645799999, -18.718979752599999 ], [ 27.133757009100002, -18.718417732900001 ], [ 27.1350843996, -18.717090342500001 ], [ 27.136757009099998, -18.7162381053 ], [ 27.1375325128, -18.7161152776 ], [ 27.1381108078, -18.715351102100001 ], [ 27.138406123700001, -18.712988575099999 ], [ 27.1263798548, -18.710707731100001 ], [ 27.123849835200001, -18.711050784600001 ], [ 27.1240338464, -18.711357469900001 ], [ 27.124873641099999, -18.714016962100001 ], [ 27.1249619544, -18.715253348600001 ], [ 27.1296167727, -18.718904186500001 ] ], [ [ 27.088777370500001, -18.705478400699999 ], [ 27.087296686, -18.706103064499999 ], [ 27.088127979399999, -18.705973174899999 ], [ 27.088777370500001, -18.705478400699999 ] ], [ [ 27.106578381399999, -18.6948939571 ], [ 27.112764478799999, -18.6943048049 ], [ 27.114116060400001, -18.694329052 ], [ 27.1142415586, -18.694345564900001 ], [ 27.117916113900002, -18.692984618499999 ], [ 27.119885933, -18.692661872599999 ], [ 27.1165189576, -18.6892062925 ], [ 27.106791383899999, -18.687585030200001 ], [ 27.104959867200002, -18.686963777199999 ], [ 27.103923596800001, -18.6861747399 ], [ 27.087017822100002, -18.691297702 ], [ 27.085277777799998, -18.691555555600001 ], [ 27.083622423400001, -18.691555555600001 ], [ 27.085065834800002, -18.691869340699999 ], [ 27.092216027700001, -18.689793478199999 ], [ 27.093345674399998, -18.6895801963 ], [ 27.099456785499999, -18.6890246408 ], [ 27.1012894749, -18.689140200099999 ], [ 27.103001379799998, -18.689804644399999 ], [ 27.104432146699999, -18.690955735399999 ], [ 27.105447756299998, -18.6924856509 ], [ 27.106547345199999, -18.6948680936 ], [ 27.106578381399999, -18.6948939571 ] ], [ [ 27.066105223099999, -18.6913016932 ], [ 27.067537798499998, -18.691041225 ], [ 27.067776415, -18.6910361296 ], [ 27.0686282934, -18.6906489122 ], [ 27.071111111099999, -18.690111111099998 ], [ 27.0723592119, -18.690111111099998 ], [ 27.073069328799999, -18.689699000800001 ], [ 27.073920407, -18.689501488800001 ], [ 27.073324286799998, -18.688858501599999 ], [ 27.072525347199999, -18.687061310099999 ], [ 27.072350476, -18.685102325100001 ], [ 27.072818463200001, -18.683192039800002 ], [ 27.073850386499998, -18.680784218599999 ], [ 27.073912979700001, -18.6801657663 ], [ 27.074628435800001, -18.6784959664 ], [ 27.075810837799999, -18.677116823599999 ], [ 27.0773517953, -18.676154763500001 ], [ 27.079110049, -18.675697978 ], [ 27.087109031299999, -18.6748775696 ], [ 27.091790207100001, -18.667762182499999 ], [ 27.093248303100001, -18.6590136061 ], [ 27.0939495286, -18.6570366455 ], [ 27.094024623500001, -18.656946077299999 ], [ 27.0940366976, -18.656837410800001 ], [ 27.094069769800001, -18.656587656900001 ], [ 27.0943222416, -18.654946590200002 ], [ 27.093863643599999, -18.653795012 ], [ 27.0937554715, -18.6518692177 ], [ 27.094263927499998, -18.650008611 ], [ 27.095336465700001, -18.648405474499999 ], [ 27.095387392399999, -18.648366089300001 ], [ 27.0916972156, -18.647534500199999 ], [ 27.0905337188, -18.648385169899999 ], [ 27.0887873645, -18.648970006900001 ], [ 27.086945890700001, -18.648997606 ], [ 27.073057001799999, -18.647053161599999 ], [ 27.0711410539, -18.646444909300001 ], [ 27.0695335373, -18.6452379638 ], [ 27.068414888, -18.643567798900001 ], [ 27.068072298, -18.642245652100002 ], [ 27.067233546699999, -18.643116424399999 ], [ 27.065591071099998, -18.643997232899999 ], [ 27.063757554, -18.644331545899998 ], [ 27.061909907099999, -18.644087106400001 ], [ 27.060226405, -18.643287499700001 ], [ 27.0592990295, -18.64241432 ], [ 27.058537571900001, -18.642448931699999 ], [ 27.0543681314, -18.6463340922 ], [ 27.052971562300002, -18.647305743299999 ], [ 27.051358404599998, -18.6478463294 ], [ 27.049047867599999, -18.648269385500001 ], [ 27.048043077199999, -18.6522885471 ], [ 27.047840197300001, -18.652940074 ], [ 27.046620511099999, -18.656192570399998 ], [ 27.047158032599999, -18.658073895499999 ], [ 27.0473881757, -18.659814728099999 ], [ 27.047104469299999, -18.6615476375 ], [ 27.046460649699998, -18.6628602939 ], [ 27.0461097779, -18.6640777902 ], [ 27.046861915299999, -18.664528603899999 ], [ 27.0480443732, -18.6658332453 ], [ 27.048281573200001, -18.6663347625 ], [ 27.048905228799999, -18.667176470600001 ], [ 27.059317807300001, -18.686700055399999 ], [ 27.066105223099999, -18.6913016932 ] ], [ [ 27.157608057600001, -18.7173429136 ], [ 27.1587585266, -18.717847997500002 ], [ 27.161581231300001, -18.717762461 ], [ 27.162794012199999, -18.715683408099999 ], [ 27.157608057600001, -18.7173429136 ] ], [ [ 27.0389309171, -18.673974636099999 ], [ 27.038806529799999, -18.673884263400002 ], [ 27.038591579199998, -18.6749980984 ], [ 27.0399651412, -18.675913806400001 ], [ 27.0389309171, -18.673974636099999 ] ], [ [ 26.861983260700001, -18.626120147599998 ], [ 26.8652057378, -18.623792803099999 ], [ 26.8646550769, -18.6230404149 ], [ 26.858342272, -18.624335349199999 ], [ 26.861983260700001, -18.626120147599998 ] ], [ [ 26.973318100299998, -18.581771634799999 ], [ 26.9731207568, -18.581492064799999 ], [ 26.972899680400001, -18.581517187100001 ], [ 26.972652342500002, -18.581513623500001 ], [ 26.972907236299999, -18.5819770668 ], [ 26.973318100299998, -18.581771634799999 ] ], [ [ 26.9815477177, -18.566773814099999 ], [ 26.982920784800001, -18.565381630899999 ], [ 26.987860319799999, -18.561882793599999 ], [ 26.987712640200002, -18.561676042199998 ], [ 26.984755193200002, -18.557979233299999 ], [ 26.983396541600001, -18.557720442600001 ], [ 26.9770810156, -18.5616360687 ], [ 26.977334085900001, -18.561694832 ], [ 26.979056207500001, -18.562801002800001 ], [ 26.980306308500001, -18.5644216705 ], [ 26.9815477177, -18.566773814099999 ] ] ] ] } },
{ "type": "Feature", "properties": { "begin": 565.0, "end": 57280.0, "layer": "7950_path", "path": "C:\\DATA\\GIS\\Arnold\\ELE\\7950_path.shp" }, "geometry": { "type": "MultiPolygon", "coordinates": [ [ [ [ 26.953176952900002, -18.839217680099999 ], [ 26.953191307400001, -18.83890123 ], [ 26.953746863, -18.8327901189 ], [ 26.954030122399999, -18.831435966699999 ], [ 26.955696789099999, -18.8264359667 ], [ 26.956949248400001, -18.824297296600001 ], [ 26.9597270262, -18.821241741 ], [ 26.9612192855, -18.820051599 ], [ 26.963009825899999, -18.819390357300001 ], [ 26.964917441, -18.819324934899999 ], [ 26.966749076199999, -18.819861952699998 ], [ 26.968319366199999, -18.820947063399998 ], [ 26.969469394200001, -18.822470451499999 ], [ 26.971969394199999, -18.827192673700001 ], [ 26.972585030200001, -18.829013606099998 ], [ 26.974431802400002, -18.840094239300001 ], [ 26.9771977943, -18.8473863997 ], [ 26.978943462299998, -18.851127116899999 ], [ 26.979931681099998, -18.8528564997 ], [ 26.9806108101, -18.8546824499 ], [ 26.980629559899999, -18.855308465 ], [ 26.9807015427, -18.855613389199998 ], [ 26.980701242799999, -18.855617945300001 ], [ 26.980819044699999, -18.855814281800001 ], [ 26.981466666700001, -18.856677777800002 ], [ 26.982284641700002, -18.8581710371 ], [ 26.983608322199998, -18.861700851799998 ], [ 26.992316670099999, -18.8525341699 ], [ 26.993922103300001, -18.851331184300001 ], [ 26.995834362699998, -18.850724674599999 ], [ 26.997839668800001, -18.850782444899998 ], [ 26.999713840199998, -18.851498036900001 ], [ 27.001247355299999, -18.852791451600002 ], [ 27.002268776099999, -18.854518092700001 ], [ 27.002663913700001, -18.856484931899999 ], [ 27.0029394747, -18.865578445 ], [ 27.005605130399999, -18.866668940499999 ], [ 27.006285676899999, -18.866998845200001 ], [ 27.011770442900001, -18.870098930299999 ], [ 27.012049727200001, -18.8698530162 ], [ 27.0381206576, -18.851081946299999 ], [ 27.0428324453, -18.8342187061 ], [ 27.043087620400001, -18.833490034299999 ], [ 27.050865398199999, -18.815156700900001 ], [ 27.050976083599998, -18.814911267 ], [ 27.0524138157, -18.811905099899999 ], [ 27.052397675800002, -18.809968312500001 ], [ 27.050834101100001, -18.809014183399999 ], [ 27.049612272299999, -18.807589029 ], [ 27.048890641, -18.805856060699998 ], [ 27.048739845499998, -18.803984913600001 ], [ 27.049174646699999, -18.8021587486 ], [ 27.050097773099999, -18.800645979399999 ], [ 27.0484278295, -18.799811007599999 ], [ 27.0470634576, -18.798873496300001 ], [ 27.046673583899999, -18.798403003699999 ], [ 27.041619979099998, -18.7949573641 ], [ 27.040187435, -18.793583185399999 ], [ 27.039281672800001, -18.791816792399999 ], [ 27.039001837099999, -18.789851533699998 ], [ 27.039378558599999, -18.7879025262 ], [ 27.040370601399999, -18.786183107500001 ], [ 27.041869376800001, -18.7848814848 ], [ 27.0437108293, -18.784140133200001 ], [ 27.056872033200001, -18.781244668300001 ], [ 27.060453993599999, -18.7794536882 ], [ 27.069834541100001, -18.770854852900001 ], [ 27.069913445600001, -18.7707837984 ], [ 27.074847919700002, -18.766418686600002 ], [ 27.070318182299999, -18.759765634800001 ], [ 27.069524854, -18.758092962900001 ], [ 27.069279204200001, -18.756258063099999 ], [ 27.0696046188, -18.754435618 ], [ 27.070470118300001, -18.752799124300001 ], [ 27.071793307, -18.7515043762 ], [ 27.073448217500001, -18.750674634 ], [ 27.0752773022, -18.750388888900002 ], [ 27.077106432099999, -18.750674344 ], [ 27.07753547, -18.7508116361 ], [ 27.078483803, -18.750948448799999 ], [ 27.079358129799999, -18.751394887299998 ], [ 27.083817083100001, -18.752821752300001 ], [ 27.084291066799999, -18.745711997 ], [ 27.084456922800001, -18.744655897400001 ], [ 27.085012478300001, -18.742433675099999 ], [ 27.0854667702, -18.7412056073 ], [ 27.085744187100001, -18.740650773500001 ], [ 27.085510076799999, -18.740088709 ], [ 27.085491655799999, -18.737783157700001 ], [ 27.0863249891, -18.733338713199998 ], [ 27.0870142578, -18.731464997100002 ], [ 27.088280149900001, -18.729921164 ], [ 27.0899825065, -18.7288781464 ], [ 27.091932843399999, -18.7284514268 ], [ 27.0939152202, -18.728688251400001 ], [ 27.096494817899998, -18.729446956699999 ], [ 27.097517182299999, -18.728982245600001 ], [ 27.0992657888, -18.7284895361 ], [ 27.1010817059, -18.7285427572 ], [ 27.102798455, -18.7291370298 ], [ 27.1180762328, -18.737192585399999 ], [ 27.1196733622, -18.7384160268 ], [ 27.120776277699999, -18.7400986464 ], [ 27.121260973599998, -18.742051260299998 ], [ 27.1219701622, -18.751507107399998 ], [ 27.123418885700001, -18.7535594657 ], [ 27.125569904599999, -18.754552243700001 ], [ 27.1263611999, -18.755062110600001 ], [ 27.134850849599999, -18.7503178947 ], [ 27.1363390898, -18.749730594 ], [ 27.1379296279, -18.7495574774 ], [ 27.159874072299999, -18.750113033 ], [ 27.1607201735, -18.7501946854 ], [ 27.183775729099999, -18.754083574300001 ], [ 27.184579665499999, -18.754362759 ], [ 27.1851945728, -18.752671763799999 ], [ 27.186067771499999, -18.751076756500002 ], [ 27.1873786771, -18.749816577499999 ], [ 27.1890068857, -18.749006971699998 ], [ 27.190802849600001, -18.748722299699999 ], [ 27.192601613400001, -18.748988708 ], [ 27.202683890500001, -18.752098195399999 ], [ 27.2087428255, -18.7507998522 ], [ 27.21, -18.750666666699999 ], [ 27.211111111099999, -18.750666666699999 ], [ 27.213091038200002, -18.751002755599998 ], [ 27.214002257200001, -18.751505818199998 ], [ 27.215084399599998, -18.7504236758 ], [ 27.2167570091, -18.749571438699999 ], [ 27.2186111111, -18.7492777778 ], [ 27.220465213099999, -18.749571438699999 ], [ 27.220684121200001, -18.749682977900001 ], [ 27.2218263239, -18.749840265500001 ], [ 27.223651128299998, -18.7507943307 ], [ 27.2239166335, -18.751082695 ], [ 27.224727354399999, -18.750285476 ], [ 27.228060687700001, -18.748063253800002 ], [ 27.229863588099999, -18.747252672 ], [ 27.231832046899999, -18.7470719437 ], [ 27.233189381199999, -18.7474032565 ], [ 27.233788910099999, -18.747378319399999 ], [ 27.235669333400001, -18.7479325774 ], [ 27.2372707219, -18.749063395099999 ], [ 27.238258151699998, -18.7504241008 ], [ 27.239307960200001, -18.750874018699999 ], [ 27.2408316235, -18.751818348499999 ], [ 27.242008322699999, -18.753170638299999 ], [ 27.2427330274, -18.754810184499998 ], [ 27.2441412748, -18.759973758099999 ], [ 27.244327762099999, -18.7594329448 ], [ 27.245757359300001, -18.757146248200002 ], [ 27.247350672100001, -18.755552935400001 ], [ 27.249839821399998, -18.752068126400001 ], [ 27.251345454700001, -18.7505959748 ], [ 27.2532670085, -18.749734700600001 ], [ 27.254378119599998, -18.7494569228 ], [ 27.255538095, -18.749336673599998 ], [ 27.2560887948, -18.7482988163 ], [ 27.256212701100001, -18.748076794100001 ], [ 27.260934923299999, -18.740021238600001 ], [ 27.262178023200001, -18.738524460899999 ], [ 27.2638347135, -18.737504158099998 ], [ 27.2657307823, -18.7370676219 ], [ 27.267666845200001, -18.7372607569 ], [ 27.269439312300001, -18.7380632538 ], [ 27.2695786122, -18.738156120399999 ], [ 27.2741183911, -18.7296340794 ], [ 27.272644078399999, -18.715628108699999 ], [ 27.272667999700001, -18.714175726699999 ], [ 27.273040251, -18.712771655899999 ], [ 27.273230318100001, -18.712296488100002 ], [ 27.273141931200001, -18.7120018651 ], [ 27.272891400799999, -18.7101041775 ], [ 27.2732512788, -18.708224158499998 ], [ 27.274184937600001, -18.7065531513 ], [ 27.275597352, -18.705261226699999 ], [ 27.277344770199999, -18.7044798732 ], [ 27.279249344699998, -18.704288614900001 ], [ 27.281117232900002, -18.704706917599999 ], [ 27.282506121800001, -18.705262473200001 ], [ 27.2832546114, -18.705623874499999 ], [ 27.287143500300001, -18.707846096699999 ], [ 27.2874948678, -18.708063253799999 ], [ 27.2946939616, -18.712862649600002 ], [ 27.322426694400001, -18.726866306800002 ], [ 27.322567689500001, -18.7269688861 ], [ 27.325694760200001, -18.7285005126 ], [ 27.327250381199999, -18.729598966 ], [ 27.3283834251, -18.731129576299999 ], [ 27.328979751799999, -18.732938153199999 ], [ 27.328979288900001, -18.734842505100001 ], [ 27.328382082699999, -18.736650791900001 ], [ 27.326366930100001, -18.740537157599999 ], [ 27.326421747800001, -18.740551020400002 ], [ 27.327847926899999, -18.741373145 ], [ 27.328997001699999, -18.742551916899998 ], [ 27.3328858906, -18.747829694699998 ], [ 27.3337265756, -18.7494294165 ], [ 27.3340527949, -18.751206898500001 ], [ 27.3338349544, -18.753000890399999 ], [ 27.333092816299999, -18.754648644100001 ], [ 27.331893706100001, -18.756000678100001 ], [ 27.3303464052, -18.756934338200001 ], [ 27.3285912821, -18.757364924099999 ], [ 27.3267875588, -18.757253373899999 ], [ 27.323076644699999, -18.756451014100001 ], [ 27.320632623200002, -18.761482823200001 ], [ 27.323445809500001, -18.7883359661 ], [ 27.325354627199999, -18.799243495799999 ], [ 27.325297090500001, -18.801599343 ], [ 27.3234708122, -18.809687146600002 ], [ 27.323890862700001, -18.810705024299999 ], [ 27.325479262399998, -18.8100149795 ], [ 27.3274214389, -18.809852323699999 ], [ 27.329313285800001, -18.810320748599999 ], [ 27.330955186600001, -18.811370828699999 ], [ 27.332173897699999, -18.812891765900002 ], [ 27.3421738977, -18.830669543700001 ], [ 27.342837375599998, -18.8324826775 ], [ 27.343092693300001, -18.833816003399999 ], [ 27.3442945866, -18.8346988381 ], [ 27.3454164288, -18.836307746 ], [ 27.345959448199999, -18.838192486 ], [ 27.345867439100001, -18.840113568 ], [ 27.346250265, -18.839964929600001 ], [ 27.3481659708, -18.839870407599999 ], [ 27.3500136207, -18.840385240900002 ], [ 27.3505315399, -18.840734120099999 ], [ 27.367841061899998, -18.838494064300001 ], [ 27.370573774499999, -18.838774528 ], [ 27.371613124500001, -18.839134303 ], [ 27.3716744392, -18.839116301699999 ], [ 27.372290874099999, -18.838869276499999 ], [ 27.3725768692, -18.838851357599999 ], [ 27.372852875, -18.838770325199999 ], [ 27.373525175200001, -18.838791942 ], [ 27.374190464400002, -18.838750258600001 ], [ 27.374465202900002, -18.838822167099998 ], [ 27.374750133799999, -18.838831328600001 ], [ 27.375384461599999, -18.839062768600002 ], [ 27.3760317556, -18.8392321876 ], [ 27.376267997399999, -18.839385134299999 ], [ 27.3765333855, -18.839481963400001 ], [ 27.377065696900001, -18.839901577399999 ], [ 27.3776294621, -18.840266567899999 ], [ 27.377727614099999, -18.8403885225 ], [ 27.385475103200001, -18.8467525314 ], [ 27.3865739638, -18.847936580300001 ], [ 27.3873171181, -18.8493708705 ], [ 27.388706007, -18.8532597594 ], [ 27.388876410600002, -18.853822564 ], [ 27.389154188300001, -18.8549336751 ], [ 27.389324095500001, -18.856721709 ], [ 27.389187953899999, -18.859172257400001 ], [ 27.392966822599998, -18.857364972399999 ], [ 27.394701340899999, -18.856838896 ], [ 27.3965138137, -18.8568547936 ], [ 27.398238837099999, -18.857411214599999 ], [ 27.398453230499999, -18.857518411299999 ], [ 27.4036487692, -18.8593368499 ], [ 27.4050540705, -18.860047677800001 ], [ 27.406226003299999, -18.861099686 ], [ 27.407083829800001, -18.862420398499999 ], [ 27.407140437, -18.862539273599999 ], [ 27.4109796561, -18.859823728399999 ], [ 27.412802896100001, -18.858951146199999 ], [ 27.414812433600002, -18.858733517499999 ], [ 27.416780208500001, -18.8591955409 ], [ 27.418482899899999, -18.860284781800001 ], [ 27.419727271, -18.8618776233 ], [ 27.4216717155, -18.8654887344 ], [ 27.422123562900001, -18.866568818200001 ], [ 27.425456896299998, -18.877402151599998 ], [ 27.4257186241, -18.878958907200001 ], [ 27.425565269500002, -18.8805300444 ], [ 27.423620825, -18.888863377700002 ], [ 27.422970772599999, -18.890505462499998 ], [ 27.421870803299999, -18.891887156500001 ], [ 27.4204162176, -18.892888750800001 ], [ 27.418733039599999, -18.8934234681 ], [ 27.4185625802, -18.893425544700001 ], [ 27.4177666667, -18.894244444400002 ], [ 27.4144333333, -18.896744444399999 ], [ 27.412530591199999, -18.897699382799999 ], [ 27.410414167300001, -18.897929784900001 ], [ 27.4083505157, -18.897406643299998 ], [ 27.4064520296, -18.8965436951 ], [ 27.403908801499998, -18.898122250499998 ], [ 27.403699100899999, -18.8984577714 ], [ 27.402705020599999, -18.8996641094 ], [ 27.399521162300001, -18.9026357105 ], [ 27.406849948200001, -18.906300103500001 ], [ 27.4082985762, -18.9073161122 ], [ 27.409387866100001, -18.908710473799999 ], [ 27.410023086199999, -18.910361925299998 ], [ 27.4101489936, -18.912126845700001 ], [ 27.409871215799999, -18.915737956800001 ], [ 27.409483199299999, -18.917446577300002 ], [ 27.408618121500002, -18.918970251 ], [ 27.4073497531, -18.920179044899999 ], [ 27.405786255500001, -18.920969877600001 ], [ 27.405209956, -18.921161977400001 ], [ 27.404975716100001, -18.921337657399999 ], [ 27.404152950499999, -18.922310016699999 ], [ 27.4041919953, -18.922544285299999 ], [ 27.408256193, -18.936362557599999 ], [ 27.4083057036, -18.9365410242 ], [ 27.410599480399998, -18.945333834900001 ], [ 27.414686444400001, -18.9456892231 ], [ 27.416499266799999, -18.9461386493 ], [ 27.418086066200001, -18.947123726299999 ], [ 27.4322527329, -18.959345948500001 ], [ 27.4333178087, -18.960548978 ], [ 27.4340254331, -18.9619915223 ], [ 27.435692099800001, -18.966991522299999 ], [ 27.435999808199998, -18.968936859799999 ], [ 27.435661033599999, -18.9708770284 ], [ 27.434712279, -18.972602973800001 ], [ 27.433255773399999, -18.9739287242 ], [ 27.431448456199998, -18.974711429100001 ], [ 27.4294850669, -18.974866751699999 ], [ 27.427577162, -18.974377955800001 ], [ 27.425930319399999, -18.973297709600001 ], [ 27.424948661, -18.9723915633 ], [ 27.424931681099999, -18.972421278100001 ], [ 27.423847096399999, -18.973801669899999 ], [ 27.422409398900001, -18.9748090583 ], [ 27.420741663699999, -18.9753572051 ], [ 27.418659317300001, -18.9757162304 ], [ 27.4167112485, -18.979144831399999 ], [ 27.423004966099999, -18.985078908 ], [ 27.424125420100001, -18.986515495700001 ], [ 27.424763065800001, -18.988222132600001 ], [ 27.424859112, -18.990041466800001 ], [ 27.4243035565, -18.9955970223 ], [ 27.424006558799999, -18.996953077600001 ], [ 27.4223456006, -19.001777765700002 ], [ 27.427953068099999, -19.004222046399999 ], [ 27.4297981962, -19.005479581500001 ], [ 27.433409307400002, -19.009090692600001 ], [ 27.434681536799999, -19.010969817500001 ], [ 27.435402797199998, -19.012652758400002 ], [ 27.437085738, -19.013374018699999 ], [ 27.438964862900001, -19.014646248199998 ], [ 27.439242640700002, -19.014924026 ], [ 27.440405813200002, -19.0165633642 ], [ 27.440962273299998, -19.018494879799999 ], [ 27.440915088299999, -19.019335087399998 ], [ 27.440935356600001, -19.0193994033 ], [ 27.4409137114, -19.0212916895 ], [ 27.440303780800001, -19.023083113599998 ], [ 27.439570219099998, -19.024058379500001 ], [ 27.439627726, -19.024077881299998 ], [ 27.441012720100002, -19.024770378300001 ], [ 27.442940074, -19.025493136 ], [ 27.444480176700001, -19.0263466034 ], [ 27.445706213, -19.0276103906 ], [ 27.446512596400002, -19.029175660100002 ], [ 27.446755956499999, -19.0305040806 ], [ 27.447831052400002, -19.030502956 ], [ 27.449994867800001, -19.031396587100001 ], [ 27.4508282012, -19.0319521427 ], [ 27.452006898200001, -19.032983653100001 ], [ 27.452878457699999, -19.034285084899999 ], [ 27.453383484100002, -19.035767747600001 ], [ 27.453613636099998, -19.036918507599999 ], [ 27.453831308400002, -19.037680360900001 ], [ 27.4539983429, -19.0379140155 ], [ 27.454563266, -19.039799346799999 ], [ 27.454487735299999, -19.041766046399999 ], [ 27.453779877900001, -19.0436024967 ], [ 27.452515859399998, -19.045111095199999 ], [ 27.451486780900002, -19.045993162399999 ], [ 27.451514319899999, -19.046241012700001 ], [ 27.4520647784, -19.0506446805 ], [ 27.452031309199999, -19.0511004932 ], [ 27.452235236100002, -19.0519841763 ], [ 27.452236782699998, -19.052181126699999 ], [ 27.453023173, -19.054540297599999 ], [ 27.454434040100001, -19.057126887199999 ], [ 27.455022773700001, -19.058693856600001 ], [ 27.455155706900001, -19.060362487399999 ], [ 27.4548224931, -19.062002904700002 ], [ 27.454049067500002, -19.063487429199999 ], [ 27.4498824008, -19.069320762499999 ], [ 27.4480232262, -19.071016006699999 ], [ 27.4446898928, -19.0729604512 ], [ 27.442786339400001, -19.073672379800001 ], [ 27.4407543236, -19.073708008 ], [ 27.437143212500001, -19.073152452399999 ], [ 27.435113988099999, -19.0724516754 ], [ 27.434187507099999, -19.071930529799999 ], [ 27.4337188513, -19.072320610199998 ], [ 27.432200194100002, -19.072992418399998 ], [ 27.430555555600002, -19.073222222199998 ], [ 27.428888888900001, -19.073222222199998 ], [ 27.42700243, -19.072917946299999 ], [ 27.425307305699999, -19.072035979799999 ], [ 27.4239754446, -19.070665776399998 ], [ 27.4231419312, -19.068946309499999 ], [ 27.422804842200001, -19.067822679599999 ], [ 27.421882305699999, -19.0670154602 ], [ 27.421393692900001, -19.066536036799999 ], [ 27.420140275, -19.065157277099999 ], [ 27.419177593200001, -19.064578363 ], [ 27.417925862899999, -19.0631122747 ], [ 27.417203665700001, -19.0613249094 ], [ 27.417116776699999, -19.059909429099999 ], [ 27.417058539100001, -19.059633635400001 ], [ 27.417087623600001, -19.0594345053 ], [ 27.417085553100002, -19.059400775 ], [ 27.4171009654, -19.059343159499999 ], [ 27.4173631739, -19.057547923800001 ], [ 27.4178031179, -19.0567390999 ], [ 27.4170654007, -19.055957987599999 ], [ 27.412200374299999, -19.055714736300001 ], [ 27.4103216926, -19.055312837300001 ], [ 27.409420205699998, -19.054781813599998 ], [ 27.408087885, -19.0543493401 ], [ 27.4047545516, -19.052404895599999 ], [ 27.404264834500001, -19.052086297599999 ], [ 27.394264834499999, -19.0448640754 ], [ 27.393092564900002, -19.043748170299999 ], [ 27.3930883419, -19.043742891499999 ], [ 27.3930795323, -19.043739955 ], [ 27.392654080500002, -19.043954382399999 ], [ 27.374888888899999, -19.050586720599998 ], [ 27.374888888899999, -19.051175585599999 ], [ 27.378792437200001, -19.055900933499998 ], [ 27.3797375268, -19.057493878199999 ], [ 27.380293082400001, -19.058882767099998 ], [ 27.380716396099999, -19.060846763800001 ], [ 27.380467616800001, -19.062840400300001 ], [ 27.379574638699999, -19.0646401413 ], [ 27.372907972099998, -19.073806808 ], [ 27.3715662677, -19.0751434638 ], [ 27.369874777500002, -19.0759953325 ], [ 27.363763666400001, -19.077939776899999 ], [ 27.3626070336, -19.078185524599999 ], [ 27.360107033599999, -19.078463302399999 ], [ 27.358145857499998, -19.0783577873 ], [ 27.356323823, -19.077624619200002 ], [ 27.354836158299999, -19.0763423559 ], [ 27.353842264499999, -19.074648390099998 ], [ 27.353448635700001, -19.0727242275 ], [ 27.353697448799998, -19.0707760393 ], [ 27.354562043600001, -19.069012570799998 ], [ 27.355950932500001, -19.067068126399999 ], [ 27.356903750099999, -19.0660214211 ], [ 27.3605848851, -19.062831104099999 ], [ 27.3603728822, -19.0624676706 ], [ 27.359615858600002, -19.060292972599999 ], [ 27.359498686799999, -19.05947277 ], [ 27.3591631627, -19.058611945399999 ], [ 27.3577742738, -19.052778612099999 ], [ 27.357619782699999, -19.0510664245 ], [ 27.357957155200001, -19.049380709899999 ], [ 27.358758694599999, -19.047859858700001 ], [ 27.360795554900001, -19.045059175700001 ], [ 27.361910963300001, -19.0398539366 ], [ 27.362761700099998, -19.037818852800001 ], [ 27.364290348600001, -19.036228710300001 ], [ 27.375957015299999, -19.027895377 ], [ 27.37751126, -19.027097742799999 ], [ 27.379229390300001, -19.026781633 ], [ 27.3809657517, -19.026973846 ], [ 27.3825731445, -19.027658086799999 ], [ 27.3867209595, -19.0301928626 ], [ 27.390707147600001, -19.0310786822 ], [ 27.3924331489, -19.029956781399999 ], [ 27.392194954, -19.0293413819 ], [ 27.3920801963, -19.0275123411 ], [ 27.392349248399999, -19.024552768 ], [ 27.390881016800002, -19.0229715955 ], [ 27.389869978899998, -19.021488064 ], [ 27.3893430987, -19.019771829500002 ], [ 27.3893475476, -19.0179765458 ], [ 27.3899031031, -19.0143654347 ], [ 27.389940061800001, -19.0141511229 ], [ 27.393044025399998, -18.997915005599999 ], [ 27.391423162399999, -18.999049627200002 ], [ 27.389408666600001, -18.999588554599999 ], [ 27.376630888800001, -19.000699665799999 ], [ 27.375705541399999, -19.0006186892 ], [ 27.373527445099999, -19.002739467200001 ], [ 27.3622991921, -19.0156108792 ], [ 27.360745474200002, -19.016881336200001 ], [ 27.358859695700001, -19.017568315 ], [ 27.3568528596, -19.017594948599999 ], [ 27.354949514200001, -19.016958256700001 ], [ 27.338892081, -19.008375835599999 ], [ 27.3292071935, -19.014961559 ], [ 27.328260369399999, -19.015487212 ], [ 27.3251853242, -19.016847328099999 ], [ 27.324272786400002, -19.017474256700002 ], [ 27.3137172309, -19.021918701099999 ], [ 27.3119051784, -19.022366634699999 ], [ 27.310043158, -19.0222360257 ], [ 27.308311381199999, -19.021539514699999 ], [ 27.3068774539, -19.020344512 ], [ 27.305880155699999, -19.0187666733 ], [ 27.305416007800002, -19.016958706099999 ], [ 27.305529931700001, -19.0150955905 ], [ 27.306210901499998, -19.013357643799999 ], [ 27.307393011199999, -19.0119130693 ], [ 27.3089618528, -19.010901676900001 ], [ 27.318811466700001, -19.0065451169 ], [ 27.3259255392, -18.999140674100001 ], [ 27.3258464, -18.998957565200001 ], [ 27.325685738899999, -18.997021979700001 ], [ 27.325716921600002, -18.996895826199999 ], [ 27.325390793499999, -18.995151168700001 ], [ 27.3256463367, -18.993261295100002 ], [ 27.326482025200001, -18.991547075300002 ], [ 27.327813432900001, -18.9901816896 ], [ 27.329506053500001, -18.989303077100001 ], [ 27.331388888900001, -18.989 ], [ 27.3322421887, -18.989 ], [ 27.332712192100001, -18.988838738199998 ], [ 27.333206007499999, -18.9887399751 ], [ 27.3371247868, -18.986602459099998 ], [ 27.337176984100001, -18.985743446 ], [ 27.342454761900001, -18.959910112599999 ], [ 27.3430491465, -18.958269039800001 ], [ 27.344090692599998, -18.9568684704 ], [ 27.348260384, -18.9526987791 ], [ 27.347190321100001, -18.9499641739 ], [ 27.3467777778, -18.947777777799999 ], [ 27.3467777778, -18.945555555599999 ], [ 27.3467822689, -18.945527199699999 ], [ 27.346778047899999, -18.945498621700001 ], [ 27.3469448331, -18.94450081 ], [ 27.347071438699999, -18.943701453599999 ], [ 27.347081867499998, -18.943680986 ], [ 27.347085678, -18.943658189 ], [ 27.347567182900001, -18.942728500899999 ], [ 27.347923675800001, -18.942028844 ], [ 27.347935860300002, -18.942016659499998 ], [ 27.347943833599999, -18.9420012647 ], [ 27.3487296544, -18.941222865499999 ], [ 27.349251066299999, -18.940701453599999 ], [ 27.349261303399999, -18.940696237499999 ], [ 27.349269516100001, -18.940688102399999 ], [ 27.350372825200001, -18.9401298889 ], [ 27.350923675800001, -18.939849216500001 ], [ 27.350929350800001, -18.939848317700001 ], [ 27.350934508800002, -18.939845708 ], [ 27.3527777778, -18.939555555599998 ], [ 27.353055555600001, -18.939555555599998 ], [ 27.354909657499999, -18.939849216500001 ], [ 27.356582267099999, -18.940701453599999 ], [ 27.357412143, -18.941531329499998 ], [ 27.369711111099999, -18.950755555600001 ], [ 27.3709296993, -18.951980474 ], [ 27.374949536500001, -18.9573985155 ], [ 27.379090692599998, -18.9532573593 ], [ 27.380706767, -18.9521054519 ], [ 27.3815676567, -18.9518513977 ], [ 27.381732830200001, -18.951738023099999 ], [ 27.383867041, -18.9512297082 ], [ 27.387824339600002, -18.951031843199999 ], [ 27.387424026, -18.950631529599999 ], [ 27.386319977, -18.949111554800002 ], [ 27.3857400889, -18.947324664300002 ], [ 27.384492918199999, -18.939425916600001 ], [ 27.371199898899999, -18.9308804042 ], [ 27.369873970699999, -18.929720590700001 ], [ 27.368942024100001, -18.92822569 ], [ 27.366164246299999, -18.9218368011 ], [ 27.3656858437, -18.919923773499999 ], [ 27.3658534602, -18.917958971099999 ], [ 27.3661153366, -18.917365007299999 ], [ 27.366119124299999, -18.9173252366 ], [ 27.3657933219, -18.917041738599998 ], [ 27.3657925664, -18.917040888599999 ], [ 27.364676470599999, -18.916683006500001 ], [ 27.360677497800001, -18.914550221 ], [ 27.357794960100001, -18.9132399766 ], [ 27.356354641500001, -18.9123174916 ], [ 27.355233131799999, -18.911026092299998 ], [ 27.354521569100001, -18.909470722599998 ], [ 27.354383783199999, -18.908513904300001 ], [ 27.353752344699998, -18.906619588800002 ], [ 27.3534657792, -18.904883475199998 ], [ 27.350705108700001, -18.9030646806 ], [ 27.343762635600001, -18.899682450099998 ], [ 27.340410821100001, -18.899854338 ], [ 27.338238229, -18.903578781699999 ], [ 27.337170334500001, -18.904922315699999 ], [ 27.335765773199999, -18.905908566 ], [ 27.334139464700002, -18.9064568386 ], [ 27.3205283536, -18.908956838600002 ], [ 27.318579502199999, -18.908992884500002 ], [ 27.316721934, -18.908402324400001 ], [ 27.315151690499999, -18.907247484 ], [ 27.314034490099999, -18.905650241299998 ], [ 27.313488238400002, -18.903779164100001 ], [ 27.313570584899999, -18.901831719699999 ], [ 27.314272839200001, -18.900013434800002 ], [ 27.316486704700001, -18.896249863400001 ], [ 27.316570167799998, -18.895749084799998 ], [ 27.3168380808, -18.893873694100002 ], [ 27.317483404699999, -18.891899171799999 ], [ 27.318763344600001, -18.8902630378 ], [ 27.319991020100002, -18.889495099400001 ], [ 27.320116594600002, -18.887234759 ], [ 27.3164493381, -18.885532104199999 ], [ 27.315277777799999, -18.885722222199998 ], [ 27.313380411200001, -18.885414322 ], [ 27.31195271, -18.884938421600001 ], [ 27.3051870257, -18.883298255700002 ], [ 27.305075974, -18.883409307400001 ], [ 27.3047380816, -18.8837222063 ], [ 27.302793637099999, -18.885388872899998 ], [ 27.3011177805, -18.8864039744 ], [ 27.299674443699999, -18.886721574399999 ], [ 27.299790505099999, -18.8875049886 ], [ 27.301128574900002, -18.893392495600001 ], [ 27.301277777799999, -18.894722222199999 ], [ 27.301277777799999, -18.9005555556 ], [ 27.301255236599999, -18.900687914500001 ], [ 27.3016219163, -18.902032406699998 ], [ 27.301831023399998, -18.903777585299999 ], [ 27.3015254331, -18.9055084777 ], [ 27.301457213700001, -18.905713136 ], [ 27.301551135699999, -18.906619148 ], [ 27.301247655299999, -18.908286255499998 ], [ 27.300692099799999, -18.909952922199999 ], [ 27.299769805499999, -18.911695467 ], [ 27.298332492899998, -18.913044993500002 ], [ 27.2965353554, -18.913855786900001 ], [ 27.287850324400001, -18.9161547657 ], [ 27.276073512100002, -18.9228843727 ], [ 27.2626739247, -18.941801437399999 ], [ 27.262358095500002, -18.942208986800001 ], [ 27.2584622661, -18.9468131488 ], [ 27.2580236244, -18.94847537 ], [ 27.2571914165, -18.950307048799999 ], [ 27.255800503300001, -18.951760657099999 ], [ 27.254007270300001, -18.952672760399999 ], [ 27.252013337499999, -18.952940807299999 ], [ 27.250042890500001, -18.9525346603 ], [ 27.248317474, -18.9514999841 ], [ 27.246373029499999, -18.9498333174 ], [ 27.244978090299998, -18.948090838900001 ], [ 27.2447802716, -18.9474533472 ], [ 27.240320388200001, -18.943475613299999 ], [ 27.240217313199999, -18.9434960633 ], [ 27.2383244002, -18.943261281600002 ], [ 27.236600827099998, -18.9424442515 ], [ 27.227711938199999, -18.936333140399999 ], [ 27.2274528465, -18.936144632800001 ], [ 27.216619513200001, -18.9278112995 ], [ 27.214951250599999, -18.925817458499999 ], [ 27.2117853379, -18.919711769799999 ], [ 27.203813522499999, -18.914484349799999 ], [ 27.202250210700001, -18.916885150100001 ], [ 27.201069432600001, -18.918215345299998 ], [ 27.199550564199999, -18.919140923400001 ], [ 27.1988095225, -18.919452941 ], [ 27.199404426699999, -18.920415820399999 ], [ 27.1998545993, -18.922137231899999 ], [ 27.199780135299999, -18.923914974199999 ], [ 27.199187583200001, -18.925592709099998 ], [ 27.194465361, -18.934481598 ], [ 27.193404146500001, -18.935914461900001 ], [ 27.191968706600001, -18.9369721895 ], [ 27.190285809599999, -18.937561369299999 ], [ 27.188504077499999, -18.937629969100001 ], [ 27.186004077500002, -18.9373521913 ], [ 27.184067534299999, -18.936796708300001 ], [ 27.182424026, -18.935631529599998 ], [ 27.178912868800001, -18.9321203724 ], [ 27.175129246400001, -18.929488287200002 ], [ 27.1725920698, -18.930575648600001 ], [ 27.164717090100002, -18.935825635099999 ], [ 27.162220776, -18.936775383800001 ], [ 27.149617204599998, -18.938539883800001 ], [ 27.139324363299998, -18.945067051500001 ], [ 27.137385577300002, -18.945863082500001 ], [ 27.1365031333, -18.945897062499998 ], [ 27.1359844678, -18.946999226700001 ], [ 27.134723410399999, -18.948760575400001 ], [ 27.132919071300002, -18.949959314600001 ], [ 27.127085738, -18.952459314599999 ], [ 27.125294425900002, -18.9529170974 ], [ 27.1234487804, -18.9528077495 ], [ 27.121724054, -18.952141654 ], [ 27.120284017399999, -18.950982059800001 ], [ 27.1192654086, -18.949439075699999 ], [ 27.118764949100001, -18.9476592149 ], [ 27.118830159800002, -18.945811483300002 ], [ 27.1194548488, -18.944071331699998 ], [ 27.119719961200001, -18.9435852923 ], [ 27.098529524500002, -18.9632834447 ], [ 27.0970074588, -18.9643139195 ], [ 27.095244857, -18.964835260899999 ], [ 27.0934071372, -18.964798541499999 ], [ 27.0916667676, -18.964207207400001 ], [ 27.090187080100002, -18.9631167547 ], [ 27.089106941800001, -18.961629521199999 ], [ 27.0885277225, -18.959885082300001 ], [ 27.088503781299998, -18.958047151700001 ], [ 27.089037365100001, -18.956288217200001 ], [ 27.090078397700001, -18.954773353 ], [ 27.1120766642, -18.931436061599999 ], [ 27.099372562799999, -18.940752402499999 ], [ 27.092673450300001, -18.946915586100001 ], [ 27.0909138271, -18.9480405324 ], [ 27.088875205600001, -18.948494185 ], [ 27.0868045864, -18.948221579199998 ], [ 27.084952846499998, -18.947255743900001 ], [ 27.078668555699998, -18.9424216741 ], [ 27.067587962200001, -18.939399694 ], [ 27.067269300100001, -18.9393032109 ], [ 27.065063000399999, -18.938567777700001 ], [ 27.064534786900001, -18.9384841169 ], [ 27.0628621774, -18.9376318797 ], [ 27.061534786900001, -18.936304489299999 ], [ 27.060682549799999, -18.9346318797 ], [ 27.0603888889, -18.932777777799998 ], [ 27.060408859300001, -18.932651689899998 ], [ 27.0603888889, -18.9325 ], [ 27.0603888889, -18.930981622899999 ], [ 27.058206585800001, -18.9270021291 ], [ 27.053959411, -18.923330842399999 ], [ 27.045095376599999, -18.922648993599999 ], [ 27.04294219, -18.9220676222 ], [ 27.034331078899999, -18.917900955499999 ], [ 27.0341604025, -18.9178149892 ], [ 27.029289179700001, -18.915263396299999 ], [ 27.028144680499999, -18.915120333899999 ], [ 27.026782148199999, -18.914784641699999 ], [ 27.024559926, -18.913951308400001 ], [ 27.0229795481, -18.9130667419 ], [ 27.021735113, -18.911750902400001 ], [ 27.021465607700001, -18.9111993484 ], [ 27.020430011199998, -18.910570295599999 ], [ 27.019077881299999, -18.908794392699999 ], [ 27.017411214599999, -18.9054610594 ], [ 27.017275357399999, -18.905170134399999 ], [ 27.009123946500001, -18.886421889299999 ], [ 27.006186362899999, -18.881756315200001 ], [ 26.997142097499999, -18.878230584699999 ], [ 26.996462744599999, -18.878536542100001 ], [ 27.002575409599999, -18.895150452 ], [ 27.002917288900001, -18.8966520211 ], [ 27.002865691899999, -18.898191153599999 ], [ 27.000365691900001, -18.913468931400001 ], [ 26.999959314600002, -18.9148635158 ], [ 26.995552046899999, -18.925147140499998 ], [ 26.996072489700001, -18.925974639300001 ], [ 26.9965316987, -18.927798811399999 ], [ 26.9964035064, -18.9296755222 ], [ 26.995700513100001, -18.931420307900002 ], [ 26.9948671798, -18.932809196800001 ], [ 26.994591428300001, -18.9332280506 ], [ 26.990410213699999, -18.939035293100002 ], [ 26.990362808, -18.939319727299999 ], [ 26.990284556, -18.939547806699998 ], [ 26.9902399994, -18.939886247600001 ], [ 26.9898232404, -18.940892392799999 ], [ 26.989721790200001, -18.941188087499999 ], [ 26.989676818300001, -18.941245887099999 ], [ 26.989640596899999, -18.941333333300001 ], [ 26.9886870851, -18.942575974 ], [ 26.987020418499998, -18.944242640700001 ], [ 26.985363083199999, -18.945414443299999 ], [ 26.9834098826, -18.945966610700001 ], [ 26.981384343199998, -18.9458359524 ], [ 26.979518270100002, -18.9450374209 ], [ 26.976154254800001, -18.942860705200001 ], [ 26.971936831299999, -18.942659875499999 ], [ 26.9695389406, -18.9420332298 ], [ 26.964715423200001, -18.939621471100001 ], [ 26.964199049299999, -18.940051782699999 ], [ 26.963891413500001, -18.9409048373 ], [ 26.962824538, -18.942327210199998 ], [ 26.961387657100001, -18.9433744645 ], [ 26.959706951600001, -18.943954634600001 ], [ 26.957930014, -18.944016772400001 ], [ 26.956212887500001, -18.943555421300001 ], [ 26.954706362900001, -18.9426110952 ], [ 26.9527619184, -18.9409444285 ], [ 26.951169722700001, -18.938793801900001 ], [ 26.947280833800001, -18.929904913 ], [ 26.946818294100002, -18.928196099699999 ], [ 26.946874558299999, -18.926426687399999 ], [ 26.947985669400001, -18.920315576299998 ], [ 26.948637622100001, -18.918486442100001 ], [ 26.949464012300002, -18.917437893300001 ], [ 26.947462788599999, -18.913617375299999 ], [ 26.946951546800001, -18.912266871700002 ], [ 26.946777777800001, -18.910833333300001 ], [ 26.946777777800001, -18.9077777778 ], [ 26.946906479100001, -18.906541714900001 ], [ 26.947325062499999, -18.904553443699999 ], [ 26.9452647514, -18.902621902100002 ], [ 26.942983023, -18.9008472244 ], [ 26.941936377400001, -18.899802230700001 ], [ 26.941177159900001, -18.8985329524 ], [ 26.937010493199999, -18.889088507899999 ], [ 26.936528869699998, -18.887254547 ], [ 26.936643592, -18.885361873699999 ], [ 26.937343202400001, -18.883599511900002 ], [ 26.938557829899999, -18.882143471500001 ], [ 26.940166167800001, -18.881139169299999 ], [ 26.9455939216, -18.878847451 ], [ 26.937718242799999, -18.8683465459 ], [ 26.927736731100001, -18.855315127899999 ], [ 26.927232626599999, -18.854539779500001 ], [ 26.923899293200002, -18.848428668299999 ], [ 26.9232831331, -18.846732004700002 ], [ 26.923199485200001, -18.844928862 ], [ 26.9236559203, -18.843182440700001 ], [ 26.9246111271, -18.841650807299999 ], [ 26.926211630499999, -18.8397835532 ], [ 26.9268621491, -18.838970405 ], [ 26.9271334369, -18.838427829499999 ], [ 26.928001930899999, -18.837140295699999 ], [ 26.929171798799999, -18.8361188093 ], [ 26.930838465499999, -18.835007698199998 ], [ 26.932427961799998, -18.834257447799999 ], [ 26.934166666700001, -18.834 ], [ 26.935488899399999, -18.834 ], [ 26.936973583499999, -18.833727376199999 ], [ 26.9386417186, -18.8338925541 ], [ 26.940199055899999, -18.834512763399999 ], [ 26.942143500299998, -18.835623874500001 ], [ 26.9434093074, -18.836590692600002 ], [ 26.946742640699998, -18.839924026 ], [ 26.947744943699998, -18.841252809099998 ], [ 26.9487803078, -18.8431164645 ], [ 26.949727026200001, -18.842075074299999 ], [ 26.949924026, -18.841868470400001 ], [ 26.9510351371, -18.8407573593 ], [ 26.952033232200002, -18.839952929100001 ], [ 26.953176952900002, -18.839217680099999 ] ], [ [ 26.9367182945, -18.8468702425 ], [ 26.937545287599999, -18.8483863965 ], [ 26.939129805299999, -18.850455072300001 ], [ 26.937663156500001, -18.8478151045 ], [ 26.9367182945, -18.8468702425 ] ], [ [ 26.941893024100001, -18.854062608 ], [ 26.947263268899999, -18.861073761 ], [ 26.9473, -18.861122222199999 ], [ 26.9598, -18.8777888889 ], [ 26.960654449100002, -18.879382099 ], [ 26.9609955367, -18.881157503499999 ], [ 26.960792296, -18.882953915200002 ], [ 26.960063178799999, -18.884608239799999 ], [ 26.958874381, -18.885970283 ], [ 26.9573338322, -18.886916386300001 ], [ 26.950450353299999, -18.889822744 ], [ 26.951545173, -18.892304335399999 ], [ 26.952850310300001, -18.893319442300001 ], [ 26.953270313400001, -18.893678332299999 ], [ 26.9577147579, -18.897844999 ], [ 26.957853751799998, -18.8979795815 ], [ 26.958131529599999, -18.898257359300001 ], [ 26.959279948300001, -18.899866280400001 ], [ 26.959843213500001, -18.901761069399999 ], [ 26.959824020500001, -18.902217627500001 ], [ 26.9599602276, -18.902166967700001 ], [ 26.96190751, -18.9021086447 ], [ 26.963770831800002, -18.9026772765 ], [ 26.965353751799999, -18.903812914900001 ], [ 26.966827968, -18.905287131 ], [ 26.968285550800001, -18.9065017834 ], [ 26.969579040100001, -18.908006932100001 ], [ 26.970310778, -18.9098516942 ], [ 26.9704007084, -18.911834243 ], [ 26.9698389926, -18.9137376774 ], [ 26.969030260499999, -18.914872292199998 ], [ 26.968736681399999, -18.917367714200001 ], [ 26.967770079499999, -18.9199948678 ], [ 26.964992301799999, -18.924161534500001 ], [ 26.964746506499999, -18.9244325204 ], [ 26.9651365442, -18.9256026334 ], [ 26.965331024699999, -18.926723718600002 ], [ 26.966572170500001, -18.9271334369 ], [ 26.973772696600001, -18.930733699899999 ], [ 26.978340946500001, -18.930951235599998 ], [ 26.979891300399998, -18.931232173400002 ], [ 26.9808980711, -18.9317093732 ], [ 26.983153276, -18.928577144199998 ], [ 26.982684877400001, -18.9270490629 ], [ 26.982657151400002, -18.925369246500001 ], [ 26.9830962409, -18.9237475953 ], [ 26.9886413539, -18.9108089984 ], [ 26.990768160799998, -18.8978118448 ], [ 26.982561736800001, -18.875507205200002 ], [ 26.9813034188, -18.874982906 ], [ 26.980669543699999, -18.874673897699999 ], [ 26.976225099200001, -18.872173897700002 ], [ 26.974610980600001, -18.870849021800002 ], [ 26.973548691600001, -18.869051185099998 ], [ 26.971350661, -18.8631897703 ], [ 26.971033333299999, -18.862766666700001 ], [ 26.970688375799998, -18.862253641199999 ], [ 26.969021709100002, -18.8594758634 ], [ 26.9682996166, -18.8576449635 ], [ 26.968250118, -18.856573144399999 ], [ 26.9681740123, -18.8564262017 ], [ 26.966229567799999, -18.852259535 ], [ 26.9660566815, -18.8518501476 ], [ 26.963971749399999, -18.846353508499998 ], [ 26.962693378200001, -18.8476318797 ], [ 26.961020768600001, -18.8484841169 ], [ 26.9609316214, -18.848498236400001 ], [ 26.959064585299998, -18.849698473899998 ], [ 26.958510265400001, -18.850252793700001 ], [ 26.956076654299999, -18.852929765900001 ], [ 26.955922118699998, -18.853238837100001 ], [ 26.954460303800001, -18.855111095200002 ], [ 26.952515859399998, -18.8567777618 ], [ 26.950818745599999, -18.8578013216 ], [ 26.948880762400002, -18.858216159800001 ], [ 26.9469133582, -18.857977014599999 ], [ 26.945131191600002, -18.8571099784 ], [ 26.9437287103, -18.855709651400002 ], [ 26.943103948800001, -18.854834985299998 ], [ 26.942300944100001, -18.8543761255 ], [ 26.941893024100001, -18.854062608 ] ], [ [ 27.019090188900002, -18.879728665599998 ], [ 27.019521841500001, -18.880414231500001 ], [ 27.019946864800001, -18.881218754399999 ], [ 27.028216163, -18.900238140399999 ], [ 27.028757309100001, -18.9013204325 ], [ 27.028773407300001, -18.901326469400001 ], [ 27.030353785300001, -18.902211035899999 ], [ 27.031525036, -18.9034494918 ], [ 27.0318553195, -18.903490777199998 ], [ 27.033895153100001, -18.9041294552 ], [ 27.0396438328, -18.9071406684 ], [ 27.047147312, -18.9107713842 ], [ 27.0568490679, -18.911517673100001 ], [ 27.058696549, -18.911961525 ], [ 27.058982239300001, -18.912138177300001 ], [ 27.065058112799999, -18.905628312699999 ], [ 27.0655536457, -18.905154762799999 ], [ 27.072573371600001, -18.899174996300001 ], [ 27.074966478299999, -18.896063957700001 ], [ 27.076368995900001, -18.894746694799998 ], [ 27.076655344500001, -18.8946146806 ], [ 27.0760327317, -18.891025501200001 ], [ 27.076028585900001, -18.888998692 ], [ 27.0766995008, -18.887086142400001 ], [ 27.080642104199999, -18.879989456200001 ], [ 27.0800470778, -18.8798587665 ], [ 27.072846566399999, -18.877458596 ], [ 27.069606740600001, -18.8786735306 ], [ 27.068435775400001, -18.878982133299999 ], [ 27.057880219899999, -18.8806488 ], [ 27.056026921400001, -18.880651653200001 ], [ 27.054261162900001, -18.880088785400002 ], [ 27.052594496200001, -18.879255452 ], [ 27.051035137100001, -18.878131529600001 ], [ 27.0508986239, -18.8779950164 ], [ 27.048826750100002, -18.8761821268 ], [ 27.047689590099999, -18.874846343800002 ], [ 27.0469873923, -18.873238747 ], [ 27.046780183900001, -18.8714967614 ], [ 27.047085678, -18.8697693001 ], [ 27.047379338799999, -18.868888317700002 ], [ 27.047652425399999, -18.867236049 ], [ 27.048575761599999, -18.865510779499999 ], [ 27.049230879100001, -18.864898266099999 ], [ 27.049207352, -18.8648635158 ], [ 27.048374018699999, -18.862919071299999 ], [ 27.0479245627, -18.8612088651 ], [ 27.047993144300001, -18.8594419149 ], [ 27.048231767299999, -18.858178616499998 ], [ 27.046839161699999, -18.8595914283 ], [ 27.019539716699999, -18.8792470287 ], [ 27.019090188900002, -18.879728665599998 ] ], [ [ 27.068236367299999, -18.919810141100001 ], [ 27.074889914900002, -18.9255615129 ], [ 27.077153991, -18.9247273796 ], [ 27.082718651, -18.922176910400001 ], [ 27.083004747899999, -18.921908152699999 ], [ 27.082186577200002, -18.921213312100001 ], [ 27.0812633281, -18.9198306571 ], [ 27.080754953900001, -18.9182477234 ], [ 27.0792014972, -18.909292502300001 ], [ 27.0735965559, -18.914067081799999 ], [ 27.068236367299999, -18.919810141100001 ] ], [ [ 27.086775257500001, -18.9335180112 ], [ 27.088265898100001, -18.934664657900001 ], [ 27.0914932164, -18.931695525 ], [ 27.092007373600001, -18.931272681100001 ], [ 27.0980523062, -18.926839730499999 ], [ 27.095944126399999, -18.926217315599999 ], [ 27.090219163899999, -18.931595310700001 ], [ 27.0886110394, -18.932676611200002 ], [ 27.086775257500001, -18.9335180112 ] ], [ [ 27.1673333333, -18.919776652199999 ], [ 27.1673333333, -18.918333333300001 ], [ 27.167587346400001, -18.916606013300001 ], [ 27.1683278782, -18.915024947300001 ], [ 27.168664053299999, -18.9146493346 ], [ 27.1682573593, -18.914242640699999 ], [ 27.1670583957, -18.9125276358 ], [ 27.1665213058, -18.9105051893 ], [ 27.166551155299999, -18.9101779961 ], [ 27.1652673609, -18.9096756418 ], [ 27.1571932019, -18.908112901300001 ], [ 27.156504679, -18.907936767100001 ], [ 27.151875062199998, -18.906455289699998 ], [ 27.151450788599998, -18.907736392499999 ], [ 27.150372001400001, -18.909224312199999 ], [ 27.1488934377, -18.910315887399999 ], [ 27.147153823099998, -18.9109087014 ], [ 27.144968758099999, -18.9112943011 ], [ 27.144266378, -18.9119966811 ], [ 27.143874600299998, -18.912519051499999 ], [ 27.143200513099998, -18.913642530099999 ], [ 27.141860498100002, -18.915194780899999 ], [ 27.140076031700001, -18.916205128600001 ], [ 27.1394168494, -18.916319455699998 ], [ 27.140518682300002, -18.9164478155 ], [ 27.142243580700001, -18.917247682799999 ], [ 27.143631606300001, -18.918547085299998 ], [ 27.1445433759, -18.920215539099999 ], [ 27.144887331, -18.922085500800002 ], [ 27.1446289322, -18.923969191899999 ], [ 27.1432997038, -18.928336656599999 ], [ 27.144286747799999, -18.927710726299999 ], [ 27.146668112899999, -18.926835727299999 ], [ 27.1592004309, -18.925081202800001 ], [ 27.166394021, -18.920285476 ], [ 27.1673333333, -18.919776652199999 ] ], [ [ 27.128170554899999, -18.9193459024 ], [ 27.129803808799998, -18.917827666400001 ], [ 27.131305797300001, -18.9168067224 ], [ 27.133044447, -18.9162819429 ], [ 27.134860463799999, -18.916301407900001 ], [ 27.136420129499999, -18.916808886599998 ], [ 27.1367675481, -18.9166097439 ], [ 27.137361351, -18.916487978799999 ], [ 27.135880411199999, -18.916247655300001 ], [ 27.135047077799999, -18.915969877599998 ], [ 27.133921218299999, -18.915460451200001 ], [ 27.133713737299999, -18.915339420599999 ], [ 27.128799764, -18.915953667299998 ], [ 27.1271355316, -18.915929043399998 ], [ 27.125718169100001, -18.915709107800001 ], [ 27.125647126200001, -18.9158038317 ], [ 27.122302816200001, -18.920334832399998 ], [ 27.1237056073, -18.9196334369 ], [ 27.125470833600001, -18.919070651399998 ], [ 27.127323600299999, -18.919073254299999 ], [ 27.128170554899999, -18.9193459024 ] ], [ [ 27.1104616362, -18.9161706766 ], [ 27.1093973666, -18.916525433099999 ], [ 27.109246969699999, -18.916573376599999 ], [ 27.1074801213, -18.917111113099999 ], [ 27.1093582371, -18.9176656044 ], [ 27.1104616362, -18.9161706766 ] ], [ [ 27.1105717433, -18.879852534899999 ], [ 27.110368946600001, -18.880456287200001 ], [ 27.1094301268, -18.881824254800001 ], [ 27.108152560099999, -18.8828828111 ], [ 27.106633934800001, -18.8835510141 ], [ 27.091911712600002, -18.8877176807 ], [ 27.089960180799999, -18.887926430699999 ], [ 27.088218256400001, -18.8910618946 ], [ 27.088586474100001, -18.8931845615 ], [ 27.100228890699999, -18.896444438100001 ], [ 27.100819401799999, -18.896643382499999 ], [ 27.113528203800001, -18.90167395 ], [ 27.115642670500002, -18.902002056899999 ], [ 27.1166029605, -18.901768472899999 ], [ 27.116239257499998, -18.900451811100002 ], [ 27.116513555099999, -18.898153078299998 ], [ 27.1191871652, -18.889889192599998 ], [ 27.1186920327, -18.884690301799999 ], [ 27.118414339400001, -18.8843960791 ], [ 27.117304753199999, -18.882736639600001 ], [ 27.1168009883, -18.880805023200001 ], [ 27.1168838892, -18.879759709199998 ], [ 27.1105717433, -18.879852534899999 ] ], [ [ 27.1549401573, -18.887598690200001 ], [ 27.155126341199999, -18.8884947 ], [ 27.157832268300002, -18.8869049678 ], [ 27.157444147100001, -18.886872624399999 ], [ 27.155467169200001, -18.887184778799998 ], [ 27.1553537518, -18.8872981962 ], [ 27.1549401573, -18.887598690200001 ] ], [ [ 27.1639890959, -18.897205536200001 ], [ 27.1680845759, -18.897998209800001 ], [ 27.169130840499999, -18.8983014322 ], [ 27.173054686899999, -18.8998368504 ], [ 27.170705654100001, -18.893259558299999 ], [ 27.1639890959, -18.897205536200001 ] ], [ [ 27.239535881599998, -18.929899735700001 ], [ 27.238695071199999, -18.929118983199999 ], [ 27.237785476, -18.928050423399998 ], [ 27.237708070299998, -18.927934314800002 ], [ 27.237518638600001, -18.927858542100001 ], [ 27.2367244064, -18.927966846499999 ], [ 27.239535881599998, -18.929899735700001 ] ], [ [ 27.1909628033, -18.9034009698 ], [ 27.1914530785, -18.901685006600001 ], [ 27.191816833400001, -18.901008686899999 ], [ 27.191647037799999, -18.899989912799999 ], [ 27.1884518986, -18.8895709807 ], [ 27.181086850100002, -18.886648342400001 ], [ 27.186412090200001, -18.901559014499998 ], [ 27.1909628033, -18.9034009698 ] ], [ [ 27.221189932200001, -18.892463321600001 ], [ 27.221427382400002, -18.8932943975 ], [ 27.2232276893, -18.8966699729 ], [ 27.223459997799999, -18.896222136399999 ], [ 27.224657903299999, -18.894979731900001 ], [ 27.235769014500001, -18.886368620799999 ], [ 27.236375541299999, -18.8859553538 ], [ 27.248042208, -18.879010909400002 ], [ 27.250198768, -18.8782364365 ], [ 27.2516512547, -18.878012977 ], [ 27.251852016200001, -18.876487189100001 ], [ 27.2511057404, -18.875047943 ], [ 27.246527779899999, -18.875786323700002 ], [ 27.2294320048, -18.8839396933 ], [ 27.223644311699999, -18.887195270700001 ], [ 27.223598632800002, -18.8875663249 ], [ 27.2230718954, -18.8889346405 ], [ 27.221189932200001, -18.892463321600001 ] ], [ [ 27.242561722600001, -18.915826510799999 ], [ 27.243883756700001, -18.916396587099999 ], [ 27.246383756699998, -18.9180632538 ], [ 27.2468549823, -18.918411811799999 ], [ 27.2499105379, -18.9209118118 ], [ 27.250205020599999, -18.921169223900002 ], [ 27.252409322199998, -18.923226572 ], [ 27.253102318, -18.922980670299999 ], [ 27.253833686899998, -18.922194902499999 ], [ 27.264063434, -18.9142982557 ], [ 27.265435461300001, -18.913002452099999 ], [ 27.2671504662, -18.910552445099999 ], [ 27.266789702400001, -18.902074497499999 ], [ 27.2651538802, -18.8846257274 ], [ 27.264889749, -18.882908874200002 ], [ 27.26407331, -18.884705039899998 ], [ 27.262807393799999, -18.886510719899999 ], [ 27.260974626900001, -18.887737092399998 ], [ 27.259030182499998, -18.888570425699999 ], [ 27.258314993399999, -18.888824699200001 ], [ 27.2578050479, -18.8889703979 ], [ 27.246601363900002, -18.8982349827 ], [ 27.24592711, -18.898718136300001 ], [ 27.237691287099999, -18.903796893799999 ], [ 27.2390604942, -18.906124545899999 ], [ 27.239750289, -18.9078844854 ], [ 27.241240675299998, -18.914697680100002 ], [ 27.242359281399999, -18.915592564899999 ], [ 27.242561722600001, -18.915826510799999 ] ], [ [ 27.2806219424, -18.905252124499999 ], [ 27.280475229, -18.906548092600001 ], [ 27.2812548504, -18.906102594699998 ], [ 27.2806219424, -18.905252124499999 ] ], [ [ 27.378241963800001, -18.916605560499999 ], [ 27.378014296300002, -18.918996069199999 ], [ 27.379220781800001, -18.921770985799998 ], [ 27.383513984899999, -18.924530902099999 ], [ 27.382704305200001, -18.9184583043 ], [ 27.3805117325, -18.9167042461 ], [ 27.378241963800001, -18.916605560499999 ] ], [ [ 27.393856707699999, -18.913219891099999 ], [ 27.394280700700001, -18.914484795500002 ], [ 27.394386083400001, -18.915275165499999 ], [ 27.395450756399999, -18.9140169155 ], [ 27.393856707699999, -18.913219891099999 ] ], [ [ 27.4374264259, -19.057736005799999 ], [ 27.4386468366, -19.056895369300001 ], [ 27.438749249400001, -19.055820034300002 ], [ 27.438941114799999, -19.054783025700001 ], [ 27.439669974099999, -19.0521591322 ], [ 27.4396463012, -19.052079236200001 ], [ 27.439585678, -19.051897366599999 ], [ 27.4395819223, -19.051874677299999 ], [ 27.4395714387, -19.051854102 ], [ 27.439562071899999, -19.051794962300001 ], [ 27.439354086200002, -19.051093010500001 ], [ 27.436196686799999, -19.0485230343 ], [ 27.435922118699999, -19.049072170500001 ], [ 27.4356679765, -19.0494247739 ], [ 27.435670647, -19.049673900399998 ], [ 27.435212745499999, -19.0513084249 ], [ 27.434950407100001, -19.0517296614 ], [ 27.4349576326, -19.0517585634 ], [ 27.435968777900001, -19.055196457499999 ], [ 27.436422410599999, -19.0557861799 ], [ 27.437324608699999, -19.057447523699999 ], [ 27.4374264259, -19.057736005799999 ] ], [ [ 27.4040982054, -19.037163552199999 ], [ 27.411053627400001, -19.0421869125 ], [ 27.413006897199999, -19.0433263199 ], [ 27.413470166700002, -19.043372646800002 ], [ 27.422468069400001, -19.041195734900001 ], [ 27.421014214300001, -19.0317456764 ], [ 27.420970639099998, -19.030273289099998 ], [ 27.421803972399999, -19.021384400199999 ], [ 27.422164519599999, -19.019825168 ], [ 27.422924418800001, -19.018416710499999 ], [ 27.4240296075, -19.017259231600001 ], [ 27.424246891599999, -19.0170854044 ], [ 27.424106968, -19.016758916099999 ], [ 27.4221164008, -19.014768348800001 ], [ 27.4184270656, -19.013160177100001 ], [ 27.412339892199999, -19.030841966499999 ], [ 27.4112605688, -19.0327484307 ], [ 27.409568783299999, -19.034140338099999 ], [ 27.4040982054, -19.037163552199999 ] ], [ [ 27.4048348267, -19.000146041 ], [ 27.405327487699999, -18.9997004877 ], [ 27.407029014199999, -18.998934565599999 ], [ 27.408883557100001, -18.998728411 ], [ 27.410676134799999, -18.998809891800001 ], [ 27.412432642500001, -18.9937076551 ], [ 27.412624924900001, -18.991784830499999 ], [ 27.4070985828, -18.986574279300001 ], [ 27.406778780500002, -18.987636108699999 ], [ 27.405656265099999, -18.989217760100001 ], [ 27.405625029300001, -18.9892404824 ], [ 27.4054425703, -18.996538842 ], [ 27.4053377159, -18.997515543700001 ], [ 27.4048348267, -19.000146041 ] ], [ [ 27.358018680200001, -18.997228053 ], [ 27.3574933481, -18.998154349699998 ], [ 27.356179472299999, -18.999386961500001 ], [ 27.354558914799998, -19.000173977700001 ], [ 27.3527777778, -19.000444444399999 ], [ 27.3495100198, -19.000444444399999 ], [ 27.3563950936, -19.004124397599998 ], [ 27.364645252300001, -18.994666898599998 ], [ 27.364980966600001, -18.994312284 ], [ 27.368777591699999, -18.990615570100001 ], [ 27.367973815799999, -18.987657675 ], [ 27.3676028346, -18.988288568600002 ], [ 27.362880612400001, -18.9946774575 ], [ 27.361464965100001, -18.996048309300001 ], [ 27.359681547499999, -18.996886589500001 ], [ 27.358261752699999, -18.997042632399999 ], [ 27.358018680200001, -18.997228053 ] ], [ [ 27.3596623177, -18.958218960500002 ], [ 27.359520418500001, -18.9584093074 ], [ 27.353850978899999, -18.9640787469 ], [ 27.3537194363, -18.964722613300001 ], [ 27.355501276199998, -18.964576532 ], [ 27.3574165669, -18.965063724899998 ], [ 27.359069680600001, -18.966146734900001 ], [ 27.3605562973, -18.967518996500001 ], [ 27.363452721400002, -18.967348618599999 ], [ 27.364174364899998, -18.965838465499999 ], [ 27.365165860400001, -18.964351222299999 ], [ 27.361812703199998, -18.959831749599999 ], [ 27.3596623177, -18.958218960500002 ] ], [ [ 27.377204452400001, -18.9758650188 ], [ 27.378979127099999, -18.982395821800001 ], [ 27.380750269300002, -18.982422062800001 ], [ 27.384780939, -18.9831230488 ], [ 27.386620895, -18.980363114700001 ], [ 27.386604527900001, -18.980348793499999 ], [ 27.3863129149, -18.980075974 ], [ 27.386227587600001, -18.979990646699999 ], [ 27.383263007299998, -18.977520163200001 ], [ 27.379213963600002, -18.9745958538 ], [ 27.377204452400001, -18.9758650188 ] ], [ [ 27.398262814799999, -18.965056327399999 ], [ 27.3985, -18.966111111099998 ], [ 27.3985, -18.969795153100002 ], [ 27.399373432899999, -18.970433431 ], [ 27.400082583900002, -18.9712267586 ], [ 27.4010448764, -18.970608142 ], [ 27.405062929100001, -18.96766157 ], [ 27.405737998300001, -18.967232626600001 ], [ 27.4087045795, -18.9656144914 ], [ 27.407632615899999, -18.965707297200002 ], [ 27.405805728099999, -18.9652844409 ], [ 27.4045698368, -18.9645414684 ], [ 27.398262814799999, -18.965056327399999 ] ], [ [ 27.2421342739, -18.864586816500001 ], [ 27.239857090099999, -18.862878928699999 ], [ 27.231204683600001, -18.8602166497 ], [ 27.228555664400002, -18.859936165400001 ], [ 27.228047857300002, -18.861105979 ], [ 27.2180478573, -18.876105979 ], [ 27.216805835, -18.877273744 ], [ 27.223725099199999, -18.873381657900001 ], [ 27.2240838315, -18.873195489 ], [ 27.2421342739, -18.864586816500001 ] ], [ [ 27.213594227400002, -18.879404188500001 ], [ 27.2114796412, -18.880632934499999 ], [ 27.211879553300001, -18.881195773799998 ], [ 27.212167453100001, -18.8815035288 ], [ 27.21321046, -18.879720146099999 ], [ 27.213594227400002, -18.879404188500001 ] ], [ [ 27.0865941791, -18.8689655658 ], [ 27.087434971499999, -18.864455861 ], [ 27.088074474799999, -18.8626668868 ], [ 27.093379832299998, -18.853008415400001 ], [ 27.093206674299999, -18.852358397100001 ], [ 27.093257318900001, -18.8506276245 ], [ 27.093800103500001, -18.848983385099999 ], [ 27.093821004599999, -18.848941583 ], [ 27.0934907772, -18.846299764 ], [ 27.093500903500001, -18.845960569199999 ], [ 27.093219299299999, -18.843848537900001 ], [ 27.093298031100002, -18.841806909700001 ], [ 27.094236830700002, -18.837394551599999 ], [ 27.091876011099998, -18.8309974921 ], [ 27.0907183504, -18.830402123700001 ], [ 27.087794960099998, -18.82907331 ], [ 27.087190803199999, -18.828756068699999 ], [ 27.081654735899999, -18.825434428200001 ], [ 27.072750938, -18.820183470500002 ], [ 27.0713433411, -18.820439948499999 ], [ 27.069659724699999, -18.820266254900002 ], [ 27.068091603599999, -18.8196292853 ], [ 27.066763762699999, -18.818579727 ], [ 27.064449580400002, -18.816146868699999 ], [ 27.064610902799998, -18.835505557299999 ], [ 27.064506855699999, -18.836669196199999 ], [ 27.060357873200001, -18.858634397900001 ], [ 27.0605191527, -18.858733512499999 ], [ 27.061681266400001, -18.8600388244 ], [ 27.062417926599998, -18.8616236523 ], [ 27.062666632700001, -18.863353534600002 ], [ 27.0624062837, -18.865081703 ], [ 27.0619131007, -18.866124296399999 ], [ 27.061787000599999, -18.867133097300002 ], [ 27.061583801400001, -18.867915360400001 ], [ 27.0659630912, -18.867223893599999 ], [ 27.069837703800001, -18.865770913799999 ], [ 27.0719444444, -18.8653888889 ], [ 27.0736111111, -18.8653888889 ], [ 27.075508477700001, -18.865696789099999 ], [ 27.083238788, -18.868273559199999 ], [ 27.0851070336, -18.868481142 ], [ 27.0865941791, -18.8689655658 ] ], [ [ 27.387449461599999, -18.8823333333 ], [ 27.386805368899999, -18.882183811800001 ], [ 27.3868156602, -18.8823175988 ], [ 27.386814710100001, -18.8823333333 ], [ 27.387449461599999, -18.8823333333 ] ], [ [ 27.392112835399999, -18.871096803099999 ], [ 27.3944619653, -18.871642136799998 ], [ 27.3947807795, -18.871183392100001 ], [ 27.396121212800001, -18.870108134599999 ], [ 27.397032539400001, -18.869734941499999 ], [ 27.395809914600001, -18.869307022800001 ], [ 27.392208699699999, -18.871029343 ], [ 27.392112835399999, -18.871096803099999 ] ], [ [ 27.411811094800001, -18.876575393 ], [ 27.412713980100001, -18.8767920855 ], [ 27.411830381800002, -18.873920391199999 ], [ 27.411319586099999, -18.874281685700002 ], [ 27.411811094800001, -18.876575393 ] ], [ [ 27.356032625200001, -18.867576088700002 ], [ 27.359019996699999, -18.8687092296 ], [ 27.3629095539, -18.8696816189 ], [ 27.363071796900002, -18.869596049799998 ], [ 27.363640336900001, -18.869499036099999 ], [ 27.3644577777, -18.869226555800001 ], [ 27.367254551599999, -18.867595104399999 ], [ 27.368905268399999, -18.8669368688 ], [ 27.369463898599999, -18.866890870799999 ], [ 27.369833333300001, -18.866685629300001 ], [ 27.369833333300001, -18.859674203899999 ], [ 27.365714467099998, -18.863000980399999 ], [ 27.364172788499999, -18.863904193500002 ], [ 27.363053878399999, -18.8643517575 ], [ 27.362637059200001, -18.8646852129 ], [ 27.361209279299999, -18.865533153600001 ], [ 27.359603760199999, -18.865957261 ], [ 27.358798559499999, -18.866053885100001 ], [ 27.356634484299999, -18.866919515199999 ], [ 27.356032625200001, -18.867576088700002 ] ], [ [ 27.247111111100001, -18.842745791900001 ], [ 27.2494938673, -18.8414328446 ], [ 27.251719746199999, -18.839032387 ], [ 27.251071267899999, -18.8373382206 ], [ 27.2510117, -18.836054706100001 ], [ 27.2507290221, -18.8359677282 ], [ 27.2505227029, -18.8359371624 ], [ 27.247111111100001, -18.840508695400001 ], [ 27.247111111100001, -18.842745791900001 ] ], [ [ 27.086895155899999, -18.814593570700001 ], [ 27.087263583599999, -18.81072508 ], [ 27.084489620199999, -18.808907655700001 ], [ 27.084118950699999, -18.808591308800001 ], [ 27.082468581, -18.8079227353 ], [ 27.081079692100001, -18.807089402 ], [ 27.079486415800002, -18.805698808799999 ], [ 27.078474566899999, -18.803841811 ], [ 27.077919011300001, -18.8021751444 ], [ 27.077611137600002, -18.800259949800001 ], [ 27.077930387199999, -18.7983466186 ], [ 27.078843391900001, -18.796635134100001 ], [ 27.0802547234, -18.795304382400001 ], [ 27.082016867899998, -18.7944934551 ], [ 27.0839456444, -18.794287111100001 ], [ 27.0855348963, -18.7946394051 ], [ 27.085131836599999, -18.7929982729 ], [ 27.084959725499999, -18.790932939600001 ], [ 27.0832589595, -18.7900124584 ], [ 27.081921228700001, -18.788559134700002 ], [ 27.0817206981, -18.788101875199999 ], [ 27.081166295799999, -18.787468272600002 ], [ 27.0707142298, -18.801453431399999 ], [ 27.069483175799999, -18.8040274534 ], [ 27.072960046399999, -18.807682625 ], [ 27.0742569415, -18.807682625 ], [ 27.076016614899999, -18.808244548 ], [ 27.0765721705, -18.8085223257 ], [ 27.076936799, -18.8087206935 ], [ 27.086895155899999, -18.814593570700001 ] ], [ [ 27.0593817978, -18.7929794888 ], [ 27.060687224199999, -18.794844383800001 ], [ 27.060749491599999, -18.7947414329 ], [ 27.0631588209, -18.791517682399999 ], [ 27.0615721705, -18.792311007599999 ], [ 27.060178059599998, -18.792804311200001 ], [ 27.0593817978, -18.7929794888 ] ], [ [ 27.101934783499999, -18.785404809100001 ], [ 27.1020903111, -18.784904760900002 ], [ 27.102683516100001, -18.784024659 ], [ 27.102727627099998, -18.7827121921 ], [ 27.1027307132, -18.7826967612 ], [ 27.100141429099999, -18.7794982337 ], [ 27.095527485, -18.775612807200002 ], [ 27.095342793499999, -18.775540049899998 ], [ 27.096356054800001, -18.777363920199999 ], [ 27.0968402518, -18.778495378500001 ], [ 27.0996137727, -18.787410267199999 ], [ 27.1002220835, -18.786570509400001 ], [ 27.1018124663, -18.7854414235 ], [ 27.101934783499999, -18.785404809100001 ] ], [ [ 27.101236627, -18.764964301 ], [ 27.1083102582, -18.767750883 ], [ 27.110550751600002, -18.769297296600001 ], [ 27.1143024311, -18.773424144 ], [ 27.1188223453, -18.766644272600001 ], [ 27.118108748699999, -18.764325083500001 ], [ 27.116930095400001, -18.763781089599998 ], [ 27.115605494299999, -18.762944457 ], [ 27.114542637300001, -18.761793432499999 ], [ 27.111209303900001, -18.757071210300001 ], [ 27.110464174400001, -18.755638943899999 ], [ 27.110127915300001, -18.754059850800001 ], [ 27.109542858699999, -18.746259097199999 ], [ 27.099804229299998, -18.741124183499998 ], [ 27.099427262100001, -18.741295532199999 ], [ 27.0983629282, -18.741565553499999 ], [ 27.097866563099998, -18.743238837100002 ], [ 27.096494446299999, -18.745983070899999 ], [ 27.0962287909, -18.747045692299999 ], [ 27.095708933200001, -18.754843558499999 ], [ 27.095678097499999, -18.755170770700001 ], [ 27.095032430700002, -18.7604652381 ], [ 27.096666669699999, -18.7617852003 ], [ 27.101236627, -18.764964301 ] ], [ [ 27.309200974399999, -18.800332482599998 ], [ 27.310065585699999, -18.800505404799999 ], [ 27.311848324, -18.801169526500001 ], [ 27.312901634900001, -18.8020126513 ], [ 27.313327116699998, -18.800128374500002 ], [ 27.312486718, -18.7953260964 ], [ 27.3118649486, -18.796024460600002 ], [ 27.311799933500001, -18.7960627641 ], [ 27.309200974399999, -18.800332482599998 ] ], [ [ 27.142524355799999, -18.766358031799999 ], [ 27.144326811700001, -18.762652983500001 ], [ 27.144902656900001, -18.761737854700002 ], [ 27.139269500299999, -18.7615952431 ], [ 27.1337199528, -18.764696460900002 ], [ 27.1331368496, -18.7678452183 ], [ 27.134062306699999, -18.7691232305 ], [ 27.135403000299998, -18.768449112 ], [ 27.141514111399999, -18.766504667500001 ], [ 27.142524355799999, -18.766358031799999 ] ], [ [ 27.233269094800001, -18.7657161154 ], [ 27.232285276100001, -18.76210878 ], [ 27.231042692500001, -18.764096913700001 ], [ 27.233269094800001, -18.7657161154 ] ], [ [ 27.2793400752, -18.774699204099999 ], [ 27.292325571, -18.7588777954 ], [ 27.286611265600001, -18.743792029 ], [ 27.286223639500001, -18.741536262699999 ], [ 27.286453761299999, -18.730950657499999 ], [ 27.286224625199999, -18.730666728 ], [ 27.286167184100002, -18.731980021199998 ], [ 27.2855732648, -18.733654293699999 ], [ 27.2697399314, -18.763376515899999 ], [ 27.2695724101, -18.763670674899998 ], [ 27.265886498099999, -18.769738253 ], [ 27.2670146673, -18.770834393099999 ], [ 27.2678843367, -18.772459385299999 ], [ 27.267953278699999, -18.772831909 ], [ 27.270928668300002, -18.774454848800001 ], [ 27.272281720399999, -18.775463169399998 ], [ 27.273300499200001, -18.776808364600001 ], [ 27.274689388100001, -18.779308364599999 ], [ 27.2749539289, -18.780043244400002 ], [ 27.2766871637, -18.777931487099998 ], [ 27.277133436900002, -18.777038940600001 ], [ 27.2782573593, -18.775479581500001 ], [ 27.2793400752, -18.774699204099999 ] ], [ [ 27.298418716699999, -18.728502913700002 ], [ 27.298498582699999, -18.729019292899999 ], [ 27.2982461428, -18.740631529 ], [ 27.303625673399999, -18.754833489700001 ], [ 27.310654152600002, -18.747805010499999 ], [ 27.3129676129, -18.7356289037 ], [ 27.298418716699999, -18.728502913700002 ] ], [ [ 27.097335707300001, -18.908170329600001 ], [ 27.096692903699999, -18.9079158865 ], [ 27.0908585239, -18.906282260200001 ], [ 27.091941174799999, -18.912523424100002 ], [ 27.092666144700001, -18.912737462799999 ], [ 27.0968684704, -18.908535137099999 ], [ 27.097335707300001, -18.908170329600001 ] ] ] ] } }
]
}
